corruption,target,seed,resolved,exact,nearest_correct,margin,final_overlap
phase_wipe,0,40,True,1,1,0.4346032083426365,0.9999693941602574
phase_wipe,0,41,True,1,1,0.4346032083426365,0.9999693941602574
phase_wipe,0,42,True,1,1,0.4346032083426365,0.9999693941602574
phase_wipe,0,43,True,1,1,0.4346032083426365,0.9999693941602574
phase_wipe,0,44,True,1,1,0.4346032083426365,0.9999693941602574
phase_wipe,0,45,True,1,1,0.4346032083426365,0.9999693941602574
phase_wipe,0,46,True,1,1,0.4346032083426365,0.9999693941602574
phase_wipe,0,47,True,1,1,0.4346032083426365,0.9999693941602574
phase_wipe,0,48,True,1,1,0.4346032083426365,0.9999693941602574
phase_wipe,0,49,True,1,1,0.4346032083426365,0.9999693941602574
phase_wipe,0,50,True,1,1,0.4346032083426365,0.9999693941602574
phase_wipe,0,51,True,1,1,0.4346032083426365,0.9999693941602574
phase_wipe,0,52,True,1,1,0.4346032083426365,0.9999693941602574
phase_wipe,0,53,True,1,1,0.4346032083426365,0.9999693941602574
phase_wipe,0,54,True,1,1,0.4346032083426365,0.9999693941602574
phase_wipe,0,55,True,1,1,0.4346032083426365,0.9999693941602574
phase_wipe,0,56,True,1,1,0.4346032083426365,0.9999693941602574
phase_wipe,0,57,True,1,1,0.4346032083426365,0.9999693941602574
phase_wipe,0,58,True,1,1,0.4346032083426365,0.9999693941602574
phase_wipe,0,59,True,1,1,0.4346032083426365,0.9999693941602574
phase_wipe,1,40,True,1,1,0.009673436184057709,0.9999686476599116
phase_wipe,1,41,True,1,1,0.009673436184057709,0.9999686476599116
phase_wipe,1,42,True,1,1,0.009673436184057709,0.9999686476599116
phase_wipe,1,43,True,1,1,0.009673436184057709,0.9999686476599116
phase_wipe,1,44,True,1,1,0.009673436184057709,0.9999686476599116
phase_wipe,1,45,True,1,1,0.009673436184057709,0.9999686476599116
phase_wipe,1,46,True,1,1,0.009673436184057709,0.9999686476599116
phase_wipe,1,47,True,1,1,0.009673436184057709,0.9999686476599116
phase_wipe,1,48,True,1,1,0.009673436184057709,0.9999686476599116
phase_wipe,1,49,True,1,1,0.009673436184057709,0.9999686476599116
phase_wipe,1,50,True,1,1,0.009673436184057709,0.9999686476599116
phase_wipe,1,51,True,1,1,0.009673436184057709,0.9999686476599116
phase_wipe,1,52,True,1,1,0.009673436184057709,0.9999686476599116
phase_wipe,1,53,True,1,1,0.009673436184057709,0.9999686476599116
phase_wipe,1,54,True,1,1,0.009673436184057709,0.9999686476599116
phase_wipe,1,55,True,1,1,0.009673436184057709,0.9999686476599116
phase_wipe,1,56,True,1,1,0.009673436184057709,0.9999686476599116
phase_wipe,1,57,True,1,1,0.009673436184057709,0.9999686476599116
phase_wipe,1,58,True,1,1,0.009673436184057709,0.9999686476599116
phase_wipe,1,59,True,1,1,0.009673436184057709,0.9999686476599116
phase_wipe,2,40,True,1,1,0.510654641056475,0.9999697672847566
phase_wipe,2,41,True,1,1,0.510654641056475,0.9999697672847566
phase_wipe,2,42,True,1,1,0.510654641056475,0.9999697672847566
phase_wipe,2,43,True,1,1,0.510654641056475,0.9999697672847566
phase_wipe,2,44,True,1,1,0.510654641056475,0.9999697672847566
phase_wipe,2,45,True,1,1,0.510654641056475,0.9999697672847566
phase_wipe,2,46,True,1,1,0.510654641056475,0.9999697672847566
phase_wipe,2,47,True,1,1,0.510654641056475,0.9999697672847566
phase_wipe,2,48,True,1,1,0.510654641056475,0.9999697672847566
phase_wipe,2,49,True,1,1,0.510654641056475,0.9999697672847566
phase_wipe,2,50,True,1,1,0.510654641056475,0.9999697672847566
phase_wipe,2,51,True,1,1,0.510654641056475,0.9999697672847566
phase_wipe,2,52,True,1,1,0.510654641056475,0.9999697672847566
phase_wipe,2,53,True,1,1,0.510654641056475,0.9999697672847566
phase_wipe,2,54,True,1,1,0.510654641056475,0.9999697672847566
phase_wipe,2,55,True,1,1,0.510654641056475,0.9999697672847566
phase_wipe,2,56,True,1,1,0.510654641056475,0.9999697672847566
phase_wipe,2,57,True,1,1,0.510654641056475,0.9999697672847566
phase_wipe,2,58,True,1,1,0.510654641056475,0.9999697672847566
phase_wipe,2,59,True,1,1,0.510654641056475,0.9999697672847566
phase_wipe,3,40,True,1,1,0.43013154255671676,0.9999697125311827
phase_wipe,3,41,True,1,1,0.43013154255671676,0.9999697125311827
phase_wipe,3,42,True,1,1,0.43013154255671676,0.9999697125311827
phase_wipe,3,43,True,1,1,0.43013154255671676,0.9999697125311827
phase_wipe,3,44,True,1,1,0.43013154255671676,0.9999697125311827
phase_wipe,3,45,True,1,1,0.43013154255671676,0.9999697125311827
phase_wipe,3,46,True,1,1,0.43013154255671676,0.9999697125311827
phase_wipe,3,47,True,1,1,0.43013154255671676,0.9999697125311827
phase_wipe,3,48,True,1,1,0.43013154255671676,0.9999697125311827
phase_wipe,3,49,True,1,1,0.43013154255671676,0.9999697125311827
phase_wipe,3,50,True,1,1,0.43013154255671676,0.9999697125311827
phase_wipe,3,51,True,1,1,0.43013154255671676,0.9999697125311827
phase_wipe,3,52,True,1,1,0.43013154255671676,0.9999697125311827
phase_wipe,3,53,True,1,1,0.43013154255671676,0.9999697125311827
phase_wipe,3,54,True,1,1,0.43013154255671676,0.9999697125311827
phase_wipe,3,55,True,1,1,0.43013154255671676,0.9999697125311827
phase_wipe,3,56,True,1,1,0.43013154255671676,0.9999697125311827
phase_wipe,3,57,True,1,1,0.43013154255671676,0.9999697125311827
phase_wipe,3,58,True,1,1,0.43013154255671676,0.9999697125311827
phase_wipe,3,59,True,1,1,0.43013154255671676,0.9999697125311827
phase_wipe,4,40,True,1,1,0.41241699474113536,0.9999417845089326
phase_wipe,4,41,True,1,1,0.41241699474113536,0.9999417845089326
phase_wipe,4,42,True,1,1,0.41241699474113536,0.9999417845089326
phase_wipe,4,43,True,1,1,0.41241699474113536,0.9999417845089326
phase_wipe,4,44,True,1,1,0.41241699474113536,0.9999417845089326
phase_wipe,4,45,True,1,1,0.41241699474113536,0.9999417845089326
phase_wipe,4,46,True,1,1,0.41241699474113536,0.9999417845089326
phase_wipe,4,47,True,1,1,0.41241699474113536,0.9999417845089326
phase_wipe,4,48,True,1,1,0.41241699474113536,0.9999417845089326
phase_wipe,4,49,True,1,1,0.41241699474113536,0.9999417845089326
phase_wipe,4,50,True,1,1,0.41241699474113536,0.9999417845089326
phase_wipe,4,51,True,1,1,0.41241699474113536,0.9999417845089326
phase_wipe,4,52,True,1,1,0.41241699474113536,0.9999417845089326
phase_wipe,4,53,True,1,1,0.41241699474113536,0.9999417845089326
phase_wipe,4,54,True,1,1,0.41241699474113536,0.9999417845089326
phase_wipe,4,55,True,1,1,0.41241699474113536,0.9999417845089326
phase_wipe,4,56,True,1,1,0.41241699474113536,0.9999417845089326
phase_wipe,4,57,True,1,1,0.41241699474113536,0.9999417845089326
phase_wipe,4,58,True,1,1,0.41241699474113536,0.9999417845089326
phase_wipe,4,59,True,1,1,0.41241699474113536,0.9999417845089326
phase_wipe,5,40,True,1,1,0.009673436184057709,0.9999402329001914
phase_wipe,5,41,True,1,1,0.009673436184057709,0.9999402329001914
phase_wipe,5,42,True,1,1,0.009673436184057709,0.9999402329001914
phase_wipe,5,43,True,1,1,0.009673436184057709,0.9999402329001914
phase_wipe,5,44,True,1,1,0.009673436184057709,0.9999402329001914
phase_wipe,5,45,True,1,1,0.009673436184057709,0.9999402329001914
phase_wipe,5,46,True,1,1,0.009673436184057709,0.9999402329001914
phase_wipe,5,47,True,1,1,0.009673436184057709,0.9999402329001914
phase_wipe,5,48,True,1,1,0.009673436184057709,0.9999402329001914
phase_wipe,5,49,True,1,1,0.009673436184057709,0.9999402329001914
phase_wipe,5,50,True,1,1,0.009673436184057709,0.9999402329001914
phase_wipe,5,51,True,1,1,0.009673436184057709,0.9999402329001914
phase_wipe,5,52,True,1,1,0.009673436184057709,0.9999402329001914
phase_wipe,5,53,True,1,1,0.009673436184057709,0.9999402329001914
phase_wipe,5,54,True,1,1,0.009673436184057709,0.9999402329001914
phase_wipe,5,55,True,1,1,0.009673436184057709,0.9999402329001914
phase_wipe,5,56,True,1,1,0.009673436184057709,0.9999402329001914
phase_wipe,5,57,True,1,1,0.009673436184057709,0.9999402329001914
phase_wipe,5,58,True,1,1,0.009673436184057709,0.9999402329001914
phase_wipe,5,59,True,1,1,0.009673436184057709,0.9999402329001914
phase_wipe,6,40,True,1,1,0.29758660254850056,0.9999425587211912
phase_wipe,6,41,True,1,1,0.29758660254850056,0.9999425587211912
phase_wipe,6,42,True,1,1,0.29758660254850056,0.9999425587211912
phase_wipe,6,43,True,1,1,0.29758660254850056,0.9999425587211912
phase_wipe,6,44,True,1,1,0.29758660254850056,0.9999425587211912
phase_wipe,6,45,True,1,1,0.29758660254850056,0.9999425587211912
phase_wipe,6,46,True,1,1,0.29758660254850056,0.9999425587211912
phase_wipe,6,47,True,1,1,0.29758660254850056,0.9999425587211912
phase_wipe,6,48,True,1,1,0.29758660254850056,0.9999425587211912
phase_wipe,6,49,True,1,1,0.29758660254850056,0.9999425587211912
phase_wipe,6,50,True,1,1,0.29758660254850056,0.9999425587211912
phase_wipe,6,51,True,1,1,0.29758660254850056,0.9999425587211912
phase_wipe,6,52,True,1,1,0.29758660254850056,0.9999425587211912
phase_wipe,6,53,True,1,1,0.29758660254850056,0.9999425587211912
phase_wipe,6,54,True,1,1,0.29758660254850056,0.9999425587211912
phase_wipe,6,55,True,1,1,0.29758660254850056,0.9999425587211912
phase_wipe,6,56,True,1,1,0.29758660254850056,0.9999425587211912
phase_wipe,6,57,True,1,1,0.29758660254850056,0.9999425587211912
phase_wipe,6,58,True,1,1,0.29758660254850056,0.9999425587211912
phase_wipe,6,59,True,1,1,0.29758660254850056,0.9999425587211912
phase_wipe,7,40,True,1,1,0.29758660254850056,0.9999424448557785
phase_wipe,7,41,True,1,1,0.29758660254850056,0.9999424448557785
phase_wipe,7,42,True,1,1,0.29758660254850056,0.9999424448557785
phase_wipe,7,43,True,1,1,0.29758660254850056,0.9999424448557785
phase_wipe,7,44,True,1,1,0.29758660254850056,0.9999424448557785
phase_wipe,7,45,True,1,1,0.29758660254850056,0.9999424448557785
phase_wipe,7,46,True,1,1,0.29758660254850056,0.9999424448557785
phase_wipe,7,47,True,1,1,0.29758660254850056,0.9999424448557785
phase_wipe,7,48,True,1,1,0.29758660254850056,0.9999424448557785
phase_wipe,7,49,True,1,1,0.29758660254850056,0.9999424448557785
phase_wipe,7,50,True,1,1,0.29758660254850056,0.9999424448557785
phase_wipe,7,51,True,1,1,0.29758660254850056,0.9999424448557785
phase_wipe,7,52,True,1,1,0.29758660254850056,0.9999424448557785
phase_wipe,7,53,True,1,1,0.29758660254850056,0.9999424448557785
phase_wipe,7,54,True,1,1,0.29758660254850056,0.9999424448557785
phase_wipe,7,55,True,1,1,0.29758660254850056,0.9999424448557785
phase_wipe,7,56,True,1,1,0.29758660254850056,0.9999424448557785
phase_wipe,7,57,True,1,1,0.29758660254850056,0.9999424448557785
phase_wipe,7,58,True,1,1,0.29758660254850056,0.9999424448557785
phase_wipe,7,59,True,1,1,0.29758660254850056,0.9999424448557785
phase_wipe,8,40,True,1,1,0.41241699474113536,0.9999137048393555
phase_wipe,8,41,True,1,1,0.41241699474113536,0.9999137048393555
phase_wipe,8,42,True,1,1,0.41241699474113536,0.9999137048393555
phase_wipe,8,43,True,1,1,0.41241699474113536,0.9999137048393555
phase_wipe,8,44,True,1,1,0.41241699474113536,0.9999137048393555
phase_wipe,8,45,True,1,1,0.41241699474113536,0.9999137048393555
phase_wipe,8,46,True,1,1,0.41241699474113536,0.9999137048393555
phase_wipe,8,47,True,1,1,0.41241699474113536,0.9999137048393555
phase_wipe,8,48,True,1,1,0.41241699474113536,0.9999137048393555
phase_wipe,8,49,True,1,1,0.41241699474113536,0.9999137048393555
phase_wipe,8,50,True,1,1,0.41241699474113536,0.9999137048393555
phase_wipe,8,51,True,1,1,0.41241699474113536,0.9999137048393555
phase_wipe,8,52,True,1,1,0.41241699474113536,0.9999137048393555
phase_wipe,8,53,True,1,1,0.41241699474113536,0.9999137048393555
phase_wipe,8,54,True,1,1,0.41241699474113536,0.9999137048393555
phase_wipe,8,55,True,1,1,0.41241699474113536,0.9999137048393555
phase_wipe,8,56,True,1,1,0.41241699474113536,0.9999137048393555
phase_wipe,8,57,True,1,1,0.41241699474113536,0.9999137048393555
phase_wipe,8,58,True,1,1,0.41241699474113536,0.9999137048393555
phase_wipe,8,59,True,1,1,0.41241699474113536,0.9999137048393555
phase_wipe,9,40,True,1,1,0.014459693651759154,0.9999112171099527
phase_wipe,9,41,True,1,1,0.014459693651759154,0.9999112171099527
phase_wipe,9,42,True,1,1,0.014459693651759154,0.9999112171099527
phase_wipe,9,43,True,1,1,0.014459693651759154,0.9999112171099527
phase_wipe,9,44,True,1,1,0.014459693651759154,0.9999112171099527
phase_wipe,9,45,True,1,1,0.014459693651759154,0.9999112171099527
phase_wipe,9,46,True,1,1,0.014459693651759154,0.9999112171099527
phase_wipe,9,47,True,1,1,0.014459693651759154,0.9999112171099527
phase_wipe,9,48,True,1,1,0.014459693651759154,0.9999112171099527
phase_wipe,9,49,True,1,1,0.014459693651759154,0.9999112171099527
phase_wipe,9,50,True,1,1,0.014459693651759154,0.9999112171099527
phase_wipe,9,51,True,1,1,0.014459693651759154,0.9999112171099527
phase_wipe,9,52,True,1,1,0.014459693651759154,0.9999112171099527
phase_wipe,9,53,True,1,1,0.014459693651759154,0.9999112171099527
phase_wipe,9,54,True,1,1,0.014459693651759154,0.9999112171099527
phase_wipe,9,55,True,1,1,0.014459693651759154,0.9999112171099527
phase_wipe,9,56,True,1,1,0.014459693651759154,0.9999112171099527
phase_wipe,9,57,True,1,1,0.014459693651759154,0.9999112171099527
phase_wipe,9,58,True,1,1,0.014459693651759154,0.9999112171099527
phase_wipe,9,59,True,1,1,0.014459693651759154,0.9999112171099527
phase_wipe,10,40,True,1,1,0.5023103128179929,0.9999149439757861
phase_wipe,10,41,True,1,1,0.5023103128179929,0.9999149439757861
phase_wipe,10,42,True,1,1,0.5023103128179929,0.9999149439757861
phase_wipe,10,43,True,1,1,0.5023103128179929,0.9999149439757861
phase_wipe,10,44,True,1,1,0.5023103128179929,0.9999149439757861
phase_wipe,10,45,True,1,1,0.5023103128179929,0.9999149439757861
phase_wipe,10,46,True,1,1,0.5023103128179929,0.9999149439757861
phase_wipe,10,47,True,1,1,0.5023103128179929,0.9999149439757861
phase_wipe,10,48,True,1,1,0.5023103128179929,0.9999149439757861
phase_wipe,10,49,True,1,1,0.5023103128179929,0.9999149439757861
phase_wipe,10,50,True,1,1,0.5023103128179929,0.9999149439757861
phase_wipe,10,51,True,1,1,0.5023103128179929,0.9999149439757861
phase_wipe,10,52,True,1,1,0.5023103128179929,0.9999149439757861
phase_wipe,10,53,True,1,1,0.5023103128179929,0.9999149439757861
phase_wipe,10,54,True,1,1,0.5023103128179929,0.9999149439757861
phase_wipe,10,55,True,1,1,0.5023103128179929,0.9999149439757861
phase_wipe,10,56,True,1,1,0.5023103128179929,0.9999149439757861
phase_wipe,10,57,True,1,1,0.5023103128179929,0.9999149439757861
phase_wipe,10,58,True,1,1,0.5023103128179929,0.9999149439757861
phase_wipe,10,59,True,1,1,0.5023103128179929,0.9999149439757861
phase_wipe,11,40,True,1,1,0.3441067999692287,0.9999147611029336
phase_wipe,11,41,True,1,1,0.3441067999692287,0.9999147611029336
phase_wipe,11,42,True,1,1,0.3441067999692287,0.9999147611029336
phase_wipe,11,43,True,1,1,0.3441067999692287,0.9999147611029336
phase_wipe,11,44,True,1,1,0.3441067999692287,0.9999147611029336
phase_wipe,11,45,True,1,1,0.3441067999692287,0.9999147611029336
phase_wipe,11,46,True,1,1,0.3441067999692287,0.9999147611029336
phase_wipe,11,47,True,1,1,0.3441067999692287,0.9999147611029336
phase_wipe,11,48,True,1,1,0.3441067999692287,0.9999147611029336
phase_wipe,11,49,True,1,1,0.3441067999692287,0.9999147611029336
phase_wipe,11,50,True,1,1,0.3441067999692287,0.9999147611029336
phase_wipe,11,51,True,1,1,0.3441067999692287,0.9999147611029336
phase_wipe,11,52,True,1,1,0.3441067999692287,0.9999147611029336
phase_wipe,11,53,True,1,1,0.3441067999692287,0.9999147611029336
phase_wipe,11,54,True,1,1,0.3441067999692287,0.9999147611029336
phase_wipe,11,55,True,1,1,0.3441067999692287,0.9999147611029336
phase_wipe,11,56,True,1,1,0.3441067999692287,0.9999147611029336
phase_wipe,11,57,True,1,1,0.3441067999692287,0.9999147611029336
phase_wipe,11,58,True,1,1,0.3441067999692287,0.9999147611029336
phase_wipe,11,59,True,1,1,0.3441067999692287,0.9999147611029336
random_phase,0,40,True,1,1,0.43460320834263555,0.999833048148485
random_phase,0,41,True,1,1,0.43460320834263555,0.9998332522440035
random_phase,0,42,True,1,1,0.43460320834263577,0.9998330261013981
random_phase,0,43,True,1,1,0.43460320834263577,0.9998329873105727
random_phase,0,44,True,1,1,0.4346032083426352,0.9998330244231233
random_phase,0,45,True,1,1,0.43460320834263627,0.9998329865601271
random_phase,0,46,True,1,1,0.43460320834263483,0.9998333572664508
random_phase,0,47,True,1,1,0.4346032083426353,0.9998331894484583
random_phase,0,48,True,1,1,0.4346032083426354,0.9998330028393716
random_phase,0,49,True,1,1,0.4346032083426362,0.9998330240606809
random_phase,0,50,True,1,1,0.4346032083426354,0.9998329693948392
random_phase,0,51,True,1,1,0.43460320834263555,0.9998329654824697
random_phase,0,52,True,1,1,0.43460320834263616,0.999833210414429
random_phase,0,53,True,1,1,0.4346032083426348,0.9998329731231554
random_phase,0,54,True,1,1,0.4346032083426352,0.9998332342991285
random_phase,0,55,True,1,1,0.43460320834263483,0.9998330696965455
random_phase,0,56,True,1,1,0.43460320834263483,0.9998330279114545
random_phase,0,57,True,1,1,0.4346032083426349,0.9998333353454197
random_phase,0,58,True,1,1,0.4346032083426355,0.9998330488720928
random_phase,0,59,True,1,1,0.43460320834263566,0.9998333658091286
random_phase,1,40,True,1,1,0.009673436184056926,0.9998329805843552
random_phase,1,41,True,1,1,0.009673436184057046,0.9998332296151891
random_phase,1,42,False,0,1,0.009673436184053471,
random_phase,1,43,False,0,1,0.009673436184054892,
random_phase,1,44,True,1,1,0.00967343618405704,0.9998329975826663
random_phase,1,45,False,0,1,0.009673436184054302,
random_phase,1,46,True,1,1,0.009673436184056737,0.9998330888340417
random_phase,1,47,True,1,1,0.009673436184056926,0.9998330413130478
random_phase,1,48,True,1,1,0.009673436184056779,0.9998330154831622
random_phase,1,49,False,0,1,0.009673436184054945,
random_phase,1,50,True,1,1,0.009673436184056984,0.9998331401957307
random_phase,1,51,False,0,1,0.009673436184054796,
random_phase,1,52,True,1,1,0.009673436184056812,0.9998329706488465
random_phase,1,53,True,1,1,0.00967343618405693,0.9998330178382657
random_phase,1,54,True,1,1,0.009673436184056843,0.9998331579923506
random_phase,1,55,False,0,1,0.009673436184055088,
random_phase,1,56,True,1,1,0.00967343618405635,0.9998330525940231
random_phase,1,57,False,0,1,0.009673436184055036,
random_phase,1,58,False,0,1,0.009673436184054224,
random_phase,1,59,True,1,1,0.00967343618405684,0.9998330063330353
random_phase,2,40,True,1,1,0.5106546410564723,0.9998330750423278
random_phase,2,41,True,1,1,0.5106546410564736,0.9998330924446486
random_phase,2,42,True,1,1,0.5106546410564728,0.9998332353424911
random_phase,2,43,True,1,1,0.5106546410564723,0.9998329649876995
random_phase,2,44,True,1,1,0.5106546410564727,0.9998329823790157
random_phase,2,45,True,1,1,0.510654641056473,0.999833034299304
random_phase,2,46,True,1,1,0.5106546410564725,0.9998329864137429
random_phase,2,47,True,1,1,0.5106546410564727,0.9998332197080734
random_phase,2,48,True,1,1,0.5106546410564746,0.9998331271929318
random_phase,2,49,True,1,1,0.5106546410564731,0.999833011866035
random_phase,2,50,True,1,1,0.5106546410564711,0.9998331247796701
random_phase,2,51,True,1,1,0.5106546410564723,0.9998330748752008
random_phase,2,52,True,1,1,0.5106546410564733,0.9998329863680351
random_phase,2,53,True,1,1,0.5106546410564723,0.9998331574719931
random_phase,2,54,True,1,1,0.510654641056472,0.9998331623833864
random_phase,2,55,True,1,1,0.5106546410564728,0.9998330492133317
random_phase,2,56,True,1,1,0.5106546410564727,0.9998330779950182
random_phase,2,57,True,1,1,0.5106546410564746,0.9998330451705162
random_phase,2,58,True,1,1,0.510654641056473,0.9998333692036413
random_phase,2,59,True,1,1,0.5106546410564701,0.9998330300962599
random_phase,3,40,True,1,1,0.43013154255671526,0.9998330815396191
random_phase,3,41,True,1,1,0.43013154255671515,0.9998330499726754
random_phase,3,42,True,1,1,0.4301315425567152,0.9998329846092106
random_phase,3,43,True,1,1,0.4301315425567151,0.9998335831000054
random_phase,3,44,True,1,1,0.43013154255671476,0.9998330299313143
random_phase,3,45,True,1,1,0.43013154255671476,0.9998330899723634
random_phase,3,46,True,1,1,0.4301315425567152,0.9998330646224766
random_phase,3,47,True,1,1,0.43013154255671626,0.9998331524491303
random_phase,3,48,True,1,1,0.43013154255671615,0.9998330346871018
random_phase,3,49,True,1,1,0.43013154255671676,0.9998331056849675
random_phase,3,50,True,1,1,0.4301315425567151,0.9998332306201568
random_phase,3,51,True,1,1,0.4301315425567155,0.999833114228108
random_phase,3,52,True,1,1,0.4301315425567164,0.9998329974536261
random_phase,3,53,True,1,1,0.43013154255671515,0.999833062437204
random_phase,3,54,True,1,1,0.4301315425567164,0.9998330117284039
random_phase,3,55,True,1,1,0.4301315425567148,0.9998330897964645
random_phase,3,56,True,1,1,0.4301315425567143,0.9998329740643972
random_phase,3,57,True,1,1,0.4301315425567143,0.9998330372179791
random_phase,3,58,True,1,1,0.43013154255671526,0.9998330188988033
random_phase,3,59,True,1,1,0.43013154255671665,0.9998332296733797
random_phase,4,40,True,1,1,0.4124169947411311,0.9998331373347502
random_phase,4,41,True,1,1,0.4124169947411287,0.9998330617870956
random_phase,4,42,True,1,1,0.4124169947411329,0.9998330742888439
random_phase,4,43,True,1,1,0.41241699474113347,0.9998330322372904
random_phase,4,44,True,1,1,0.4124169947411323,0.9998330226189139
random_phase,4,45,True,1,1,0.41241699474113,0.9998330004460693
random_phase,4,46,True,1,1,0.4124169947411334,0.9998331023491349
random_phase,4,47,True,1,1,0.4124169947411352,0.9998331011824279
random_phase,4,48,True,1,1,0.412416994741135,0.9998329704119502
random_phase,4,49,True,1,1,0.412416994741135,0.999833198913458
random_phase,4,50,True,1,1,0.4124169947411349,0.9998329966014855
random_phase,4,51,True,1,1,0.41241699474112925,0.9998333686856657
random_phase,4,52,True,1,1,0.41241699474113497,0.9998330170395192
random_phase,4,53,True,1,1,0.412416994741135,0.9998329917316773
random_phase,4,54,True,1,1,0.41241699474113364,0.9998330050890938
random_phase,4,55,True,1,1,0.4124169947411332,0.9998329811095416
random_phase,4,56,True,1,1,0.412416994741131,0.9998330100631105
random_phase,4,57,True,1,1,0.412416994741135,0.9998332416293945
random_phase,4,58,True,1,1,0.41241699474113364,0.9998330771959
random_phase,4,59,True,1,1,0.4124169947411299,0.9998329737180902
random_phase,5,40,True,1,1,0.009673436184057381,0.9998329705897113
random_phase,5,41,True,1,1,0.009673436184055832,0.9998329790351466
random_phase,5,42,True,1,1,0.009673436184055806,0.999833059206408
random_phase,5,43,True,1,1,0.009673436184055808,0.9998330471568266
random_phase,5,44,False,0,1,0.009673436184053722,
random_phase,5,45,True,1,1,0.009673436184057384,0.9998329903486041
random_phase,5,46,True,1,1,0.009673436184056429,0.9998330133777931
random_phase,5,47,True,1,1,0.009673436184057221,0.9998329832614256
random_phase,5,48,True,1,1,0.009673436184055768,0.9998330828448088
random_phase,5,49,False,0,1,0.00967343618405537,
random_phase,5,50,True,1,1,0.009673436184056429,0.9998332082465362
random_phase,5,51,True,1,1,0.009673436184057263,0.9998330646262293
random_phase,5,52,True,1,1,0.009673436184057421,0.999833124817491
random_phase,5,53,True,1,1,0.009673436184056352,0.9998331370094459
random_phase,5,54,False,0,1,0.009673436184053766,
random_phase,5,55,True,1,1,0.009673436184057384,0.9998330767553751
random_phase,5,56,True,1,1,0.009673436184057351,0.9998330977061126
random_phase,5,57,True,1,1,0.009673436184057421,0.9998333305788469
random_phase,5,58,True,1,1,0.009673436184056429,0.9998330326110754
random_phase,5,59,True,1,1,0.009673436184057421,0.9998334626957942
random_phase,6,40,True,1,1,0.29758660254849884,0.9998330104207445
random_phase,6,41,True,1,1,0.29758660254849917,0.9998332472533303
random_phase,6,42,True,1,1,0.2975866025484993,0.9998334142205252
random_phase,6,43,True,1,1,0.2975866025484974,0.9998331268359704
random_phase,6,44,True,1,1,0.2975866025485002,0.9998330932614848
random_phase,6,45,True,1,1,0.2975866025484996,0.9998330974353006
random_phase,6,46,True,1,1,0.29758660254849917,0.9998329922376143
random_phase,6,47,True,1,1,0.29758660254849906,0.9998329783169181
random_phase,6,48,True,1,1,0.29758660254849917,0.9998330227701312
random_phase,6,49,True,1,1,0.2975866025484999,0.9998331370113539
random_phase,6,50,True,1,1,0.2975866025484998,0.9998330599379521
random_phase,6,51,True,1,1,0.29758660254849767,0.9998331580405915
random_phase,6,52,True,1,1,0.29758660254849933,0.9998332550273396
random_phase,6,53,True,1,1,0.29758660254849834,0.9998331942790061
random_phase,6,54,True,1,1,0.29758660254849856,0.9998330046784556
random_phase,6,55,True,1,1,0.2975866025484997,0.9998330926706971
random_phase,6,56,True,1,1,0.29758660254849906,0.9998334661423651
random_phase,6,57,True,1,1,0.2975866025485002,0.9998331098645004
random_phase,6,58,True,1,1,0.29758660254849967,0.9998332416675533
random_phase,6,59,True,1,1,0.2975866025484989,0.9998330912062734
random_phase,7,40,True,1,1,0.2975866025484983,0.9998333244336721
random_phase,7,41,True,1,1,0.29758660254849917,0.9998329963982906
random_phase,7,42,True,1,1,0.297586602548498,0.9998330772624675
random_phase,7,43,True,1,1,0.2975866025484989,0.999833108392853
random_phase,7,44,True,1,1,0.2975866025485002,0.9998331078901084
random_phase,7,45,True,1,1,0.2975866025485002,0.9998329828679199
random_phase,7,46,True,1,1,0.2975866025484987,0.9998330788653872
random_phase,7,47,True,1,1,0.2975866025484983,0.9998331228774224
random_phase,7,48,True,1,1,0.29758660254849856,0.9998331474101919
random_phase,7,49,True,1,1,0.2975866025484987,0.9998329650414867
random_phase,7,50,True,1,1,0.2975866025484983,0.9998330958866724
random_phase,7,51,True,1,1,0.297586602548499,0.9998332587589999
random_phase,7,52,True,1,1,0.29758660254849867,0.9998330939107899
random_phase,7,53,True,1,1,0.29758660254849767,0.9998329758672888
random_phase,7,54,True,1,1,0.2975866025484982,0.9998329828079109
random_phase,7,55,True,1,1,0.29758660254849867,0.9998329966739004
random_phase,7,56,True,1,1,0.2975866025484987,0.9998329874530976
random_phase,7,57,True,1,1,0.29758660254849995,0.9998330446868641
random_phase,7,58,True,1,1,0.2975866025484982,0.9998330799458204
random_phase,7,59,True,1,1,0.29758660254849995,0.9998331221419547
random_phase,8,40,True,1,1,0.41241699474113397,0.9998331402387032
random_phase,8,41,True,1,1,0.4124169947411346,0.9998329748714972
random_phase,8,42,True,1,1,0.4124169947411343,0.999833056937555
random_phase,8,43,True,1,1,0.41241699474113536,0.9998331350935751
random_phase,8,44,True,1,1,0.4124169947411339,0.9998331111358176
random_phase,8,45,True,1,1,0.4124169947411348,0.9998331013183603
random_phase,8,46,True,1,1,0.4124169947411345,0.99983313663513
random_phase,8,47,True,1,1,0.41241699474113463,0.9998331515691433
random_phase,8,48,True,1,1,0.412416994741135,0.9998333023497994
random_phase,8,49,True,1,1,0.4124169947411341,0.9998330086662334
random_phase,8,50,True,1,1,0.4124169947411341,0.999833110778002
random_phase,8,51,True,1,1,0.4124169947411341,0.9998329773310201
random_phase,8,52,True,1,1,0.41241699474113397,0.9998329751160873
random_phase,8,53,True,1,1,0.41241699474113536,0.9998331317323881
random_phase,8,54,True,1,1,0.41241699474113486,0.999833017662196
random_phase,8,55,True,1,1,0.412416994741135,0.9998332509589688
random_phase,8,56,True,1,1,0.41241699474113397,0.9998331043214701
random_phase,8,57,True,1,1,0.4124169947411349,0.9998331141832489
random_phase,8,58,True,1,1,0.41241699474113536,0.999833131236378
random_phase,8,59,True,1,1,0.41241699474113475,0.9998330102012417
random_phase,9,40,True,1,1,0.014459693651758204,0.9998330384095369
random_phase,9,41,True,1,1,0.014459693651756365,0.9998331314573515
random_phase,9,42,True,1,1,0.014459693651757748,0.9998329856159074
random_phase,9,43,True,1,1,0.014459693651758152,0.9998330179830578
random_phase,9,44,True,1,1,0.014459693651758239,0.9998334398862011
random_phase,9,45,True,1,1,0.014459693651758388,0.9998333537279964
random_phase,9,46,True,1,1,0.014459693651758112,0.999833127014169
random_phase,9,47,True,1,1,0.014459693651758542,0.9998329825132911
random_phase,9,48,True,1,1,0.014459693651758717,0.9998330460053865
random_phase,9,49,True,1,1,0.01445969365175709,0.999833069466538
random_phase,9,50,True,1,1,0.014459693651759153,0.9998330423686848
random_phase,9,51,True,1,1,0.014459693651758275,0.9998331151488805
random_phase,9,52,True,1,1,0.014459693651758102,0.9998329630658221
random_phase,9,53,True,1,1,0.014459693651757321,0.999833040019792
random_phase,9,54,True,1,1,0.014459693651756525,0.9998331843519759
random_phase,9,55,True,1,1,0.01445969365175814,0.9998330385623253
random_phase,9,56,True,1,1,0.014459693651757687,0.9998331188883592
random_phase,9,57,True,1,1,0.01445969365175833,0.9998331045399014
random_phase,9,58,True,1,1,0.01445969365175833,0.9998329866139775
random_phase,9,59,True,1,1,0.014459693651758825,0.9998332474404524
random_phase,10,40,True,1,1,0.5023103128179905,0.9998329827948791
random_phase,10,41,True,1,1,0.5023103128179925,0.9998331214084266
random_phase,10,42,True,1,1,0.5023103128179917,0.999833337276152
random_phase,10,43,True,1,1,0.5023103128179924,0.9998330740349787
random_phase,10,44,True,1,1,0.5023103128179898,0.9998330405910886
random_phase,10,45,True,1,1,0.5023103128179901,0.9998330005830748
random_phase,10,46,True,1,1,0.5023103128179915,0.9998329973042743
random_phase,10,47,True,1,1,0.5023103128179902,0.9998330247027815
random_phase,10,48,True,1,1,0.5023103128179901,0.9998333330431955
random_phase,10,49,True,1,1,0.5023103128179917,0.9998333792907702
random_phase,10,50,True,1,1,0.5023103128179917,0.9998330082748712
random_phase,10,51,True,1,1,0.5023103128179892,0.9998332449681063
random_phase,10,52,True,1,1,0.5023103128179915,0.9998330388788373
random_phase,10,53,True,1,1,0.5023103128179909,0.9998330601179328
random_phase,10,54,True,1,1,0.5023103128179897,0.9998331515774019
random_phase,10,55,True,1,1,0.5023103128179925,0.999833103700241
random_phase,10,56,True,1,1,0.5023103128179905,0.9998329998930033
random_phase,10,57,True,1,1,0.5023103128179921,0.9998330716020609
random_phase,10,58,True,1,1,0.5023103128179923,0.9998330844705223
random_phase,10,59,True,1,1,0.5023103128179929,0.9998331180094704
random_phase,11,40,True,1,1,0.34410679996922405,0.9998334275850593
random_phase,11,41,True,1,1,0.34410679996922716,0.9998330298624428
random_phase,11,42,True,1,1,0.3441067999692287,0.9998332189141997
random_phase,11,43,True,1,1,0.3441067999692287,0.9998330093123958
random_phase,11,44,True,1,1,0.3441067999692277,0.9998332044401793
random_phase,11,45,True,1,1,0.34410679996922694,0.9998330824991406
random_phase,11,46,True,1,1,0.34410679996922405,0.9998330328418857
random_phase,11,47,True,1,1,0.34410679996922444,0.9998330762549896
random_phase,11,48,True,1,1,0.34410679996922444,0.9998330166609474
random_phase,11,49,True,1,1,0.34410679996922405,0.9998329924806187
random_phase,11,50,True,1,1,0.34410679996922633,0.9998332749358504
random_phase,11,51,True,1,1,0.34410679996922766,0.9998332461382812
random_phase,11,52,True,1,1,0.34410679996922716,0.9998332739293903
random_phase,11,53,True,1,1,0.344106799969225,0.9998331096970274
random_phase,11,54,True,1,1,0.34410679996922716,0.9998330087378634
random_phase,11,55,True,1,1,0.3441067999692265,0.9998329996346029
random_phase,11,56,True,1,1,0.34410679996922416,0.9998331093296807
random_phase,11,57,True,1,1,0.34410679996922644,0.9998330379013786
random_phase,11,58,True,1,1,0.34410679996922716,0.9998331146778411
random_phase,11,59,True,1,1,0.34410679996922694,0.9998329654188106
dropout_25,0,40,True,1,1,0.30994031175922165,0.9999685753747112
dropout_25,0,41,True,1,1,0.03736079318878516,0.9999706856141053
dropout_25,0,42,True,1,1,0.30510248650575233,0.9999694441107154
dropout_25,0,43,True,0,0,0.07911368287806608,0.9766316076557299
dropout_25,0,44,True,1,1,0.28555784717500493,0.9999694913737026
dropout_25,0,45,True,0,0,0.07055928460652694,0.7612642033971796
dropout_25,0,46,True,1,1,0.25649878820494276,0.9999705569314451
dropout_25,0,47,True,1,1,0.2577712903160375,0.9999705644368346
dropout_25,0,48,False,0,0,0.0006085096346443164,
dropout_25,0,49,True,1,1,0.17774322427491385,0.9999688627812179
dropout_25,0,50,False,0,0,0.0005316043585874564,
dropout_25,0,51,True,1,1,0.2632801904130877,0.9999689700766896
dropout_25,0,52,False,0,0,0.00840378154389676,
dropout_25,0,53,True,0,0,0.013040216674230276,0.9766409561357279
dropout_25,0,54,True,1,1,0.08379815272948543,0.9999692700920789
dropout_25,0,55,True,0,0,0.06355950254257536,0.9146519092611014
dropout_25,0,56,True,0,0,0.027654388219226722,0.9766320646663181
dropout_25,0,57,True,1,1,0.3059794089628256,0.9999698135876065
dropout_25,0,58,True,1,1,0.032793091870443325,0.999970634229829
dropout_25,0,59,True,1,1,0.22183907140924053,0.999970074417431
dropout_25,1,40,False,0,0,0.0016625086343609041,
dropout_25,1,41,False,0,0,0.0029066204920408234,
dropout_25,1,42,True,0,0,0.1032763036266594,0.8357864137453581
dropout_25,1,43,True,0,0,0.012592884042645469,0.8367189979349219
dropout_25,1,44,True,0,0,0.1215757859325618,0.8372373645118962
dropout_25,1,45,False,0,1,0.002508203064068293,
dropout_25,1,46,False,0,0,0.0057945852896281735,
dropout_25,1,47,True,0,0,0.07698936474962037,0.8366650221495228
dropout_25,1,48,True,0,0,0.15269372497238287,0.8921177594801799
dropout_25,1,49,True,0,0,0.173901480195488,0.8366438114778022
dropout_25,1,50,False,0,0,0.000705383413655003,
dropout_25,1,51,True,0,0,0.20335765674362805,0.9243619273906316
dropout_25,1,52,True,0,0,0.031786792397663244,0.8366312759128978
dropout_25,1,53,False,0,0,0.004531709465143807,
dropout_25,1,54,True,0,0,0.14674940148751847,0.9242772016393714
dropout_25,1,55,False,0,0,0.006862789873047115,
dropout_25,1,56,True,0,0,0.02707072608955874,0.9243241544483364
dropout_25,1,57,True,0,0,0.12983332201037112,0.892214835038764
dropout_25,1,58,True,0,0,0.08896302198839623,0.8366516208637893
dropout_25,1,59,False,0,0,0.008935172158031413,
dropout_25,2,40,True,0,0,0.06136879095880132,0.9769229129302558
dropout_25,2,41,True,1,1,0.1549081286934808,0.9999707089228781
dropout_25,2,42,True,1,1,0.4008658195249446,0.999970852295324
dropout_25,2,43,True,1,1,0.17077333667330796,0.9999691816929406
dropout_25,2,44,True,1,1,0.13983777746095227,0.9999683726183666
dropout_25,2,45,True,0,0,0.031897059641056824,0.8704195899056221
dropout_25,2,46,True,1,1,0.12439684295896453,0.9999689747430187
dropout_25,2,47,True,1,1,0.08901165580978199,0.9999702585178765
dropout_25,2,48,True,1,1,0.20151492822610095,0.9999696571205939
dropout_25,2,49,True,1,1,0.1385079849166192,0.9999693406486749
dropout_25,2,50,True,1,1,0.12957287630968573,0.999969240022085
dropout_25,2,51,True,1,1,0.05585372481234874,0.9999700678421408
dropout_25,2,52,True,1,1,0.2827940498134097,0.999970880343149
dropout_25,2,53,True,1,1,0.14275401510816443,0.9999688980191653
dropout_25,2,54,True,1,1,0.12760495702472596,0.9999684765268135
dropout_25,2,55,True,1,1,0.4187304007367575,0.9999695339316087
dropout_25,2,56,True,1,1,0.09647426735372083,0.9999700536119732
dropout_25,2,57,False,0,0,0.0021477434476231405,
dropout_25,2,58,True,0,0,0.029430599089946052,0.9769191616960331
dropout_25,2,59,True,1,1,0.05415891818671659,0.9999686769637699
dropout_25,3,40,True,1,1,0.30647825926693106,0.9999698658277311
dropout_25,3,41,True,1,1,0.09607904198562212,0.9999696487774619
dropout_25,3,42,True,1,1,0.20239311089592593,0.9999693569780783
dropout_25,3,43,True,1,1,0.0764480931722995,0.9999717557381153
dropout_25,3,44,False,0,0,0.0014471945065075431,
dropout_25,3,45,True,1,1,0.25957082920981567,0.9999696741785112
dropout_25,3,46,True,0,0,0.07811805832799523,0.9768809226261542
dropout_25,3,47,True,1,1,0.07198662671750711,0.9999696701896564
dropout_25,3,48,True,0,0,0.02642757312842603,0.9768755084026861
dropout_25,3,49,True,0,0,0.09068722782459449,0.9768997590384539
dropout_25,3,50,False,0,1,0.008918151540008301,
dropout_25,3,51,True,1,1,0.16926755790896686,0.9999704383654032
dropout_25,3,52,True,1,1,0.08719669170881983,0.9999700184812554
dropout_25,3,53,True,0,0,0.05549655494971595,0.9768634266084818
dropout_25,3,54,True,1,1,0.1700219987649797,0.9999693963954699
dropout_25,3,55,True,0,0,0.095637765341969,0.9768873081903086
dropout_25,3,56,True,1,1,0.05523888295560764,0.9999690553645592
dropout_25,3,57,True,1,1,0.0528723138449646,0.9999692226772916
dropout_25,3,58,True,1,1,0.12876776557373626,0.9999694309262002
dropout_25,3,59,True,1,1,0.08516209866682711,0.9999704224728451
dropout_25,4,40,False,0,0,0.003426517235894433,
dropout_25,4,41,False,0,0,0.007326492066239698,
dropout_25,4,42,True,0,0,0.1647275095886026,0.9766439664697961
dropout_25,4,43,True,0,0,0.118772970586558,0.7043965681304639
dropout_25,4,44,True,0,0,0.07527124507010785,0.9766358481220285
dropout_25,4,45,True,1,1,0.1555095794232143,0.9999693777651666
dropout_25,4,46,True,0,0,0.0440879221541538,0.9782073953324852
dropout_25,4,47,True,0,0,0.11653651313720992,0.9766277609249037
dropout_25,4,48,True,1,1,0.023686796540173916,0.9999682773940853
dropout_25,4,49,True,0,0,0.09930820735640034,0.9766122646267601
dropout_25,4,50,False,0,0,0.0016780709519804704,
dropout_25,4,51,True,0,0,0.013370537933515059,0.9781907478145351
dropout_25,4,52,True,0,0,0.07902473361197448,0.9766302734271616
dropout_25,4,53,True,1,1,0.04613335155340098,0.9999686801619134
dropout_25,4,54,True,0,0,0.08863931878564235,0.9766030536232989
dropout_25,4,55,True,0,0,0.11642851994204684,0.9782128156423778
dropout_25,4,56,True,0,0,0.03972337691089778,0.9766347030261873
dropout_25,4,57,True,0,0,0.09206096383781548,0.9766399304051144
dropout_25,4,58,True,1,1,0.06907377961995398,0.9999676167123452
dropout_25,4,59,False,0,0,0.005779177537927116,
dropout_25,5,40,False,0,1,0.002320698064705584,
dropout_25,5,41,False,0,1,0.002526386205808584,
dropout_25,5,42,False,0,1,0.000618731138555928,
dropout_25,5,43,True,0,0,0.08749283690704013,0.8910927799585275
dropout_25,5,44,False,0,0,2.590709792704704e-05,
dropout_25,5,45,True,0,0,0.03202395347103759,0.8943808473137687
dropout_25,5,46,False,0,0,0.0014604481968120142,
dropout_25,5,47,False,0,0,0.00679299507664799,
dropout_25,5,48,False,0,1,0.00014063183225221376,
dropout_25,5,49,True,0,0,0.09554536196780261,0.8703465903248554
dropout_25,5,50,True,0,0,0.253448260456933,0.8709535746544302
dropout_25,5,51,True,0,0,0.014153235692383581,0.894294644368985
dropout_25,5,52,True,0,0,0.06820298244267775,0.8910141264919359
dropout_25,5,53,False,0,0,0.005871946986678922,
dropout_25,5,54,True,0,0,0.026883998482162386,0.8911464045147223
dropout_25,5,55,True,0,0,0.019158935091874385,0.8941904632762532
dropout_25,5,56,False,0,1,0.002494431840087241,
dropout_25,5,57,True,0,0,0.21757166822874408,0.8910868378934489
dropout_25,5,58,True,0,0,0.013839110593841464,0.894347257148002
dropout_25,5,59,True,0,0,0.09548679582277819,0.8910738262333955
dropout_25,6,40,False,0,0,0.004326327825954324,
dropout_25,6,41,False,0,0,0.0026013892532936733,
dropout_25,6,42,True,1,1,0.12968047908945035,0.9999705667155255
dropout_25,6,43,True,0,0,0.015540804399431174,0.9769287343324744
dropout_25,6,44,False,0,0,0.003953891949892707,
dropout_25,6,45,True,0,0,0.010465074433295252,0.976929651811689
dropout_25,6,46,True,0,0,0.2753932867138501,0.9769075071220843
dropout_25,6,47,True,1,1,0.05963381916686372,0.9999690587167334
dropout_25,6,48,True,0,0,0.12398380987597923,0.97851734904374
dropout_25,6,49,True,1,1,0.0589078073071978,0.9999698554864982
dropout_25,6,50,True,0,0,0.05297082089347549,0.9769157230217784
dropout_25,6,51,True,0,0,0.09150025622762503,0.8330498153697511
dropout_25,6,52,True,0,0,0.02577233789360489,0.8607534949283514
dropout_25,6,53,True,1,1,0.0399913153860702,0.999969619433766
dropout_25,6,54,True,0,0,0.30924201029797205,0.8707239213914516
dropout_25,6,55,True,0,0,0.04326562873943074,0.7034941511541349
dropout_25,6,56,True,0,0,0.10265524320962471,0.9769439207345546
dropout_25,6,57,True,0,0,0.04772208004206868,0.8607180291000733
dropout_25,6,58,True,0,0,0.11247231163053462,0.8605655022883771
dropout_25,6,59,True,0,0,0.025699284143243628,0.8331178279072955
dropout_25,7,40,True,0,0,0.20646093322860593,0.8704347788006768
dropout_25,7,41,True,0,0,0.052217229834876755,0.9768606936336024
dropout_25,7,42,True,0,0,0.2863824608251415,0.9768754737288551
dropout_25,7,43,True,0,0,0.11578515971412962,0.9768765500131302
dropout_25,7,44,True,1,1,0.08695976529345428,0.9999684498981818
dropout_25,7,45,False,0,0,0.0029786993839480136,
dropout_25,7,46,True,0,0,0.03752692833926097,0.8334118484267774
dropout_25,7,47,True,1,1,0.047530968327610834,0.9999695694946957
dropout_25,7,48,True,1,1,0.01924226273330809,0.9999706206661434
dropout_25,7,49,True,0,0,0.10679530466786558,0.9768721045884116
dropout_25,7,50,True,0,0,0.03539934079876572,0.8605993575935711
dropout_25,7,51,True,0,0,0.15924303997344014,0.9768575858100714
dropout_25,7,52,False,0,0,0.000509610878108635,
dropout_25,7,53,True,1,1,0.019415269583507366,0.9999690885812169
dropout_25,7,54,True,0,0,0.1178418817640926,0.9768774377572921
dropout_25,7,55,True,1,1,0.06994758808599238,0.9999699450427461
dropout_25,7,56,True,0,0,0.05435271022368904,0.9768565301996638
dropout_25,7,57,True,1,1,0.011106297179170666,0.9999696046259753
dropout_25,7,58,True,0,0,0.1029720946028081,0.9768661265302242
dropout_25,7,59,False,0,0,0.0023225876294646897,
dropout_25,8,40,True,1,1,0.22412849888208686,0.9999703230011152
dropout_25,8,41,True,1,1,0.06987318904328477,0.9999690997852241
dropout_25,8,42,True,0,0,0.061319053725557016,0.97821359081024
dropout_25,8,43,True,0,0,0.06729790783221234,0.7666817166293358
dropout_25,8,44,True,1,1,0.2255627519874227,0.999969245380767
dropout_25,8,45,False,0,0,0.0017402983127686733,
dropout_25,8,46,True,0,0,0.06073051392727258,0.9145763526984152
dropout_25,8,47,True,0,0,0.10127734054012305,0.7184648144268515
dropout_25,8,48,True,0,0,0.014792802507517244,0.914630482270169
dropout_25,8,49,True,1,1,0.21449925543351311,0.9999692887737949
dropout_25,8,50,True,1,1,0.09696737929273902,0.9999693454951682
dropout_25,8,51,True,1,1,0.23560830225091178,0.9999692988900237
dropout_25,8,52,True,1,1,0.021594938962083976,0.9999683024557318
dropout_25,8,53,True,1,1,0.012029214403850075,0.9999707590513827
dropout_25,8,54,True,0,0,0.012124049824118077,0.6759486018033122
dropout_25,8,55,True,0,0,0.03390391595462949,0.7668338192574562
dropout_25,8,56,True,1,1,0.05315097432824112,0.9999692592076053
dropout_25,8,57,True,1,1,0.14024960795894104,0.9999697949796885
dropout_25,8,58,False,0,0,0.0012152624576922122,
dropout_25,8,59,True,1,1,0.08306296538813784,0.9999704125620944
dropout_25,9,40,False,0,0,0.00024953946884287426,
dropout_25,9,41,True,0,0,0.015399381141949275,0.8696033117411117
dropout_25,9,42,True,0,0,0.17236333804916693,0.8332021129597292
dropout_25,9,43,False,0,1,0.001127446832292156,
dropout_25,9,44,True,0,0,0.011178127174138908,0.869567138296953
dropout_25,9,45,True,0,0,0.08803363588528668,0.8771587327601005
dropout_25,9,46,True,0,0,0.18485241901316396,0.877192504688625
dropout_25,9,47,True,0,0,0.11159481435624441,0.8770593328627967
dropout_25,9,48,True,0,0,0.056597372180639205,0.8695281641778706
dropout_25,9,49,True,0,0,0.010606892775736232,0.8694519302458851
dropout_25,9,50,True,0,0,0.05383152553501469,0.877205161514003
dropout_25,9,51,True,0,0,0.10820918551771186,0.8334182334353252
dropout_25,9,52,True,0,0,0.2076011307043395,0.833335921419529
dropout_25,9,53,True,0,0,0.28088235675817286,0.833476245261233
dropout_25,9,54,True,0,0,0.026042433097952622,0.8334554612146029
dropout_25,9,55,False,0,0,0.001339050523478602,
dropout_25,9,56,True,0,0,0.21293332197902104,0.8774182563245052
dropout_25,9,57,False,0,0,0.0011062751231759593,
dropout_25,9,58,True,0,0,0.17623156210523083,0.8335187477426235
dropout_25,9,59,False,0,0,0.0016043111467110016,
dropout_25,10,40,True,1,1,0.0972941258733443,0.9999684735159379
dropout_25,10,41,False,0,1,0.0036441648554749184,
dropout_25,10,42,True,1,1,0.039259037188557055,0.9999698549401136
dropout_25,10,43,True,0,0,0.08900442348559212,0.8159970766764026
dropout_25,10,44,True,0,0,0.019664243703821915,0.8332306050394893
dropout_25,10,45,True,0,0,0.12718102257151132,0.8298921411869561
dropout_25,10,46,True,0,0,0.030730807675375393,0.8298567095170014
dropout_25,10,47,True,1,1,0.31927517991718823,0.9999687102528289
dropout_25,10,48,True,1,1,0.2592266529180913,0.9999715438690299
dropout_25,10,49,True,1,1,0.0757123665673537,0.9999708499164959
dropout_25,10,50,True,1,1,0.1579457389784208,0.9999707696130186
dropout_25,10,51,True,1,1,0.23281725852021107,0.9999698738860262
dropout_25,10,52,True,1,1,0.07848002084623862,0.9999702651673102
dropout_25,10,53,True,1,1,0.214882700716175,0.9999694860704111
dropout_25,10,54,True,1,1,0.3131926377948696,0.9999700933554044
dropout_25,10,55,True,1,1,0.045953169598326515,0.9999712390206505
dropout_25,10,56,True,1,1,0.17373391895314305,0.9999698222317104
dropout_25,10,57,False,0,0,0.007676662982661175,
dropout_25,10,58,True,1,1,0.3496910585854207,0.9999686316496634
dropout_25,10,59,True,0,0,0.00987674665674787,0.816115224022495
dropout_25,11,40,True,1,1,0.012634215744217858,0.9999709543323679
dropout_25,11,41,True,0,0,0.2841198370885617,0.8153610811373982
dropout_25,11,42,True,1,1,0.021367740640437893,0.9999702575987456
dropout_25,11,43,True,0,0,0.10872216193854001,0.8154004988937105
dropout_25,11,44,True,1,1,0.13023191646178833,0.9999686848114868
dropout_25,11,45,False,0,0,0.0008930920972761713,
dropout_25,11,46,False,0,0,0.00193367752948026,
dropout_25,11,47,False,0,0,0.0030095846452833364,
dropout_25,11,48,False,0,0,0.00661800042865246,
dropout_25,11,49,True,1,1,0.07206965586764646,0.9999698746820758
dropout_25,11,50,True,0,0,0.021042166491375247,0.9156046307497782
dropout_25,11,51,False,0,0,0.001331372419976884,
dropout_25,11,52,True,0,0,0.025701876203756635,0.8154933106265896
dropout_25,11,53,True,1,1,0.10058124860583595,0.9999704426636362
dropout_25,11,54,False,0,0,0.005335698746220752,
dropout_25,11,55,True,0,0,0.07789399252440798,0.7730895579249356
dropout_25,11,56,True,1,1,0.03310412696724119,0.9999690525169445
dropout_25,11,57,True,0,0,0.10286394543291322,0.9784303059033627
dropout_25,11,58,True,0,0,0.07695717435549376,0.8330671753755089
dropout_25,11,59,True,1,1,0.028585990693647756,0.9999689078987031
dropout_50,0,40,True,1,1,0.24018366029889582,0.9999589962846297
dropout_50,0,41,True,1,1,0.06202178181165119,0.9999591169780723
dropout_50,0,42,True,1,1,0.046619142728319796,0.9999590214113218
dropout_50,0,43,True,1,1,0.04967844819554501,0.9999589971360973
dropout_50,0,44,True,1,1,0.3099867070049225,0.9999590143747502
dropout_50,0,45,True,1,1,0.16811718706744072,0.9999589962541614
dropout_50,0,46,True,1,1,0.15701391644795626,0.9999590010541289
dropout_50,0,47,True,1,1,0.3342716386384552,0.9999590886719256
dropout_50,0,48,False,0,0,0.00555284488831953,
dropout_50,0,49,True,1,1,0.16156103996130056,0.9999590027348569
dropout_50,0,50,False,0,1,0.0012075665296165106,
dropout_50,0,51,True,0,0,0.09893269109440728,0.9764105889048516
dropout_50,0,52,True,0,0,0.1776055654121389,0.875566529302741
dropout_50,0,53,True,0,0,0.13161394746947208,0.875556256130141
dropout_50,0,54,True,1,1,0.06288644833732016,0.9999589994021587
dropout_50,0,55,True,0,0,0.10160052518090379,0.7593554236775467
dropout_50,0,56,True,1,1,0.10256566960183733,0.9999590161707483
dropout_50,0,57,True,1,1,0.3126926608730023,0.9999590055032338
dropout_50,0,58,True,1,1,0.1253351539276102,0.9999590803238856
dropout_50,0,59,True,1,1,0.02843385605890747,0.9999590017529278
dropout_50,1,40,True,0,0,0.13290355200535853,0.9235076537396609
dropout_50,1,41,True,0,0,0.031015830050664217,0.8915319503168708
dropout_50,1,42,True,0,0,0.1462530707399332,0.9236319497629994
dropout_50,1,43,False,0,0,0.0001173253682060782,
dropout_50,1,44,True,0,0,0.12333718531507154,0.834358499690409
dropout_50,1,45,False,0,1,5.4299567585403e-05,
dropout_50,1,46,True,0,0,0.061577170332364206,0.9236008007049122
dropout_50,1,47,True,0,0,0.13285949710733858,0.9236664585204686
dropout_50,1,48,True,0,0,0.11202241599602014,0.923573226222088
dropout_50,1,49,True,0,0,0.18316949314825826,0.8351908946421414
dropout_50,1,50,True,0,0,0.06066330455844193,0.8357683438832457
dropout_50,1,51,True,0,0,0.025765287383936464,0.8353087545456266
dropout_50,1,52,True,0,0,0.029916955896220565,0.8915590252952842
dropout_50,1,53,True,0,0,0.03908083319487288,0.8358196261518723
dropout_50,1,54,True,0,0,0.04014496053947858,0.8915324965882588
dropout_50,1,55,True,0,0,0.1459063577661075,0.9236915218732052
dropout_50,1,56,True,0,0,0.04079592162457657,0.9236649625180648
dropout_50,1,57,True,0,0,0.020003364719977768,0.8911850639842783
dropout_50,1,58,True,0,0,0.01030709174986022,0.8359117400985447
dropout_50,1,59,False,0,0,0.0032249844636282887,
dropout_50,2,40,True,0,0,0.15678555332008504,0.91511689761203
dropout_50,2,41,True,1,1,0.23304862678404126,0.9999590906720995
dropout_50,2,42,True,1,1,0.3770296887086442,0.9999590153803496
dropout_50,2,43,True,1,1,0.3579159185766063,0.9999589980836727
dropout_50,2,44,True,1,1,0.18797667197500667,0.9999589967422802
dropout_50,2,45,True,0,0,0.10518609404948875,0.8692746212815589
dropout_50,2,46,True,0,0,0.16347983797870325,0.9093754699123805
dropout_50,2,47,True,1,1,0.13089232609620194,0.9999589971231807
dropout_50,2,48,True,1,1,0.07205890824869887,0.9999590277229828
dropout_50,2,49,True,0,0,0.11109023938526286,0.8580915474960972
dropout_50,2,50,True,1,1,0.06549226077098025,0.9999590091817382
dropout_50,2,51,True,0,0,0.025803340998874713,0.9151159112321932
dropout_50,2,52,True,1,1,0.3019544187154808,0.9999590434931833
dropout_50,2,53,True,0,0,0.07088360054790499,0.9150377651149921
dropout_50,2,54,True,1,1,0.06803310174924704,0.999959022172079
dropout_50,2,55,True,1,1,0.31379756839113404,0.9999590161431705
dropout_50,2,56,True,1,1,0.1378881331159163,0.9999590098321898
dropout_50,2,57,True,1,1,0.17903001850265277,0.9999589962449583
dropout_50,2,58,True,0,0,0.01119627761901354,0.9766985352595942
dropout_50,2,59,True,1,1,0.12784508591255528,0.9999589984175073
dropout_50,3,40,True,1,1,0.27719683828349306,0.99995904412203
dropout_50,3,41,True,0,0,0.11908245769517922,0.7582875085308634
dropout_50,3,42,True,1,1,0.10888602031786232,0.9999589984712093
dropout_50,3,43,True,1,1,0.02156330058504996,0.9999590972999183
dropout_50,3,44,True,1,1,0.012059516629151723,0.9999590038290418
dropout_50,3,45,True,1,1,0.3234855512585495,0.9999590103821373
dropout_50,3,46,False,0,0,0.0024625681310916914,
dropout_50,3,47,True,1,1,0.11957463850183192,0.9999589968496371
dropout_50,3,48,False,0,0,0.003775147724406347,
dropout_50,3,49,True,1,1,0.2553678618906081,0.9999590083561317
dropout_50,3,50,True,1,1,0.15369714882678764,0.9999590834396643
dropout_50,3,51,True,0,0,0.06999239755111719,0.8756400559848311
dropout_50,3,52,True,0,0,0.06860134681407537,0.8145375651427353
dropout_50,3,53,True,0,0,0.04216349923315277,0.8264895293110074
dropout_50,3,54,True,1,1,0.3313950300512212,0.9999589963026874
dropout_50,3,55,True,1,1,0.05075364253261849,0.9999591190855861
dropout_50,3,56,False,0,0,0.006828506853073568,
dropout_50,3,57,True,1,1,0.11979277617510298,0.9999589966165515
dropout_50,3,58,True,0,0,0.0373002021803257,0.9766665103209522
dropout_50,3,59,True,1,1,0.06521076973434847,0.9999589989468419
dropout_50,4,40,False,0,0,0.004438099534661566,
dropout_50,4,41,True,1,1,0.065605740847555,0.9999590058865636
dropout_50,4,42,True,0,0,0.18721711481894632,0.9764094410601684
dropout_50,4,43,False,0,0,0.0021325604982493918,
dropout_50,4,44,True,0,0,0.06916291274932407,0.9764094404897317
dropout_50,4,45,True,1,1,0.04132312935114335,0.9999590239747586
dropout_50,4,46,True,0,0,0.15467423807321112,0.7949724283841114
dropout_50,4,47,True,1,1,0.1201438625054364,0.9999590257487136
dropout_50,4,48,True,1,1,0.05011016410476121,0.9999590016364712
dropout_50,4,49,True,0,0,0.14834781603299363,0.9763903598126925
dropout_50,4,50,False,0,0,0.008078297508303578,
dropout_50,4,51,True,0,0,0.06595321532453524,0.9779732841955139
dropout_50,4,52,True,0,0,0.15347460379350575,0.9764080812372233
dropout_50,4,53,True,0,0,0.3046705490267845,0.9764119739861676
dropout_50,4,54,True,0,0,0.09265517395766842,0.976395293614307
dropout_50,4,55,True,0,0,0.12662495832565934,0.9780169938149431
dropout_50,4,56,True,0,0,0.014728951622741793,0.9764276335781311
dropout_50,4,57,True,0,0,0.0700932238675025,0.976405030537522
dropout_50,4,58,True,0,0,0.13134653901726678,0.7947706179358528
dropout_50,4,59,True,1,1,0.07479017239824359,0.9999590061522118
dropout_50,5,40,True,0,0,0.0572689349220008,0.8699447984812633
dropout_50,5,41,True,0,0,0.160111494963165,0.890160283555752
dropout_50,5,42,False,0,0,0.0008920673287351466,
dropout_50,5,43,True,0,0,0.1123931101631297,0.8901438115697512
dropout_50,5,44,False,0,0,0.0028140165892081015,
dropout_50,5,45,False,0,1,0.0020442671114817568,
dropout_50,5,46,True,0,0,0.17800543038672356,0.8901337207782125
dropout_50,5,47,True,0,0,0.1785471398722891,0.869450278535619
dropout_50,5,48,True,0,0,0.24811979020657715,0.8902680672546708
dropout_50,5,49,False,0,0,0.0010393861968409634,
dropout_50,5,50,True,0,0,0.2551178634346347,0.8697935585289114
dropout_50,5,51,True,0,0,0.09079326021429113,0.8901011409989605
dropout_50,5,52,True,0,0,0.03725599599487306,0.8901386326802835
dropout_50,5,53,False,0,0,0.00609545528591271,
dropout_50,5,54,False,0,0,0.0009125629895061493,
dropout_50,5,55,False,0,0,0.003847697472049605,
dropout_50,5,56,False,0,0,0.0034254796214630012,
dropout_50,5,57,True,0,0,0.21478499078769575,0.8901211431210082
dropout_50,5,58,False,0,0,0.0015352094512435244,
dropout_50,5,59,True,0,0,0.057252155873756205,0.8900642388715294
dropout_50,6,40,True,0,0,0.06165324960051377,0.701165952043244
dropout_50,6,41,True,0,0,0.04336129703911218,0.9767004532560544
dropout_50,6,42,True,0,0,0.08203947953558333,0.9766980522881507
dropout_50,6,43,False,0,1,0.0035420924015279187,
dropout_50,6,44,False,0,0,0.004545817269761443,
dropout_50,6,45,True,0,0,0.1806645723465896,0.9767068476521332
dropout_50,6,46,True,0,0,0.32032735942357804,0.9766882035995028
dropout_50,6,47,True,0,0,0.02899959933399432,0.7958865319883069
dropout_50,6,48,True,0,0,0.12486692524836851,0.7010856130974275
dropout_50,6,49,True,0,0,0.09961803156521087,0.8695909776449696
dropout_50,6,50,True,0,0,0.32861797653020197,0.9766985296844688
dropout_50,6,51,True,0,0,0.10741897881516649,0.755338910562222
dropout_50,6,52,True,0,0,0.0457871641080152,0.859435100758789
dropout_50,6,53,True,0,0,0.01465038852388334,0.9767102063942106
dropout_50,6,54,True,0,0,0.33545238029000357,0.8695920582038583
dropout_50,6,55,True,0,0,0.11559186361851825,0.9783391598142613
dropout_50,6,56,True,0,0,0.018415607123338562,0.9767146789462937
dropout_50,6,57,True,0,0,0.03518936052531019,0.8316779645976057
dropout_50,6,58,True,0,0,0.03793333424380485,0.8594376405001684
dropout_50,6,59,False,0,1,0.004191515106103383,
dropout_50,7,40,True,0,0,0.024634416730037856,0.8594789789758503
dropout_50,7,41,True,0,0,0.0220469152888898,0.8319177637372923
dropout_50,7,42,True,0,0,0.06514618316465048,0.8692241922822844
dropout_50,7,43,True,1,1,0.04695190320849818,0.9999590600354271
dropout_50,7,44,True,0,0,0.17706836276253612,0.8318038777441561
dropout_50,7,45,True,1,1,0.06193690550152153,0.9999589994339028
dropout_50,7,46,True,0,0,0.028621121358744173,0.8320448180190125
dropout_50,7,47,True,0,0,0.024844956572835253,0.9782470806093966
dropout_50,7,48,True,0,0,0.033747080330277734,0.832083926660318
dropout_50,7,49,True,0,0,0.03988549764280247,0.8319736876144231
dropout_50,7,50,True,0,0,0.09176859465429898,0.9766475115513902
dropout_50,7,51,False,0,0,0.003704730851551985,
dropout_50,7,52,True,0,0,0.026736056120289953,0.976662631286744
dropout_50,7,53,True,0,0,0.25592382366697286,0.8694362865555636
dropout_50,7,54,True,1,1,0.037635349129223616,0.9999590024890394
dropout_50,7,55,True,0,0,0.2192262191200559,0.9766502696772656
dropout_50,7,56,True,1,1,0.08959863159809589,0.9999589998640923
dropout_50,7,57,True,0,0,0.011504864706892937,0.859438328771968
dropout_50,7,58,True,0,0,0.14342782941302934,0.8268537444130444
dropout_50,7,59,True,0,0,0.15997797568757288,0.8269496534568387
dropout_50,8,40,True,0,0,0.041831003801262256,0.9780116417291203
dropout_50,8,41,True,1,1,0.14468571708008593,0.9999590528244505
dropout_50,8,42,True,0,0,0.022252135772075077,0.7164259000440192
dropout_50,8,43,True,0,0,0.04142104598593899,0.7647988663940676
dropout_50,8,44,True,0,0,0.0944929510716348,0.7649765447153665
dropout_50,8,45,True,0,0,0.20844912850149588,0.9138403270702733
dropout_50,8,46,True,0,0,0.1351369420781523,0.9138110753487231
dropout_50,8,47,True,0,0,0.19285626179604565,0.7163089725782867
dropout_50,8,48,True,1,1,0.023006251717450965,0.9999590373149262
dropout_50,8,49,True,0,0,0.04434774137433628,0.7582668852468236
dropout_50,8,50,True,1,1,0.06275234179193245,0.9999589977159264
dropout_50,8,51,True,0,0,0.0412456203514735,0.6735931856042124
dropout_50,8,52,True,0,0,0.17592209516005197,0.9137726148555421
dropout_50,8,53,True,0,0,0.012233058748722048,0.7710439070347028
dropout_50,8,54,True,1,1,0.2668221528292516,0.9999590123199703
dropout_50,8,55,True,1,1,0.021777318663619205,0.999959013832526
dropout_50,8,56,True,0,0,0.03329784280067205,0.9138175503341567
dropout_50,8,57,True,0,0,0.029962545058570322,0.9138128345506168
dropout_50,8,58,True,0,0,0.01091734155120383,0.9780008055999686
dropout_50,8,59,True,1,1,0.12198621164993773,0.999959003010886
dropout_50,9,40,True,0,0,0.05735009778766109,0.8760144765517976
dropout_50,9,41,True,0,0,0.01898248807402092,0.8684540190156163
dropout_50,9,42,True,0,0,0.028249480230229773,0.8320235574023854
dropout_50,9,43,True,0,0,0.04104134734775289,0.8319085393628964
dropout_50,9,44,True,0,0,0.1651498844142072,0.8319238890615234
dropout_50,9,45,True,0,0,0.2136241374896719,0.8760004338527932
dropout_50,9,46,True,0,0,0.010231417736062065,0.8685095550085433
dropout_50,9,47,True,0,0,0.13397136089831685,0.8762827544562771
dropout_50,9,48,True,0,0,0.04507937987119193,0.831950732484683
dropout_50,9,49,True,0,0,0.046642054636124586,0.8317628351910411
dropout_50,9,50,True,0,0,0.10324974133896359,0.8320283357679326
dropout_50,9,51,True,0,0,0.09396358906172053,0.8762407218920206
dropout_50,9,52,True,0,0,0.01814305180996656,0.8683516738724679
dropout_50,9,53,True,0,0,0.0649808075099656,0.8684812220435121
dropout_50,9,54,True,0,0,0.21170228665468138,0.8318372685489923
dropout_50,9,55,True,0,0,0.29708711795854215,0.8760581614569156
dropout_50,9,56,True,0,0,0.27506845366705823,0.8763148544821765
dropout_50,9,57,True,0,0,0.06781137692414796,0.8317624516879825
dropout_50,9,58,True,0,0,0.10857689370904633,0.8318687894948619
dropout_50,9,59,True,0,0,0.01942832341098577,0.8761201322136691
dropout_50,10,40,False,0,0,0.0035572445263740704,
dropout_50,10,41,True,0,0,0.012365540607738312,0.8320418353178332
dropout_50,10,42,True,1,1,0.03199958706073425,0.9999590147822557
dropout_50,10,43,True,0,0,0.17747766599504056,0.718696087246703
dropout_50,10,44,True,0,0,0.06164921651996136,0.8282636543278622
dropout_50,10,45,True,0,0,0.1051504970059014,0.8284995664619397
dropout_50,10,46,True,1,1,0.2605927913706484,0.9999589962284896
dropout_50,10,47,True,1,1,0.2714698311887953,0.9999589968569468
dropout_50,10,48,True,1,1,0.2375069615712364,0.9999591462745395
dropout_50,10,49,False,0,0,0.0004161440262342442,
dropout_50,10,50,True,0,0,0.03689305653033037,0.8284802711549321
dropout_50,10,51,False,0,0,0.008100057141562811,
dropout_50,10,52,True,0,0,0.0870436440028246,0.8320679953040424
dropout_50,10,53,True,1,1,0.260738175667814,0.9999590420040936
dropout_50,10,54,True,1,1,0.27196988042853754,0.9999589970426724
dropout_50,10,55,True,0,0,0.05895180054760729,0.9783129157950035
dropout_50,10,56,True,0,0,0.1946328672765587,0.8144894909719588
dropout_50,10,57,True,0,0,0.08047277070094705,0.7024044661404114
dropout_50,10,58,True,0,0,0.050435560867240437,0.8144120712080654
dropout_50,10,59,False,0,0,0.005467822428537383,
dropout_50,11,40,True,0,0,0.018771364991037265,0.8139033148512745
dropout_50,11,41,True,0,0,0.06576125203188077,0.8315743805581507
dropout_50,11,42,True,0,0,0.1230960429377761,0.8138432886875876
dropout_50,11,43,True,0,0,0.21501042848728913,0.8139321636551838
dropout_50,11,44,True,0,0,0.037041070153925215,0.7647607810401293
dropout_50,11,45,True,0,0,0.03567263680749799,0.9148936861320892
dropout_50,11,46,True,0,0,0.10685485081533397,0.8284999174361164
dropout_50,11,47,True,0,0,0.03369165914198824,0.9148877195814408
dropout_50,11,48,False,0,0,0.008479724820886325,
dropout_50,11,49,True,0,0,0.229245442266939,0.7593391070036666
dropout_50,11,50,True,0,0,0.10564458199149462,0.7593529828136141
dropout_50,11,51,True,0,0,0.01905370318614996,0.9148953578257587
dropout_50,11,52,True,0,0,0.08671816504649699,0.8284729169609184
dropout_50,11,53,True,1,1,0.026227310674757698,0.9999590852529986
dropout_50,11,54,False,0,0,0.002337636251048436,
dropout_50,11,55,True,0,0,0.06802522377356612,0.7592893546551167
dropout_50,11,56,True,0,0,0.1482306025219654,0.8137975225696567
dropout_50,11,57,True,0,0,0.09789251254512021,0.8138311507081368
dropout_50,11,58,True,0,0,0.08320363380711537,0.831613838416935
dropout_50,11,59,True,0,0,0.042525974622418916,0.9148424342101328
amp_noise,0,40,True,1,1,0.15969655465011612,0.9999795059796569
amp_noise,0,41,True,1,1,0.2361670230827943,0.9999801608911507
amp_noise,0,42,True,1,1,0.29221289756557733,0.9999804579702547
amp_noise,0,43,True,1,1,0.20128897844896676,0.9999811918036277
amp_noise,0,44,True,1,1,0.21117231003708475,0.9999802023657283
amp_noise,0,45,True,1,1,0.11923473429817205,0.999980335821913
amp_noise,0,46,True,0,0,0.09085302755138774,0.9768434314137328
amp_noise,0,47,True,1,1,0.13643072127064176,0.9999804020241664
amp_noise,0,48,True,1,1,0.3580641552547433,0.9999798717284982
amp_noise,0,49,True,1,1,0.2667147184284565,0.999980877716774
amp_noise,0,50,True,1,1,0.32906061070570997,0.9999811869658298
amp_noise,0,51,True,1,1,0.3020241518555848,0.9999802485615027
amp_noise,0,52,True,1,1,0.12682694070863332,0.9999808084093944
amp_noise,0,53,True,1,1,0.17217020382217862,0.9999809102669946
amp_noise,0,54,True,1,1,0.23028349520832575,0.9999811350276637
amp_noise,0,55,True,1,1,0.28701838111666456,0.9999798962450019
amp_noise,0,56,True,1,1,0.17660468972019522,0.9999804656320074
amp_noise,0,57,True,1,1,0.06698199188054438,0.9999802472670143
amp_noise,0,58,True,1,1,0.14119051728471027,0.9999806593938928
amp_noise,0,59,True,1,1,0.09307252307993352,0.999980380556733
amp_noise,1,40,False,0,0,0.000432950298843382,
amp_noise,1,41,False,0,1,0.004459795692555224,
amp_noise,1,42,False,0,1,0.0007121225316377711,
amp_noise,1,43,False,0,1,0.006800909086067564,
amp_noise,1,44,True,0,0,0.012046514186144941,0.8936869544305319
amp_noise,1,45,False,0,0,0.0005444115105632252,
amp_noise,1,46,True,0,0,0.11863978232367167,0.8380286099331378
amp_noise,1,47,True,0,0,0.03492832340560775,0.8379557847487195
amp_noise,1,48,True,0,0,0.02744538395071222,0.8935960382269208
amp_noise,1,49,False,0,0,0.002633329011173746,
amp_noise,1,50,True,0,0,0.0703410156256542,0.9248992949768748
amp_noise,1,51,True,0,0,0.04693604321532452,0.838492837493946
amp_noise,1,52,False,0,1,0.005738184031816251,
amp_noise,1,53,False,0,0,0.0018238867710754503,
amp_noise,1,54,True,0,0,0.0760740475879319,0.8936879165642765
amp_noise,1,55,True,0,0,0.07347691863423267,0.8936276147967762
amp_noise,1,56,False,0,0,0.006347822959352545,
amp_noise,1,57,False,0,1,0.003991339476615285,
amp_noise,1,58,False,0,1,0.0050674498068135065,
amp_noise,1,59,True,0,0,0.026344192749501838,0.8936858274830409
amp_noise,2,40,True,1,1,0.14549607166785916,0.9999802462848865
amp_noise,2,41,True,1,1,0.2532195836800006,0.9999807926132304
amp_noise,2,42,True,1,1,0.20693630883339298,0.9999802985862893
amp_noise,2,43,True,1,1,0.10603876386011124,0.9999809790397894
amp_noise,2,44,True,0,0,0.13194666609130373,0.9771584343803826
amp_noise,2,45,True,1,1,0.1402233834558847,0.999980025277162
amp_noise,2,46,True,1,1,0.27967146950655974,0.9999790396008167
amp_noise,2,47,True,1,1,0.10268409506449994,0.9999795047301056
amp_noise,2,48,True,1,1,0.21005911612210015,0.9999803792682451
amp_noise,2,49,True,1,1,0.37727944912625655,0.9999797534646927
amp_noise,2,50,True,1,1,0.2390388044687496,0.9999804734349584
amp_noise,2,51,True,1,1,0.1711594829297819,0.9999810852143463
amp_noise,2,52,False,0,0,0.0037349448204915814,
amp_noise,2,53,True,1,1,0.38923936901357986,0.9999808457500226
amp_noise,2,54,True,1,1,0.3336954553823258,0.9999790575271644
amp_noise,2,55,True,0,0,0.07396585546354051,0.97716069892301
amp_noise,2,56,True,1,1,0.18919226410102152,0.9999808128092058
amp_noise,2,57,True,1,1,0.10120089845769864,0.9999801014055544
amp_noise,2,58,False,0,0,0.0032961866896614733,
amp_noise,2,59,True,1,1,0.1792884209842039,0.9999796319927382
amp_noise,3,40,True,1,1,0.3309528816669163,0.9999796638673238
amp_noise,3,41,True,1,1,0.21059376120155104,0.999979580752824
amp_noise,3,42,False,0,0,0.004238945731672883,
amp_noise,3,43,True,1,1,0.26795866009249464,0.9999799709178189
amp_noise,3,44,True,1,1,0.20350638613761723,0.9999806084269414
amp_noise,3,45,True,1,1,0.21925588986500233,0.9999803931946031
amp_noise,3,46,True,1,1,0.09009148981647286,0.9999801247991255
amp_noise,3,47,True,1,1,0.23173633859702958,0.9999814168071045
amp_noise,3,48,True,1,1,0.12100111301775207,0.9999808158906477
amp_noise,3,49,True,1,1,0.2599284712563466,0.9999804246886641
amp_noise,3,50,True,1,1,0.11512565108450484,0.9999806174662743
amp_noise,3,51,True,1,1,0.14108011819265842,0.999980408534623
amp_noise,3,52,True,1,1,0.16199421792909996,0.9999801399456285
amp_noise,3,53,True,0,0,0.13383931553925593,0.9770867676494871
amp_noise,3,54,True,1,1,0.24989715552106662,0.9999809266655344
amp_noise,3,55,True,1,1,0.24641954558300383,0.9999791677107257
amp_noise,3,56,True,0,0,0.013223997679313038,0.8174989787827943
amp_noise,3,57,False,0,0,0.0007531182820791904,
amp_noise,3,58,True,0,0,0.019139798065466895,0.9770951947189815
amp_noise,3,59,True,1,1,0.043134713274648906,0.9999801813070909
amp_noise,4,40,False,0,0,0.004194059015068974,
amp_noise,4,41,True,1,1,0.19259181552785287,0.9999804112017631
amp_noise,4,42,True,0,0,0.1525867684261512,0.9768406598445261
amp_noise,4,43,True,1,1,0.1544241145003699,0.9999797364760826
amp_noise,4,44,True,0,0,0.22813480761853205,0.9783934747159134
amp_noise,4,45,True,0,0,0.0431929542395853,0.9784052119161636
amp_noise,4,46,True,1,1,0.11800050232535325,0.9999806959208638
amp_noise,4,47,True,0,0,0.09430288659576502,0.9768372253523341
amp_noise,4,48,True,0,0,0.19046241679455533,0.9768400968741934
amp_noise,4,49,True,0,0,0.06617723585994217,0.9784086849878306
amp_noise,4,50,True,0,0,0.06688300053936636,0.9768523965370508
amp_noise,4,51,True,0,0,0.10020818784871333,0.9784111266050036
amp_noise,4,52,True,1,1,0.04327358086984484,0.9999803253474588
amp_noise,4,53,True,1,1,0.03031937792455075,0.9999795368629675
amp_noise,4,54,True,1,1,0.136101057052128,0.9999804100433465
amp_noise,4,55,True,0,0,0.013754978727437694,0.9784158278279798
amp_noise,4,56,True,0,0,0.024732089771347776,0.9768397782714061
amp_noise,4,57,True,1,1,0.023916919797789038,0.9999800034649772
amp_noise,4,58,True,0,0,0.13625353936814733,0.9784188180699457
amp_noise,4,59,True,1,1,0.03857739349562439,0.9999810495698731
amp_noise,5,40,True,0,0,0.0816376913696088,0.8951948367342087
amp_noise,5,41,False,0,0,0.0014536092502946962,
amp_noise,5,42,False,0,0,0.0009864952643338087,
amp_noise,5,43,False,0,0,0.003921269286245144,
amp_noise,5,44,False,0,0,0.005143201616574278,
amp_noise,5,45,True,0,0,0.06429719065619943,0.8717422003066825
amp_noise,5,46,False,0,1,0.00487128090660871,
amp_noise,5,47,False,0,0,0.003589215217423669,
amp_noise,5,48,False,0,0,0.0031367629030658595,
amp_noise,5,49,False,0,1,0.0036641097778407627,
amp_noise,5,50,False,0,1,0.0031373309092402324,
amp_noise,5,51,False,0,0,0.004410003199298074,
amp_noise,5,52,False,0,0,0.001461559096768733,
amp_noise,5,53,True,0,0,0.026428892884220234,0.8919737577399965
amp_noise,5,54,False,0,1,0.0027165581355653168,
amp_noise,5,55,False,0,0,0.006737234987007734,
amp_noise,5,56,False,0,0,0.0024518975480366523,
amp_noise,5,57,False,0,1,0.0012298373482076408,
amp_noise,5,58,True,0,0,0.012624984327127553,0.8950414179271277
amp_noise,5,59,False,0,0,0.001383716918643918,
amp_noise,6,40,True,1,1,0.045772904154856686,0.9999802384589782
amp_noise,6,41,False,0,0,0.002672479057961419,
amp_noise,6,42,False,0,0,0.003372282449368269,
amp_noise,6,43,True,0,0,0.016714997731101022,0.8618235978066063
amp_noise,6,44,True,1,1,0.05122097165016254,0.9999809521328558
amp_noise,6,45,True,0,0,0.058713438868886025,0.9771334143854512
amp_noise,6,46,True,0,0,0.06310573412452725,0.9771321167920418
amp_noise,6,47,True,1,1,0.025408480763358554,0.999980988610045
amp_noise,6,48,False,0,0,0.003694099643622717,
amp_noise,6,49,True,0,0,0.1303841423403138,0.8618543295590125
amp_noise,6,50,True,1,1,0.14983880995150245,0.9999811265675885
amp_noise,6,51,True,1,1,0.04593370744754777,0.9999803561340802
amp_noise,6,52,True,0,0,0.10907200733760258,0.9787212647636098
amp_noise,6,53,False,0,0,0.00025030398758318917,
amp_noise,6,54,True,1,1,0.0598241645868276,0.9999800240941437
amp_noise,6,55,True,1,1,0.03386081796298429,0.9999811117953876
amp_noise,6,56,True,1,1,0.029069562018854578,0.9999805655344952
amp_noise,6,57,False,0,0,0.009097142646466883,
amp_noise,6,58,True,1,1,0.03216814905787968,0.9999801724534997
amp_noise,6,59,False,0,0,0.008047422546382133,
amp_noise,7,40,True,1,1,0.17099036198471085,0.9999789145445677
amp_noise,7,41,False,0,1,0.00021400806069815648,
amp_noise,7,42,True,1,1,0.053039893161756724,0.99998031513886
amp_noise,7,43,True,0,0,0.15164666571406304,0.9786350528161735
amp_noise,7,44,True,1,1,0.08862463358693706,0.9999807402463388
amp_noise,7,45,True,0,0,0.06372509685822358,0.861767426111473
amp_noise,7,46,False,0,0,0.0009134680787674654,
amp_noise,7,47,True,0,0,0.21793707739048573,0.8348011059668639
amp_noise,7,48,True,0,0,0.10713349879412065,0.8617842469842492
amp_noise,7,49,True,0,0,0.05332168869305637,0.9786549828915407
amp_noise,7,50,False,0,1,0.001803083975165154,
amp_noise,7,51,True,1,1,0.12658565098651714,0.9999803959981123
amp_noise,7,52,True,1,1,0.06971037250243689,0.9999805160115954
amp_noise,7,53,True,1,1,0.07726773217753802,0.9999782260864128
amp_noise,7,54,False,0,0,0.0004711271223001301,
amp_noise,7,55,True,0,0,0.04138414571985982,0.9770953851173497
amp_noise,7,56,True,1,1,0.11378136742570072,0.9999790953569009
amp_noise,7,57,True,0,0,0.0998866155729563,0.977089964204843
amp_noise,7,58,True,0,0,0.05897149841728938,0.8347584202311239
amp_noise,7,59,True,1,1,0.04512794719909052,0.9999794722022207
amp_noise,8,40,True,1,1,0.3125301704973944,0.9999799173936218
amp_noise,8,41,False,0,1,0.0077970770623490004,
amp_noise,8,42,True,1,1,0.16281770760211056,0.9999800001079264
amp_noise,8,43,True,1,1,0.30062146536211554,0.9999802670411332
amp_noise,8,44,True,0,0,0.07830784370782806,0.9783953058991132
amp_noise,8,45,True,1,1,0.23498050252559605,0.9999793510281353
amp_noise,8,46,True,1,1,0.23825473167335037,0.9999813192331525
amp_noise,8,47,False,0,0,0.003871937109043433,
amp_noise,8,48,True,1,1,0.09217941216868974,0.9999803500449065
amp_noise,8,49,True,1,1,0.18711702651884976,0.9999815415459763
amp_noise,8,50,True,0,0,0.03142285599632666,0.9784003859854608
amp_noise,8,51,True,1,1,0.11456908137643995,0.9999801429887222
amp_noise,8,52,True,1,1,0.13109674186889092,0.9999805473303481
amp_noise,8,53,True,0,0,0.01526507231580121,0.978414512941153
amp_noise,8,54,True,1,1,0.16493366426406952,0.9999804720315946
amp_noise,8,55,True,0,0,0.06559234271809133,0.9784081592287793
amp_noise,8,56,True,1,1,0.18298782868377983,0.9999809441106127
amp_noise,8,57,True,1,1,0.2721323440400032,0.9999787617811184
amp_noise,8,58,True,1,1,0.04239526450535003,0.9999809328938485
amp_noise,8,59,True,1,1,0.19599649263971053,0.9999796198400523
amp_noise,9,40,False,0,1,0.003335014422809479,
amp_noise,9,41,False,0,0,0.003769556623050563,
amp_noise,9,42,True,0,0,0.02422637637306041,0.8704953507403445
amp_noise,9,43,True,0,0,0.020426072273481588,0.8782254119863061
amp_noise,9,44,False,0,1,0.00392391731631625,
amp_noise,9,45,False,0,1,0.005977751375239593,
amp_noise,9,46,False,0,0,0.0038572462577021738,
amp_noise,9,47,True,0,0,0.08142906084944185,0.8707023337185902
amp_noise,9,48,True,0,0,0.1101206592837185,0.8704457900808512
amp_noise,9,49,True,0,0,0.0708551768384672,0.8706702826862791
amp_noise,9,50,True,0,0,0.02322288983898424,0.8782191229225998
amp_noise,9,51,True,0,0,0.11531606724119225,0.8782741908137517
amp_noise,9,52,True,0,0,0.07416695655015881,0.8705726902764238
amp_noise,9,53,False,0,1,0.008844104174559608,
amp_noise,9,54,False,0,0,0.0062370330409572405,
amp_noise,9,55,True,0,0,0.00984155648650925,0.8705919679575129
amp_noise,9,56,False,0,0,0.005105899106462197,
amp_noise,9,57,False,0,1,0.000869589715373098,
amp_noise,9,58,True,0,0,0.09774949862686028,0.8349416386783229
amp_noise,9,59,False,0,1,0.003040122412093893,
amp_noise,10,40,True,0,0,0.01798617152022841,0.8346333867549156
amp_noise,10,41,True,1,1,0.07952545355903934,0.9999798971680016
amp_noise,10,42,True,1,1,0.22983716578301006,0.9999807081098886
amp_noise,10,43,True,0,0,0.04611260748705037,0.8312151126123646
amp_noise,10,44,True,1,1,0.14458321076073732,0.9999805471275834
amp_noise,10,45,True,0,0,0.04506969997706439,0.8175395407935689
amp_noise,10,46,True,1,1,0.022438520864708877,0.9999808126244779
amp_noise,10,47,True,1,1,0.0168725126409357,0.99997988300727
amp_noise,10,48,True,1,1,0.4070953593790878,0.9999804197322791
amp_noise,10,49,True,1,1,0.28913867834664797,0.999979447236609
amp_noise,10,50,True,1,1,0.19064514508186226,0.999980282430867
amp_noise,10,51,True,1,1,0.07416550293883084,0.9999796153884325
amp_noise,10,52,True,1,1,0.1369125563475434,0.9999804021525065
amp_noise,10,53,True,1,1,0.2512215357800786,0.9999804019006342
amp_noise,10,54,True,0,0,0.026145303294479172,0.9786853361218816
amp_noise,10,55,False,0,0,0.001979992504622219,
amp_noise,10,56,True,1,1,0.08886279420297427,0.9999805921394693
amp_noise,10,57,True,1,1,0.29019752034010776,0.9999813711392385
amp_noise,10,58,True,1,1,0.2811894014587928,0.9999793414171103
amp_noise,10,59,True,0,0,0.016089582653496748,0.834744270847676
amp_noise,11,40,True,1,1,0.2236262887862127,0.999979119019871
amp_noise,11,41,True,1,1,0.03713599045027677,0.9999804050729346
amp_noise,11,42,True,1,1,0.08437466266581012,0.9999799303374571
amp_noise,11,43,True,1,1,0.057675881197645995,0.9999810265790194
amp_noise,11,44,True,1,1,0.07507424108130001,0.9999795799004763
amp_noise,11,45,False,0,0,0.0008238692650029966,
amp_noise,11,46,False,0,0,0.002034616675279155,
amp_noise,11,47,True,1,1,0.021102413476391746,0.9999805186879087
amp_noise,11,48,True,0,0,0.04944443393556025,0.9786420098989489
amp_noise,11,49,True,1,1,0.14190748716228369,0.999980666864565
amp_noise,11,50,True,1,1,0.10349592568229171,0.9999801089581059
amp_noise,11,51,True,1,1,0.06383536831720954,0.9999803892161924
amp_noise,11,52,True,0,0,0.13110127639978353,0.7684715322055372
amp_noise,11,53,False,0,0,0.005494887494896461,
amp_noise,11,54,True,0,0,0.01619228850320109,0.9786333182443518
amp_noise,11,55,True,1,1,0.031075782666944107,0.9999798488528795
amp_noise,11,56,True,1,1,0.09053608275715752,0.9999805186468697
amp_noise,11,57,True,1,1,0.026720363609680775,0.999980845330288
amp_noise,11,58,True,0,0,0.03044783825731534,0.8342788494637847
amp_noise,11,59,True,1,1,0.13125883243477587,0.9999793526986327
mixed,0,40,True,1,1,0.19701744444270053,0.9999372452433177
mixed,0,41,True,1,1,0.2736999804494697,0.9999360276424126
mixed,0,42,True,1,1,0.32266120311633206,0.9999346845109482
mixed,0,43,True,1,1,0.24272135059004218,0.9999332221123401
mixed,0,44,True,1,1,0.2519682563928143,0.9999333300590046
mixed,0,45,True,1,1,0.18248279911990684,0.9999345073650789
mixed,0,46,True,0,0,0.10839352299877503,0.9772409194308306
mixed,0,47,True,1,1,0.18969380536679392,0.9999306953359959
mixed,0,48,True,1,1,0.37592019728721987,0.9999362137798493
mixed,0,49,True,1,1,0.28572916492773337,0.9999342943916428
mixed,0,50,True,1,1,0.34859255813995327,0.9999366004403563
mixed,0,51,True,1,1,0.3243258402272119,0.9999342754618299
mixed,0,52,True,1,1,0.17693550383714524,0.9999339145524423
mixed,0,53,True,1,1,0.20526305335825562,0.9999343588082545
mixed,0,54,True,1,1,0.26937140680020766,0.9999349734597113
mixed,0,55,True,1,1,0.3133706847281512,0.9999333425563074
mixed,0,56,True,1,1,0.22460736477092808,0.9999338994082414
mixed,0,57,True,1,1,0.12595113550343096,0.9999338831385084
mixed,0,58,True,1,1,0.19114671280858891,0.9999352486249601
mixed,0,59,True,1,1,0.14439067831454255,0.9999340868324307
mixed,1,40,False,0,0,0.00041165792505243326,
mixed,1,41,False,0,1,0.004529647634814504,
mixed,1,42,False,0,1,0.00068948335983543,
mixed,1,43,False,0,1,0.006815232645072722,
mixed,1,44,False,0,0,0.000146122597615983,
mixed,1,45,False,0,0,0.0003623569327779186,
mixed,1,46,True,0,0,0.04815523015349371,0.8374379252171521
mixed,1,47,False,0,1,0.004963233826483282,
mixed,1,48,False,0,1,0.0018114555123079912,
mixed,1,49,False,0,0,0.0025911292185619716,
mixed,1,50,True,0,0,0.033173704300398454,0.8928232024101072
mixed,1,51,False,0,0,0.006648118061687858,
mixed,1,52,False,0,1,0.006204148399147458,
mixed,1,53,False,0,0,0.002347193702452205,
mixed,1,54,True,0,0,0.053650149315579265,0.893067391715305
mixed,1,55,False,0,0,0.003150908715278955,
mixed,1,56,False,0,0,0.006222052059688399,
mixed,1,57,False,0,1,0.004074056534551174,
mixed,1,58,False,0,1,0.005120954211086326,
mixed,1,59,True,0,0,0.021175358038450498,0.8930847018759858
mixed,2,40,True,1,1,0.1968783852162707,0.999934104216959
mixed,2,41,True,1,1,0.3109049762818068,0.9999313381044258
mixed,2,42,True,1,1,0.26223511583491926,0.9999357990978284
mixed,2,43,True,1,1,0.18869463858546442,0.9999337487099509
mixed,2,44,False,0,1,0.00178968711390326,
mixed,2,45,True,1,1,0.20333861838092948,0.999937808350687
mixed,2,46,True,1,1,0.33628105567304434,0.9999346813020676
mixed,2,47,True,1,1,0.1661417478628608,0.9999328959180181
mixed,2,48,True,1,1,0.26844388163318367,0.9999348803852306
mixed,2,49,True,1,1,0.3935382531861139,0.9999355703233601
mixed,2,50,True,1,1,0.27709175674588604,0.9999306234128986
mixed,2,51,True,1,1,0.23116776645961384,0.9999333507457352
mixed,2,52,False,0,0,0.0006105405078486448,
mixed,2,53,True,1,1,0.4134847486260568,0.9999358628786854
mixed,2,54,True,1,1,0.36438360988640495,0.9999350336000937
mixed,2,55,True,0,0,0.13710671462799695,0.9775697186166712
mixed,2,56,True,1,1,0.2337428457407585,0.9999340005198816
mixed,2,57,True,1,1,0.17384065184225722,0.9999344755462758
mixed,2,58,True,1,1,0.09285413768800954,0.9999337529134165
mixed,2,59,True,1,1,0.25275533230676134,0.9999323034310946
mixed,3,40,True,1,1,0.344041381911364,0.9999341979563738
mixed,3,41,True,1,1,0.24295161477176735,0.9999330775447361
mixed,3,42,True,1,1,0.11579260912613931,0.9999367310008476
mixed,3,43,True,1,1,0.29615381880844416,0.9999370065054425
mixed,3,44,True,1,1,0.24813360675403454,0.9999358745078001
mixed,3,45,True,1,1,0.24585294235732402,0.9999349257430318
mixed,3,46,True,1,1,0.1791205388829717,0.9999329202749897
mixed,3,47,True,1,1,0.2789101042431145,0.999934861186015
mixed,3,48,True,1,1,0.19022429117642536,0.9999339490871395
mixed,3,49,True,1,1,0.2945510465785578,0.9999361299292203
mixed,3,50,True,1,1,0.17379964901184675,0.9999341732830703
mixed,3,51,True,1,1,0.17504761198015473,0.9999362946466356
mixed,3,52,True,1,1,0.2110578605709456,0.9999382595987548
mixed,3,53,True,0,0,0.06086156627332834,0.9775321179881292
mixed,3,54,True,1,1,0.2812579426011908,0.9999379253966449
mixed,3,55,True,1,1,0.2814727193084808,0.9999347349044126
mixed,3,56,True,0,0,0.029821577345705785,0.8165965526779273
mixed,3,57,True,1,1,0.12387261111366443,0.9999347742228589
mixed,3,58,True,1,1,0.05213114885015541,0.9999360625313118
mixed,3,59,True,1,1,0.09555769558204918,0.9999355217475122
mixed,4,40,True,1,1,0.018666430356857833,0.9999289069643839
mixed,4,41,True,1,1,0.2268860804040843,0.9999311693438441
mixed,4,42,True,0,0,0.08019254125385178,0.9756445885062373
mixed,4,43,True,1,1,0.20224259596063426,0.9999273996707485
mixed,4,44,True,0,0,0.16254604365443004,0.9789913568609004
mixed,4,45,True,1,1,0.03548944560713041,0.9999320924766923
mixed,4,46,True,1,1,0.17143078966865066,0.9999261322481362
mixed,4,47,True,0,0,0.029742930023072434,0.9756206598479683
mixed,4,48,True,0,0,0.13175879143147284,0.9756383586287308
mixed,4,49,True,0,0,0.009920672912306139,0.9789905919998808
mixed,4,50,True,1,1,0.023152447750477978,0.9999284608186337
mixed,4,51,False,0,0,0.00594739383632098,
mixed,4,52,True,1,1,0.09880975334328318,0.9999245510077923
mixed,4,53,True,1,1,0.08875620369495596,0.9999272732137321
mixed,4,54,True,1,1,0.182469998592514,0.9999281173596997
mixed,4,55,True,0,0,0.013340064964891929,0.9790097218881065
mixed,4,56,True,1,1,0.04292480940236737,0.9999265916605468
mixed,4,57,True,1,1,0.11279714667936519,0.9999272968833024
mixed,4,58,True,0,0,0.05381041166822492,0.9790097931457372
mixed,4,59,True,1,1,0.10453179062582091,0.9999283291027473
mixed,5,40,True,0,0,0.07463434958988416,0.893891824792627
mixed,5,41,False,0,0,0.00144631625074082,
mixed,5,42,False,0,0,0.0008537906364369241,
mixed,5,43,False,0,1,0.0024414683806106563,
mixed,5,44,False,0,0,0.0051640883387319425,
mixed,5,45,False,0,0,0.004183331166694282,
mixed,5,46,False,0,1,0.004939654165179219,
mixed,5,47,False,0,0,0.0034894481319923953,
mixed,5,48,False,0,0,0.0030972646440044493,
mixed,5,49,False,0,1,0.00375598115836262,
mixed,5,50,False,0,1,0.003312449247467153,
mixed,5,51,False,0,0,0.004342921406396749,
mixed,5,52,False,0,0,0.0016686270637898126,
mixed,5,53,False,0,0,0.00021733637089316193,
mixed,5,54,False,0,1,0.0027874497232602824,
mixed,5,55,False,0,0,0.006727137084108048,
mixed,5,56,False,0,0,0.0023219375416820287,
mixed,5,57,False,0,1,0.0013008385800346856,
mixed,5,58,False,0,0,0.00322748678003304,
mixed,5,59,False,0,0,0.0012344217858042406,
mixed,6,40,True,1,1,0.06914069490168767,0.9999275257556648
mixed,6,41,False,0,0,0.00560108187637981,
mixed,6,42,False,0,0,0.004012344780131516,
mixed,6,43,True,0,0,0.04490850735452634,0.859917230466971
mixed,6,44,True,1,1,0.13945813199997742,0.9999302780212871
mixed,6,45,True,1,1,0.03522387247061015,0.9999293483144956
mixed,6,46,True,1,1,0.04442599348373205,0.9999331562603702
mixed,6,47,True,1,1,0.07012726830824112,0.9999308019628399
mixed,6,48,False,0,0,0.004845134212481672,
mixed,6,49,True,0,0,0.0848717699388552,0.8598629471896998
mixed,6,50,True,1,1,0.17869862651522583,0.9999291812242818
mixed,6,51,True,1,1,0.1191436331695584,0.9999307937216065
mixed,6,52,True,0,0,0.030179686175155485,0.9793000133067064
mixed,6,53,False,0,0,0.00023895506497328967,
mixed,6,54,True,1,1,0.08684360684136466,0.9999282314931156
mixed,6,55,True,1,1,0.07890374474070083,0.9999293629996938
mixed,6,56,True,1,1,0.06736279977502596,0.9999270876587234
mixed,6,57,True,0,0,0.0803630620403763,0.8599825909801283
mixed,6,58,True,1,1,0.0845299245684838,0.9999300769485939
mixed,6,59,True,1,1,0.028731803909673503,0.9999275368896564
mixed,7,40,True,1,1,0.19022811211172502,0.9999274507709908
mixed,7,41,True,1,1,0.0875571698682791,0.9999271502026579
mixed,7,42,True,1,1,0.08235652409248728,0.999925586277665
mixed,7,43,True,0,0,0.06613783489792169,0.9792057707241635
mixed,7,44,True,1,1,0.11490110493521555,0.9999273103523083
mixed,7,45,True,0,0,0.04021379878966036,0.8600012512304025
mixed,7,46,False,0,0,0.0010774894933982537,
mixed,7,47,True,0,0,0.09342602996278954,0.8333734592334744
mixed,7,48,True,0,0,0.050680321157657054,0.8598578878963498
mixed,7,49,True,0,0,0.023894929676842536,0.9792638316750939
mixed,7,50,True,1,1,0.033935098236101635,0.9999277700302848
mixed,7,51,True,1,1,0.1714272979412255,0.9999303659737849
mixed,7,52,True,1,1,0.10182345592276348,0.9999275911049738
mixed,7,53,True,1,1,0.11274287199267191,0.9999251809282644
mixed,7,54,True,1,1,0.0313239343368128,0.9999296878977819
mixed,7,55,True,1,1,0.021939141183645983,0.9999264737846096
mixed,7,56,True,1,1,0.18062701956311078,0.9999255735680345
mixed,7,57,True,0,0,0.03887059761878203,0.9759022567118888
mixed,7,58,False,0,0,0.001447530413792697,
mixed,7,59,True,1,1,0.10024906623526902,0.999928702666587
mixed,8,40,True,1,1,0.35835395298851447,0.9999175002304472
mixed,8,41,True,1,1,0.06321818696856085,0.9999224631565535
mixed,8,42,True,1,1,0.2120176188117385,0.9999166651678721
mixed,8,43,True,1,1,0.31506774911114444,0.9999185590959402
mixed,8,44,True,1,1,0.01990958349554356,0.9999177372121547
mixed,8,45,True,1,1,0.3129818173648136,0.9999181628518433
mixed,8,46,True,1,1,0.26583421469010887,0.9999217853947433
mixed,8,47,True,1,1,0.08500126906706629,0.999919669331216
mixed,8,48,True,1,1,0.1429023295455492,0.9999173647221056
mixed,8,49,True,1,1,0.2211567578255682,0.9999209230864805
mixed,8,50,True,1,1,0.033645399926791664,0.9999199686422177
mixed,8,51,True,1,1,0.20648792689397338,0.9999198590271201
mixed,8,52,True,1,1,0.1710139086635708,0.999918406326694
mixed,8,53,True,1,1,0.03506040026223728,0.9999198119516186
mixed,8,54,True,1,1,0.19231320502371252,0.9999189332593937
mixed,8,55,True,1,1,0.012300479351863902,0.9999227451056748
mixed,8,56,True,1,1,0.2218798523047667,0.9999198537618657
mixed,8,57,True,1,1,0.29368259692476945,0.9999158894634724
mixed,8,58,True,1,1,0.08306772773392729,0.9999214366529129
mixed,8,59,True,1,1,0.2746876048279644,0.9999220558605367
mixed,9,40,False,0,1,0.008508073819388895,
mixed,9,41,False,0,0,0.003741831286985464,
mixed,9,42,False,0,0,0.004168533039421274,
mixed,9,43,True,0,0,0.0352340754809673,0.8765891572389438
mixed,9,44,False,0,1,0.003997160048285209,
mixed,9,45,False,0,1,0.006166805809134895,
mixed,9,46,False,0,0,0.003968797600605478,
mixed,9,47,False,0,0,0.009070870689145305,
mixed,9,48,True,0,0,0.011261920435793993,0.8678932834252853
mixed,9,49,True,0,0,0.018393774699240528,0.868197375523769
mixed,9,50,False,0,1,0.004474520276944893,
mixed,9,51,True,0,0,0.10160917864515756,0.8767654511733818
mixed,9,52,False,0,0,0.0009051118302136341,
mixed,9,53,False,0,1,0.009074873729277178,
mixed,9,54,False,0,1,0.005252448664589404,
mixed,9,55,False,0,0,0.004139172084677234,
mixed,9,56,False,0,0,0.005049233557280208,
mixed,9,57,False,0,1,0.001067052851933259,
mixed,9,58,True,0,0,0.025111221396617422,0.8681371391306282
mixed,9,59,False,0,1,0.0032223091367624968,
mixed,10,40,True,1,1,0.045338236321200265,0.999921182688609
mixed,10,41,True,1,1,0.18128409929461425,0.9999197137114155
mixed,10,42,True,1,1,0.2892923474962716,0.9999218019113142
mixed,10,43,True,1,1,0.07829414710422394,0.9999213645213132
mixed,10,44,True,1,1,0.19630636083817155,0.9999198210267622
mixed,10,45,True,1,1,0.06963315512720192,0.9999205160573914
mixed,10,46,True,1,1,0.10300088922116502,0.9999195486560831
mixed,10,47,True,1,1,0.08205037143493821,0.999918580633556
mixed,10,48,True,1,1,0.43309685540741844,0.9999249726229367
mixed,10,49,True,1,1,0.3282859389120844,0.9999183453567357
mixed,10,50,True,1,1,0.24912977958272825,0.9999205883683714
mixed,10,51,True,1,1,0.17815393278024128,0.9999239333804057
mixed,10,52,True,1,1,0.19657613201287155,0.9999206126212034
mixed,10,53,True,1,1,0.2981195095267155,0.9999193367818761
mixed,10,54,True,0,0,0.02280932117585871,0.9773654984640499
mixed,10,55,False,0,0,0.0036905828621668912,
mixed,10,56,True,1,1,0.16966427108853888,0.9999207201965817
mixed,10,57,True,1,1,0.3464135943734417,0.9999217864120795
mixed,10,58,True,1,1,0.31979950919474426,0.9999190472813116
mixed,10,59,True,0,0,0.02060732615348554,0.8316059718165937
mixed,11,40,True,1,1,0.2522514443077801,0.9999205099569595
mixed,11,41,True,1,1,0.1014143212670377,0.9999214738216252
mixed,11,42,True,1,1,0.13243740648576957,0.9999205687731569
mixed,11,43,True,1,1,0.09832834044100269,0.9999218220518614
mixed,11,44,True,1,1,0.12551543770072549,0.9999198770682033
mixed,11,45,True,1,1,0.0183456015130104,0.9999219049908027
mixed,11,46,False,0,0,0.0016227449294416996,
mixed,11,47,True,1,1,0.05058538706234017,0.9999197000438346
mixed,11,48,True,1,1,0.023683968459527804,0.9999153131176614
mixed,11,49,True,1,1,0.1716965174703231,0.9999192294414717
mixed,11,50,True,1,1,0.1300490946202647,0.9999211898509269
mixed,11,51,True,1,1,0.1317252519298528,0.9999208842341736
mixed,11,52,True,1,1,0.054963779798210155,0.9999216274619965
mixed,11,53,False,0,0,0.003332772087130398,
mixed,11,54,True,1,1,0.03524459674249697,0.9999216042333499
mixed,11,55,True,1,1,0.10795889727181995,0.9999209499625947
mixed,11,56,True,1,1,0.13431499042115724,0.9999222342042309
mixed,11,57,True,1,1,0.09059128172459774,0.9999185839075997
mixed,11,58,False,0,0,0.0037334395431040113,
mixed,11,59,True,1,1,0.1568558480421331,0.9999157905084141
