capacity,corruption,accuracy,margin_median,margin_min
4,amp_noise,1.0,0.29632718997443785,0.0672862026803639
4,dropout_25,1.0,0.6911544524115449,0.5907404525272003
4,dropout_50,1.0,0.6763802953223375,0.5620112042133291
4,mixed,1.0,0.3617986214858586,0.1713602332783719
4,phase_wipe,1.0,0.7402795479304085,0.6998873948794858
4,random_phase,1.0,0.7402795479304063,0.6998873948794783
8,amp_noise,1.0,0.15118440489308382,0.01293413643239627
8,dropout_25,1.0,0.5125747455126088,0.3742940773040212
8,dropout_50,1.0,0.49163362691943757,0.3632366997981009
8,mixed,1.0,0.21547213091944473,0.054877667768508775
8,phase_wipe,1.0,0.5553869204933936,0.452152612841326
8,random_phase,1.0,0.5553869204933912,0.45215261284131825
12,amp_noise,0.975,0.11164687068063783,0.002863286650903074
12,dropout_25,1.0,0.4554705076739442,0.3380248133291239
12,dropout_50,1.0,0.4442111679271065,0.3213439421735028
12,mixed,1.0,0.16510685518084697,0.027026520369515694
12,phase_wipe,1.0,0.5246788680650499,0.3904162312965068
12,random_phase,1.0,0.524678868065045,0.3904162312965001
16,amp_noise,0.93125,0.07758663978995178,8.23177358580951e-05
16,dropout_25,1.0,0.40983703051087084,0.21879711742765715
16,dropout_50,1.0,0.38434700107263203,0.1958194255415764
16,mixed,0.975,0.12197366515486685,0.007281682024892766
16,phase_wipe,1.0,0.47040471262477973,0.2603601109706112
16,random_phase,1.0,0.47040471262477734,0.26036011097060324
24,amp_noise,0.8541666666666666,0.03665426903697827,4.0610203034585624e-05
24,dropout_25,1.0,0.2052951898641608,0.1289507775180522
24,dropout_50,1.0,0.201222440619801,0.1128284681054702
24,mixed,0.9458333333333333,0.0502897246885054,0.00016756591983035918
24,phase_wipe,1.0,0.22803617056214293,0.19243684417728166
24,random_phase,1.0,0.2280361705621406,0.1924368441772777
