capacity,corruption,resolution_rate,accuracy_all,accuracy_when_resolved,margin_median,final_overlap_median
2,amp_noise,0.9375,0.9375,0.9375,0.08906057329312556,0.9999808509711953
2,dropout_25,0.75,0.75,0.75,0.07335975412817697,0.9999697416853568
2,dropout_50,0.5,0.4375,0.4375,0.04005755416850887,0.9999590048938131
2,mixed,0.9375,0.9375,0.9375,0.15662958911322106,0.9999348240363176
2,phase_wipe,1.0,1.0,1.0,0.6129288693569318,0.9999690209100844
2,random_phase,1.0,1.0,1.0,0.6129288693569296,0.9998331204322921
4,amp_noise,0.5625,0.5,0.5,0.045632982328388305,0.9999805112499673
4,dropout_25,0.28125,0.28125,0.28125,0.024167255167536483,0.9999697639137528
4,dropout_50,0.125,0.125,0.125,0.016562707480721084,0.9999590084765066
4,mixed,0.8125,0.8125,0.8125,0.07908548239532198,0.999934630473096
4,phase_wipe,1.0,1.0,1.0,0.42387012259834367,0.99996955334572
4,random_phase,1.0,1.0,1.0,0.4238701225983417,0.9998330891642189
8,amp_noise,0.28125,0.234375,0.234375,0.020441604518035783,0.9999802467744506
8,dropout_25,0.140625,0.140625,0.140625,0.009622571273091518,0.999968943822957
8,dropout_50,0.0625,0.015625,0.015625,0.010177579012998539,0.8796752663864351
8,mixed,0.4375,0.40625,0.40625,0.027412863083143446,0.9999335393823207
8,phase_wipe,0.75,0.75,0.75,0.2894262451076104,0.9999559764407243
8,random_phase,0.75,0.75,0.75,0.28942624510760884,0.999833054808281
12,amp_noise,0.28125,0.23958333333333334,0.23958333333333334,0.024075748888138127,0.9999803679925994
12,dropout_25,0.17708333333333334,0.125,0.125,0.01303983614863835,0.9999690183182379
12,dropout_50,0.13541666666666666,0.020833333333333332,0.020833333333333332,0.014243342537144876,0.8321195437872682
12,mixed,0.4479166666666667,0.4270833333333333,0.4270833333333333,0.03334820460235621,0.9999262732097517
12,phase_wipe,0.75,0.75,0.75,0.35260495265945,0.9999424448557785
12,random_phase,0.75,0.75,0.75,0.3526049526594466,0.9998330781662375
