capacity,corruption,target,seed,resolved,correct,margin,final_overlap
2,phase_wipe,0,0,True,1,0.6129288693569318,0.9999693941602574
2,phase_wipe,0,1,True,1,0.6129288693569318,0.9999693941602574
2,phase_wipe,0,2,True,1,0.6129288693569318,0.9999693941602574
2,phase_wipe,0,3,True,1,0.6129288693569318,0.9999693941602574
2,phase_wipe,0,4,True,1,0.6129288693569318,0.9999693941602574
2,phase_wipe,0,5,True,1,0.6129288693569318,0.9999693941602574
2,phase_wipe,0,6,True,1,0.6129288693569318,0.9999693941602574
2,phase_wipe,0,7,True,1,0.6129288693569318,0.9999693941602574
2,phase_wipe,1,0,True,1,0.6129288693569318,0.9999686476599116
2,phase_wipe,1,1,True,1,0.6129288693569318,0.9999686476599116
2,phase_wipe,1,2,True,1,0.6129288693569318,0.9999686476599116
2,phase_wipe,1,3,True,1,0.6129288693569318,0.9999686476599116
2,phase_wipe,1,4,True,1,0.6129288693569318,0.9999686476599116
2,phase_wipe,1,5,True,1,0.6129288693569318,0.9999686476599116
2,phase_wipe,1,6,True,1,0.6129288693569318,0.9999686476599116
2,phase_wipe,1,7,True,1,0.6129288693569318,0.9999686476599116
2,random_phase,0,0,True,1,0.6129288693569301,0.9998331524013907
2,random_phase,0,1,True,1,0.61292886935693,0.9998331413286525
2,random_phase,0,2,True,1,0.6129288693569293,0.9998331075569457
2,random_phase,0,3,True,1,0.6129288693569284,0.9998332675299452
2,random_phase,0,4,True,1,0.6129288693569301,0.9998329964044222
2,random_phase,0,5,True,1,0.6129288693569289,0.999832971527933
2,random_phase,0,6,True,1,0.6129288693569297,0.9998331333076386
2,random_phase,0,7,True,1,0.6129288693569301,0.9998331435949518
2,random_phase,1,0,True,1,0.6129288693569276,0.9998330827429094
2,random_phase,1,1,True,1,0.6129288693569287,0.9998329711555304
2,random_phase,1,2,True,1,0.6129288693569296,0.9998330022391425
2,random_phase,1,3,True,1,0.6129288693569297,0.9998331584661209
2,random_phase,1,4,True,1,0.612928869356929,0.999833037949167
2,random_phase,1,5,True,1,0.6129288693569296,0.999833371369961
2,random_phase,1,6,True,1,0.6129288693569296,0.9998329869098396
2,random_phase,1,7,True,1,0.6129288693569305,0.9998331709846479
2,dropout_25,0,0,True,1,0.07948498377044544,0.9999696312981144
2,dropout_25,0,1,True,1,0.07831576852372013,0.9999698244999152
2,dropout_25,0,2,True,1,0.16325077410833133,0.9999700691830299
2,dropout_25,0,3,True,1,0.10907778214266894,0.9999709244824281
2,dropout_25,0,4,False,0,0.01107277156243569,
2,dropout_25,0,5,True,1,0.07331496757260814,0.9999690012394522
2,dropout_25,0,6,False,0,0.029628451812754975,
2,dropout_25,0,7,True,1,0.05279899694359402,0.9999696588707985
2,dropout_25,1,0,False,0,0.00812806307349545,
2,dropout_25,1,1,True,1,0.06957657035958453,0.9999693971340989
2,dropout_25,1,2,False,0,0.0034647625833721385,
2,dropout_25,1,3,True,1,0.0734045406837458,0.9999699471785354
2,dropout_25,1,4,True,1,0.04159763659213489,0.9999684670054779
2,dropout_25,1,5,True,1,0.10588504851265634,0.9999689709910748
2,dropout_25,1,6,True,1,0.07991994690251891,0.9999698477028449
2,dropout_25,1,7,True,1,0.07628863143065656,0.9999705069536141
2,dropout_50,0,0,True,0,0.05384124906850385,0.9237196152574324
2,dropout_50,0,1,True,1,0.04356036267029584,0.999959003216409
2,dropout_50,0,2,True,1,0.059079537146425665,0.9999590109354343
2,dropout_50,0,3,False,0,0.0365547456667219,
2,dropout_50,0,4,False,0,0.007292528484202698,
2,dropout_50,0,5,True,1,0.15590723023994357,0.9999589986153067
2,dropout_50,0,6,False,0,0.02368118805898245,
2,dropout_50,0,7,False,0,0.01922736215411991,
2,dropout_50,1,0,False,0,0.005755031438822833,
2,dropout_50,1,1,True,1,0.15556464691238236,0.9999590096934625
2,dropout_50,1,2,True,1,0.06123396435919304,0.9999590065712172
2,dropout_50,1,3,True,1,0.10442537031017185,0.9999589997439601
2,dropout_50,1,4,False,0,0.016457404835643175,
2,dropout_50,1,5,True,1,0.0751430382791165,0.9999590357045345
2,dropout_50,1,6,False,0,0.03184273643996871,
2,dropout_50,1,7,False,0,0.011545517849446796,
2,amp_noise,0,0,True,1,0.09725480901178374,0.9999808509711953
2,amp_noise,0,1,True,1,0.040417170035544014,0.9999814771217556
2,amp_noise,0,2,True,1,0.055022222266317256,0.9999812929179113
2,amp_noise,0,3,True,1,0.11692036018133267,0.9999814988034139
2,amp_noise,0,4,True,1,0.07343960426576146,0.9999801848163289
2,amp_noise,0,5,True,1,0.07656518816070901,0.9999796125434018
2,amp_noise,0,6,True,1,0.12192899218043185,0.999981012270102
2,amp_noise,0,7,True,1,0.17724476444479542,0.9999810576532885
2,amp_noise,1,0,True,1,0.2037515246949202,0.9999808322507716
2,amp_noise,1,1,False,0,0.014902166731642907,
2,amp_noise,1,2,True,1,0.09181079952789784,0.9999799954835059
2,amp_noise,1,3,True,1,0.044931965897372805,0.9999811612160023
2,amp_noise,1,4,True,1,0.1938588875253926,0.999980579248896
2,amp_noise,1,5,True,1,0.26995469233487457,0.9999811467602393
2,amp_noise,1,6,True,1,0.08631034705835328,0.9999805551432152
2,amp_noise,1,7,True,1,0.04433786884264723,0.9999802251845918
2,mixed,0,0,True,1,0.16473836793300822,0.9999348240363176
2,mixed,0,1,True,1,0.10609501768459384,0.9999374415318233
2,mixed,0,2,True,1,0.11657257177132085,0.9999353050008406
2,mixed,0,3,True,1,0.18947466039977134,0.9999336871216171
2,mixed,0,4,True,1,0.13658617794228123,0.9999341583925149
2,mixed,0,5,True,1,0.13999861080339593,0.9999331408874598
2,mixed,0,6,True,1,0.19590052038511907,0.9999363380176545
2,mixed,0,7,True,1,0.2521535141975034,0.9999351487340514
2,mixed,1,0,True,1,0.2605392032726972,0.9999352433951787
2,mixed,1,1,False,0,0.03863647415726179,
2,mixed,1,2,True,1,0.15802505907135322,0.9999339760310869
2,mixed,1,3,True,1,0.10813135712625122,0.999935314856772
2,mixed,1,4,True,1,0.26444539322067306,0.9999345167620691
2,mixed,1,5,True,1,0.33634930973022814,0.9999338718200981
2,mixed,1,6,True,1,0.1552341191550889,0.9999363933611859
2,mixed,1,7,True,1,0.1062601312582172,0.9999328132256122
4,phase_wipe,0,0,True,1,0.49105023516554774,0.9999693941602574
4,phase_wipe,0,1,True,1,0.49105023516554774,0.9999693941602574
4,phase_wipe,0,2,True,1,0.49105023516554774,0.9999693941602574
4,phase_wipe,0,3,True,1,0.49105023516554774,0.9999693941602574
4,phase_wipe,0,4,True,1,0.49105023516554774,0.9999693941602574
4,phase_wipe,0,5,True,1,0.49105023516554774,0.9999693941602574
4,phase_wipe,0,6,True,1,0.49105023516554774,0.9999693941602574
4,phase_wipe,0,7,True,1,0.49105023516554774,0.9999693941602574
4,phase_wipe,1,0,True,1,0.405633893855987,0.9999686476599116
4,phase_wipe,1,1,True,1,0.405633893855987,0.9999686476599116
4,phase_wipe,1,2,True,1,0.405633893855987,0.9999686476599116
4,phase_wipe,1,3,True,1,0.405633893855987,0.9999686476599116
4,phase_wipe,1,4,True,1,0.405633893855987,0.9999686476599116
4,phase_wipe,1,5,True,1,0.405633893855987,0.9999686476599116
4,phase_wipe,1,6,True,1,0.405633893855987,0.9999686476599116
4,phase_wipe,1,7,True,1,0.405633893855987,0.9999686476599116
4,phase_wipe,2,0,True,1,0.44210635134070037,0.9999697672847566
4,phase_wipe,2,1,True,1,0.44210635134070037,0.9999697672847566
4,phase_wipe,2,2,True,1,0.44210635134070037,0.9999697672847566
4,phase_wipe,2,3,True,1,0.44210635134070037,0.9999697672847566
4,phase_wipe,2,4,True,1,0.44210635134070037,0.9999697672847566
4,phase_wipe,2,5,True,1,0.44210635134070037,0.9999697672847566
4,phase_wipe,2,6,True,1,0.44210635134070037,0.9999697672847566
4,phase_wipe,2,7,True,1,0.44210635134070037,0.9999697672847566
4,phase_wipe,3,0,True,1,0.405633893855987,0.9999697125311827
4,phase_wipe,3,1,True,1,0.405633893855987,0.9999697125311827
4,phase_wipe,3,2,True,1,0.405633893855987,0.9999697125311827
4,phase_wipe,3,3,True,1,0.405633893855987,0.9999697125311827
4,phase_wipe,3,4,True,1,0.405633893855987,0.9999697125311827
4,phase_wipe,3,5,True,1,0.405633893855987,0.9999697125311827
4,phase_wipe,3,6,True,1,0.405633893855987,0.9999697125311827
4,phase_wipe,3,7,True,1,0.405633893855987,0.9999697125311827
4,random_phase,0,0,True,1,0.49105023516554613,0.9998331524013907
4,random_phase,0,1,True,1,0.4910502351655456,0.9998331413286525
4,random_phase,0,2,True,1,0.4910502351655452,0.9998331075569457
4,random_phase,0,3,True,1,0.49105023516554414,0.9998332675299452
4,random_phase,0,4,True,1,0.49105023516554586,0.9998329964044222
4,random_phase,0,5,True,1,0.49105023516554464,0.999832971527933
4,random_phase,0,6,True,1,0.49105023516554563,0.9998331333076386
4,random_phase,0,7,True,1,0.49105023516554586,0.9998331435949518
4,random_phase,1,0,True,1,0.4056338938559813,0.9998330827429094
4,random_phase,1,1,True,1,0.4056338938559839,0.9998329711555304
4,random_phase,1,2,True,1,0.4056338938559848,0.9998330022391425
4,random_phase,1,3,True,1,0.4056338938559856,0.9998331584661209
4,random_phase,1,4,True,1,0.40563389385598386,0.999833037949167
4,random_phase,1,5,True,1,0.4056338938559848,0.999833371369961
4,random_phase,1,6,True,1,0.4056338938559848,0.9998329869098396
4,random_phase,1,7,True,1,0.4056338938559843,0.9998331709846479
4,random_phase,2,0,True,1,0.44210635134069726,0.9998329662939421
4,random_phase,2,1,True,1,0.4421063513406978,0.9998330263194313
4,random_phase,2,2,True,1,0.4421063513406978,0.9998330955855282
4,random_phase,2,3,True,1,0.4421063513406979,0.9998329860819285
4,random_phase,2,4,True,1,0.44210635134069937,0.9998330033754802
4,random_phase,2,5,True,1,0.4421063513406977,0.999832994248598
4,random_phase,2,6,True,1,0.44210635134069826,0.999833100698276
4,random_phase,2,7,True,1,0.44210635134070037,0.9998330733385561
4,random_phase,3,0,True,1,0.4056338938559854,0.9998332092064393
4,random_phase,3,1,True,1,0.4056338938559851,0.9998333891306996
4,random_phase,3,2,True,1,0.4056338938559854,0.9998329698303554
4,random_phase,3,3,True,1,0.4056338938559862,0.9998330170888986
4,random_phase,3,4,True,1,0.40563389385598486,0.9998331640904399
4,random_phase,3,5,True,1,0.4056338938559855,0.9998330332809883
4,random_phase,3,6,True,1,0.4056338938559839,0.9998332535484136
4,random_phase,3,7,True,1,0.40563389385598486,0.999833102716779
4,dropout_25,0,0,True,1,0.06158099136074835,0.9999696312981144
4,dropout_25,0,1,True,1,0.06260630992460259,0.9999698244999152
4,dropout_25,0,2,True,1,0.10276279851208336,0.9999700691830299
4,dropout_25,0,3,True,1,0.053168919899814426,0.9999709244824281
4,dropout_25,0,4,False,0,0.00965632324052601,
4,dropout_25,0,5,False,0,0.004017839441283311,
4,dropout_25,0,6,False,0,0.0007024971703861738,
4,dropout_25,0,7,False,0,0.03594052089312649,
4,dropout_25,1,0,False,0,0.005055433978514934,
4,dropout_25,1,1,False,0,0.01409142902225513,
4,dropout_25,1,2,False,0,0.022653793154470137,
4,dropout_25,1,3,False,0,0.018379501480335847,
4,dropout_25,1,4,False,0,0.025559314353136298,
4,dropout_25,1,5,False,0,0.013017347575665639,
4,dropout_25,1,6,False,0,0.014925899887811234,
4,dropout_25,1,7,False,0,0.03347554248790763,
4,dropout_25,2,0,False,0,0.02277519598193667,
4,dropout_25,2,1,True,1,0.08432009157014475,0.9999686819394011
4,dropout_25,2,2,True,1,0.07118057590684401,0.9999697639137528
4,dropout_25,2,3,False,0,0.031400805044178526,
4,dropout_25,2,4,False,0,0.021083354770036866,
4,dropout_25,2,5,False,0,0.02763853009998929,
4,dropout_25,2,6,True,1,0.04000026884334673,0.9999683734381679
4,dropout_25,2,7,False,0,0.01907837743768459,
4,dropout_25,3,0,False,0,0.021266273819996684,
4,dropout_25,3,1,False,0,0.0339985093865689,
4,dropout_25,3,2,False,0,0.014025690561075166,
4,dropout_25,3,3,False,0,0.002726819749402587,
4,dropout_25,3,4,False,0,0.03476461370639239,
4,dropout_25,3,5,True,1,0.09187151145687444,0.999968943822957
4,dropout_25,3,6,False,0,0.0040239075430497095,
4,dropout_25,3,7,True,1,0.05925338768485666,0.9999697706780146
4,dropout_50,0,0,False,0,0.0027093043495760583,
4,dropout_50,0,1,False,0,0.03757100805985303,
4,dropout_50,0,2,True,1,0.04562546415720714,0.9999590109354343
4,dropout_50,0,3,False,0,0.003735386751710479,
4,dropout_50,0,4,False,0,0.027712364856443017,
4,dropout_50,0,5,True,1,0.10388609039878638,0.9999589986153067
4,dropout_50,0,6,False,0,0.003027479385196763,
4,dropout_50,0,7,False,0,0.005012168974362297,
4,dropout_50,1,0,False,0,0.0018192292373599983,
4,dropout_50,1,1,False,0,0.03625707552347368,
4,dropout_50,1,2,False,0,0.023514793846165283,
4,dropout_50,1,3,False,0,0.014956280299623259,
4,dropout_50,1,4,False,0,0.011187853848100282,
4,dropout_50,1,5,False,0,0.007762283351028465,
4,dropout_50,1,6,False,0,0.026455651244919665,
4,dropout_50,1,7,False,0,0.012525524603355542,
4,dropout_50,2,0,False,0,0.014549968917554779,
4,dropout_50,2,1,True,1,0.052538418096800044,0.999959006017579
4,dropout_50,2,2,False,0,0.008631296278934109,
4,dropout_50,2,3,False,0,0.0010524722256182173,
4,dropout_50,2,4,False,0,0.01947418629375708,
4,dropout_50,2,5,False,0,0.02650909166375115,
4,dropout_50,2,6,False,0,5.045729565722468e-06,
4,dropout_50,2,7,False,0,0.0034788944347727835,
4,dropout_50,3,0,False,0,0.007549024857113729,
4,dropout_50,3,1,False,0,0.030074482592213236,
4,dropout_50,3,2,False,0,0.01816913466181891,
4,dropout_50,3,3,False,0,0.02032957175568839,
4,dropout_50,3,4,False,0,0.018622302510386213,
4,dropout_50,3,5,True,1,0.05376904913388625,0.9999590111821405
4,dropout_50,3,6,False,0,0.01433039033170136,
4,dropout_50,3,7,False,0,0.03146795970312244,
4,amp_noise,0,0,True,1,0.056562723406495596,0.9999808509711953
4,amp_noise,0,1,False,0,0.029574157541145896,
4,amp_noise,0,2,False,0,0.02116982646563037,
4,amp_noise,0,3,True,1,0.0638716651639879,0.9999814988034139
4,amp_noise,0,4,False,0,0.02438261630985994,
4,amp_noise,0,5,True,1,0.040468975221514825,0.9999796125434018
4,amp_noise,0,6,True,1,0.07385014238910825,0.999981012270102
4,amp_noise,0,7,True,1,0.11483633601165089,0.9999810576532885
4,amp_noise,1,0,False,0,0.0024420873793766784,
4,amp_noise,1,1,False,0,0.033643472769849136,
4,amp_noise,1,2,False,0,0.020965362353298822,
4,amp_noise,1,3,False,0,0.03592346452997641,
4,amp_noise,1,4,True,1,0.041589057419024744,0.999980579248896
4,amp_noise,1,5,True,0,0.05663857733380118,0.9249669975164897
4,amp_noise,1,6,False,0,0.0238592695490778,
4,amp_noise,1,7,False,0,0.0377636818265068,
4,amp_noise,2,0,True,1,0.1284696887516268,0.9999805262429746
4,amp_noise,2,1,False,0,0.008157327543732107,
4,amp_noise,2,2,False,0,0.01342486222045447,
4,amp_noise,2,3,True,1,0.049676907237751866,0.9999801934554104
4,amp_noise,2,4,True,1,0.10138537570423534,0.9999806932352736
4,amp_noise,2,5,True,1,0.12087138004321085,0.9999801887836552
4,amp_noise,2,6,True,1,0.09325654948753215,0.9999814057131661
4,amp_noise,2,7,True,0,0.05901692310812123,0.9250703168470251
4,amp_noise,3,0,True,1,0.08358765203399265,0.99998049625696
4,amp_noise,3,1,True,1,0.06733346373880189,0.999979599774135
4,amp_noise,3,2,False,0,0.0002748845383251375,
4,amp_noise,3,3,False,0,0.007936875192109838,
4,amp_noise,3,4,True,1,0.09011350593862577,0.9999798381305
4,amp_noise,3,5,True,1,0.08047448536401092,0.999980552279362
4,amp_noise,3,6,True,1,0.08692584704968875,0.9999803000934908
4,amp_noise,3,7,False,0,0.037051057818918265,
4,mixed,0,0,True,1,0.10134288468252428,0.9999348240363176
4,mixed,0,1,True,1,0.07365880021874283,0.9999374415318233
4,mixed,0,2,True,1,0.062058923943898114,0.9999353050008406
4,mixed,0,3,True,1,0.1130709009238332,0.9999336871216171
4,mixed,0,4,True,1,0.06451650939459963,0.9999341583925149
4,mixed,0,5,True,1,0.0822733139179549,0.9999331408874598
4,mixed,0,6,True,1,0.12408555325505888,0.9999363380176545
4,mixed,0,7,True,1,0.16789776188662742,0.9999351487340514
4,mixed,1,0,False,0,0.024695030348116598,
4,mixed,1,1,False,0,0.0016850157969440227,
4,mixed,1,2,True,1,0.0552563267842453,0.9999339760310869
4,mixed,1,3,True,1,0.07433389969417858,0.999935314856772
4,mixed,1,4,True,1,0.0770048770624655,0.9999345167620691
4,mixed,1,5,False,0,0.039559553591730134,
4,mixed,1,6,True,1,0.06719899583933142,0.9999363933611859
4,mixed,1,7,True,1,0.08116608772817846,0.9999328132256122
4,mixed,2,0,True,1,0.17212093975377696,0.999934337282357
4,mixed,2,1,True,1,0.04301618276051522,0.9999365006016468
4,mixed,2,2,True,1,0.04864763018760565,0.9999358669876312
4,mixed,2,3,True,1,0.08409898485043177,0.9999345908041991
4,mixed,2,4,True,1,0.14541309550276438,0.9999343925708146
4,mixed,2,5,True,1,0.16252107529189974,0.9999334124757977
4,mixed,2,6,True,1,0.13477789651310146,0.9999359950166299
4,mixed,2,7,False,0,0.036593807752649976,
4,mixed,3,0,True,1,0.1204895375933781,0.9999356795406538
4,mixed,3,1,True,1,0.09980916296469067,0.9999336662888436
4,mixed,3,2,False,0,0.026598573098519984,
4,mixed,3,3,False,0,0.03717333217270813,
4,mixed,3,4,True,1,0.1262789541109871,0.9999336703777028
4,mixed,3,5,True,1,0.1100261460489278,0.9999368979912315
4,mixed,3,6,True,1,0.12515150455321078,0.9999346701419931
4,mixed,3,7,True,1,0.07219459007719098,0.9999339237868909
8,phase_wipe,0,0,True,1,0.3337658718147392,0.9999693941602574
8,phase_wipe,0,1,True,1,0.3337658718147392,0.9999693941602574
8,phase_wipe,0,2,True,1,0.3337658718147392,0.9999693941602574
8,phase_wipe,0,3,True,1,0.3337658718147392,0.9999693941602574
8,phase_wipe,0,4,True,1,0.3337658718147392,0.9999693941602574
8,phase_wipe,0,5,True,1,0.3337658718147392,0.9999693941602574
8,phase_wipe,0,6,True,1,0.3337658718147392,0.9999693941602574
8,phase_wipe,0,7,True,1,0.3337658718147392,0.9999693941602574
8,phase_wipe,1,0,False,0,0.007703134142226513,
8,phase_wipe,1,1,False,0,0.007703134142226513,
8,phase_wipe,1,2,False,0,0.007703134142226513,
8,phase_wipe,1,3,False,0,0.007703134142226513,
8,phase_wipe,1,4,False,0,0.007703134142226513,
8,phase_wipe,1,5,False,0,0.007703134142226513,
8,phase_wipe,1,6,False,0,0.007703134142226513,
8,phase_wipe,1,7,False,0,0.007703134142226513,
8,phase_wipe,2,0,True,1,0.37891476327074153,0.9999697672847566
8,phase_wipe,2,1,True,1,0.37891476327074153,0.9999697672847566
8,phase_wipe,2,2,True,1,0.37891476327074153,0.9999697672847566
8,phase_wipe,2,3,True,1,0.37891476327074153,0.9999697672847566
8,phase_wipe,2,4,True,1,0.37891476327074153,0.9999697672847566
8,phase_wipe,2,5,True,1,0.37891476327074153,0.9999697672847566
8,phase_wipe,2,6,True,1,0.37891476327074153,0.9999697672847566
8,phase_wipe,2,7,True,1,0.37891476327074153,0.9999697672847566
8,phase_wipe,3,0,True,1,0.31673564611830585,0.9999697125311827
8,phase_wipe,3,1,True,1,0.31673564611830585,0.9999697125311827
8,phase_wipe,3,2,True,1,0.31673564611830585,0.9999697125311827
8,phase_wipe,3,3,True,1,0.31673564611830585,0.9999697125311827
8,phase_wipe,3,4,True,1,0.31673564611830585,0.9999697125311827
8,phase_wipe,3,5,True,1,0.31673564611830585,0.9999697125311827
8,phase_wipe,3,6,True,1,0.31673564611830585,0.9999697125311827
8,phase_wipe,3,7,True,1,0.31673564611830585,0.9999697125311827
8,phase_wipe,4,0,True,1,0.3337658718147392,0.9999417845089326
8,phase_wipe,4,1,True,1,0.3337658718147392,0.9999417845089326
8,phase_wipe,4,2,True,1,0.3337658718147392,0.9999417845089326
8,phase_wipe,4,3,True,1,0.3337658718147392,0.9999417845089326
8,phase_wipe,4,4,True,1,0.3337658718147392,0.9999417845089326
8,phase_wipe,4,5,True,1,0.3337658718147392,0.9999417845089326
8,phase_wipe,4,6,True,1,0.3337658718147392,0.9999417845089326
8,phase_wipe,4,7,True,1,0.3337658718147392,0.9999417845089326
8,phase_wipe,5,0,False,0,0.007703134142226513,
8,phase_wipe,5,1,False,0,0.007703134142226513,
8,phase_wipe,5,2,False,0,0.007703134142226513,
8,phase_wipe,5,3,False,0,0.007703134142226513,
8,phase_wipe,5,4,False,0,0.007703134142226513,
8,phase_wipe,5,5,False,0,0.007703134142226513,
8,phase_wipe,5,6,False,0,0.007703134142226513,
8,phase_wipe,5,7,False,0,0.007703134142226513,
8,phase_wipe,6,0,True,1,0.262116844096915,0.9999425587211912
8,phase_wipe,6,1,True,1,0.262116844096915,0.9999425587211912
8,phase_wipe,6,2,True,1,0.262116844096915,0.9999425587211912
8,phase_wipe,6,3,True,1,0.262116844096915,0.9999425587211912
8,phase_wipe,6,4,True,1,0.262116844096915,0.9999425587211912
8,phase_wipe,6,5,True,1,0.262116844096915,0.9999425587211912
8,phase_wipe,6,6,True,1,0.262116844096915,0.9999425587211912
8,phase_wipe,6,7,True,1,0.262116844096915,0.9999425587211912
8,phase_wipe,7,0,True,1,0.262116844096915,0.9999424448557785
8,phase_wipe,7,1,True,1,0.262116844096915,0.9999424448557785
8,phase_wipe,7,2,True,1,0.262116844096915,0.9999424448557785
8,phase_wipe,7,3,True,1,0.262116844096915,0.9999424448557785
8,phase_wipe,7,4,True,1,0.262116844096915,0.9999424448557785
8,phase_wipe,7,5,True,1,0.262116844096915,0.9999424448557785
8,phase_wipe,7,6,True,1,0.262116844096915,0.9999424448557785
8,phase_wipe,7,7,True,1,0.262116844096915,0.9999424448557785
8,random_phase,0,0,True,1,0.3337658718147375,0.9998331524013907
8,random_phase,0,1,True,1,0.33376587181473677,0.9998331413286525
8,random_phase,0,2,True,1,0.33376587181473655,0.9998331075569457
8,random_phase,0,3,True,1,0.33376587181473477,0.9998332675299452
8,random_phase,0,4,True,1,0.3337658718147369,0.9998329964044222
8,random_phase,0,5,True,1,0.33376587181473527,0.999832971527933
8,random_phase,0,6,True,1,0.333765871814737,0.9998331333076386
8,random_phase,0,7,True,1,0.3337658718147369,0.9998331435949518
8,random_phase,1,0,False,0,0.007703134142221113,
8,random_phase,1,1,False,0,0.007703134142223106,
8,random_phase,1,2,False,0,0.007703134142224294,
8,random_phase,1,3,False,0,0.007703134142225146,
8,random_phase,1,4,False,0,0.007703134142222958,
8,random_phase,1,5,False,0,0.007703134142223935,
8,random_phase,1,6,False,0,0.007703134142223938,
8,random_phase,1,7,False,0,0.007703134142223832,
8,random_phase,2,0,True,1,0.3789147632707386,0.9998329662939421
8,random_phase,2,1,True,1,0.37891476327073914,0.9998330263194313
8,random_phase,2,2,True,1,0.37891476327073914,0.9998330955855282
8,random_phase,2,3,True,1,0.3789147632707386,0.9998329860819285
8,random_phase,2,4,True,1,0.3789147632707406,0.9998330033754802
8,random_phase,2,5,True,1,0.37891476327073903,0.999832994248598
8,random_phase,2,6,True,1,0.3789147632707395,0.999833100698276
8,random_phase,2,7,True,1,0.37891476327074153,0.9998330733385561
8,random_phase,3,0,True,1,0.31673564611830424,0.9998332092064393
8,random_phase,3,1,True,1,0.31673564611830335,0.9998333891306996
8,random_phase,3,2,True,1,0.31673564611830424,0.9998329698303554
8,random_phase,3,3,True,1,0.3167356461183043,0.9998330170888986
8,random_phase,3,4,True,1,0.3167356461183037,0.9998331640904399
8,random_phase,3,5,True,1,0.3167356461183039,0.9998330332809883
8,random_phase,3,6,True,1,0.31673564611830274,0.9998332535484136
8,random_phase,3,7,True,1,0.3167356461183037,0.999833102716779
8,random_phase,4,0,True,1,0.33376587181473394,0.9998331481438151
8,random_phase,4,1,True,1,0.3337658718147341,0.9998330176404319
8,random_phase,4,2,True,1,0.3337658718147386,0.9998329930224321
8,random_phase,4,3,True,1,0.3337658718147391,0.9998330188446509
8,random_phase,4,4,True,1,0.3337658718147391,0.9998330362780059
8,random_phase,4,5,True,1,0.33376587181473766,0.9998329974714856
8,random_phase,4,6,True,1,0.33376587181473677,0.9998329913258036
8,random_phase,4,7,True,1,0.3337658718147373,0.9998329978231941
8,random_phase,5,0,False,0,0.007703134142223944,
8,random_phase,5,1,False,0,0.007703134142225355,
8,random_phase,5,2,False,0,0.007703134142224505,
8,random_phase,5,3,False,0,0.007703134142224232,
8,random_phase,5,4,False,0,0.007703134142224518,
8,random_phase,5,5,False,0,0.007703134142224952,
8,random_phase,5,6,False,0,0.007703134142226507,
8,random_phase,5,7,False,0,0.007703134142224397,
8,random_phase,6,0,True,1,0.26211684409691455,0.9998331747143798
8,random_phase,6,1,True,1,0.262116844096915,0.9998330743465367
8,random_phase,6,2,True,1,0.2621168440969128,0.9998329644213905
8,random_phase,6,3,True,1,0.2621168440969123,0.9998329638094589
8,random_phase,6,4,True,1,0.26211684409691277,0.999833141964883
8,random_phase,6,5,True,1,0.2621168440969134,0.9998332476095224
8,random_phase,6,6,True,1,0.26211684409691227,0.9998329697297447
8,random_phase,6,7,True,1,0.26211684409691344,0.9998333330766837
8,random_phase,7,0,True,1,0.26211684409691244,0.9998331386920339
8,random_phase,7,1,True,1,0.262116844096912,0.9998331881450723
8,random_phase,7,2,True,1,0.2621168440969117,0.9998329775430644
8,random_phase,7,3,True,1,0.26211684409691266,0.9998329780520367
8,random_phase,7,4,True,1,0.2621168440969124,0.99983299218832
8,random_phase,7,5,True,1,0.26211684409691094,0.9998330819859381
8,random_phase,7,6,True,1,0.2621168440969108,0.999833115518564
8,random_phase,7,7,True,1,0.26211684409691194,0.9998330024691359
8,dropout_25,0,0,False,0,0.018475385135690026,
8,dropout_25,0,1,True,1,0.05520954158736924,0.9999698244999152
8,dropout_25,0,2,True,1,0.04522401533946008,0.9999700691830299
8,dropout_25,0,3,False,0,0.021599471662852032,
8,dropout_25,0,4,False,0,0.012681067485527553,
8,dropout_25,0,5,False,0,0.006730075906969724,
8,dropout_25,0,6,False,0,0.011427312377905618,
8,dropout_25,0,7,False,0,0.007266012492265439,
8,dropout_25,1,0,False,0,0.00785454637704186,
8,dropout_25,1,1,False,0,0.0007924631526599057,
8,dropout_25,1,2,False,0,0.0003097689292452799,
8,dropout_25,1,3,False,0,0.010498362126989846,
8,dropout_25,1,4,False,0,0.002209907061738292,
8,dropout_25,1,5,False,0,0.0013905628478614318,
8,dropout_25,1,6,False,0,0.013929069208383105,
8,dropout_25,1,7,False,0,0.0018239279539691289,
8,dropout_25,2,0,False,0,0.004866041320157333,
8,dropout_25,2,1,True,1,0.05397152148401485,0.9999686819394011
8,dropout_25,2,2,True,1,0.08069075931899583,0.9999697639137528
8,dropout_25,2,3,False,0,0.0020562694375336754,
8,dropout_25,2,4,False,0,0.0023303821764204535,
8,dropout_25,2,5,False,0,0.0017639531041457879,
8,dropout_25,2,6,False,0,0.039196914946681094,
8,dropout_25,2,7,False,0,0.002742895230090081,
8,dropout_25,3,0,False,0,0.007586607908848464,
8,dropout_25,3,1,True,1,0.04283605886816444,0.9999714315018229
8,dropout_25,3,2,False,0,0.012161323257156464,
8,dropout_25,3,3,False,0,0.0038919634359881883,
8,dropout_25,3,4,False,0,0.023717813847597302,
8,dropout_25,3,5,True,1,0.04901836957484473,0.999968943822957
8,dropout_25,3,6,False,0,0.00016551192977587448,
8,dropout_25,3,7,False,0,0.03616012798739865,
8,dropout_25,4,0,False,0,0.00874678041919319,
8,dropout_25,4,1,True,1,0.04298372056145627,0.9999685156271556
8,dropout_25,4,2,False,0,0.016839019906963237,
8,dropout_25,4,3,True,1,0.06967786572200119,0.999968442381814
8,dropout_25,4,4,True,1,0.0739676900687316,0.9999687176899453
8,dropout_25,4,5,False,0,0.0009754685637863858,
8,dropout_25,4,6,False,0,0.004174967619541281,
8,dropout_25,4,7,False,0,0.026630076274438697,
8,dropout_25,5,0,False,0,0.0010375490036285129,
8,dropout_25,5,1,False,0,0.03415532558084111,
8,dropout_25,5,2,False,0,0.029007834456368897,
8,dropout_25,5,3,False,0,0.03678768183427872,
8,dropout_25,5,4,False,0,0.0180273371671551,
8,dropout_25,5,5,False,0,0.006629284766181964,
8,dropout_25,5,6,False,0,0.001220513718712457,
8,dropout_25,5,7,False,0,4.4315806070560626e-05,
8,dropout_25,6,0,False,0,0.015156129489570347,
8,dropout_25,6,1,False,0,0.02628679880517426,
8,dropout_25,6,2,False,0,0.001526641580013255,
8,dropout_25,6,3,False,0,0.0037051458640720014,
8,dropout_25,6,4,False,0,0.006548314364976271,
8,dropout_25,6,5,False,0,0.0008616876096918524,
8,dropout_25,6,6,False,0,0.006330063488059423,
8,dropout_25,6,7,False,0,0.014336523300536808,
8,dropout_25,7,0,False,0,0.02436366940735546,
8,dropout_25,7,1,False,0,0.015308424008367183,
8,dropout_25,7,2,False,0,0.00035702690327577,
8,dropout_25,7,3,False,0,0.01736814308495438,
8,dropout_25,7,4,False,0,0.0006533142763438526,
8,dropout_25,7,5,False,0,0.005704455305647116,
8,dropout_25,7,6,False,0,0.0010217290191065764,
8,dropout_25,7,7,False,0,0.022995801347566402,
8,dropout_50,0,0,False,0,0.001159323556554348,
8,dropout_50,0,1,False,0,0.023595854426383234,
8,dropout_50,0,2,False,0,0.022878354870856654,
8,dropout_50,0,3,False,0,0.018467312409552683,
8,dropout_50,0,4,False,0,0.013589720892838386,
8,dropout_50,0,5,False,0,0.020067594601744787,
8,dropout_50,0,6,False,0,0.006417517014947194,
8,dropout_50,0,7,False,0,0.0012372299016565336,
8,dropout_50,1,0,False,0,0.0024125411222453153,
8,dropout_50,1,1,False,0,0.030223704181454814,
8,dropout_50,1,2,False,0,0.0019150873766768939,
8,dropout_50,1,3,False,0,0.006290130763361823,
8,dropout_50,1,4,False,0,0.0038360812444082626,
8,dropout_50,1,5,False,0,0.0066957131755849275,
8,dropout_50,1,6,False,0,0.03143440226399896,
8,dropout_50,1,7,False,0,0.026748110116185053,
8,dropout_50,2,0,False,0,0.0005970504133259169,
8,dropout_50,2,1,False,0,0.019534632879166125,
8,dropout_50,2,2,True,0,0.05382679581394623,0.7947428737467912
8,dropout_50,2,3,False,0,0.00014874404430109678,
8,dropout_50,2,4,False,0,0.004542357318259249,
8,dropout_50,2,5,False,0,0.0017674961878473283,
8,dropout_50,2,6,False,0,0.0011144698081499982,
8,dropout_50,2,7,False,0,0.027970250986240508,
8,dropout_50,3,0,False,0,7.271307293965634e-05,
8,dropout_50,3,1,False,0,0.02069455529090991,
8,dropout_50,3,2,False,0,0.02012561976835947,
8,dropout_50,3,3,False,0,0.0124116346787293,
8,dropout_50,3,4,False,0,0.03128381012513426,
8,dropout_50,3,5,True,1,0.04648724423310213,0.9999590111821405
8,dropout_50,3,6,False,0,0.005638250018717983,
8,dropout_50,3,7,False,0,0.03378554897383346,
8,dropout_50,4,0,False,0,0.0065637645369900355,
8,dropout_50,4,1,False,0,0.0008180437859470757,
8,dropout_50,4,2,False,0,0.010704390778693451,
8,dropout_50,4,3,False,0,0.023258330087388757,
8,dropout_50,4,4,False,0,0.003356193037657107,
8,dropout_50,4,5,False,0,0.01035872614889577,
8,dropout_50,4,6,False,0,0.031755605407362,
8,dropout_50,4,7,False,0,0.0028342764238065143,
8,dropout_50,5,0,False,0,0.02700278535205225,
8,dropout_50,5,1,False,0,0.02266561759582686,
8,dropout_50,5,2,False,0,0.009191568211943668,
8,dropout_50,5,3,True,0,0.04289257047484796,0.8900806780602012
8,dropout_50,5,4,False,0,0.0020854428998848817,
8,dropout_50,5,5,False,0,0.002430724189427025,
8,dropout_50,5,6,False,0,0.0020773650331626925,
8,dropout_50,5,7,False,0,0.034195963662326356,
8,dropout_50,6,0,False,0,0.01703462241923681,
8,dropout_50,6,1,False,0,0.03476137547811842,
8,dropout_50,6,2,False,0,0.018518902244084146,
8,dropout_50,6,3,False,0,0.009996431877101308,
8,dropout_50,6,4,False,0,0.006657603773609466,
8,dropout_50,6,5,False,0,0.0009182758906209898,
8,dropout_50,6,6,False,0,0.020885301512964638,
8,dropout_50,6,7,False,0,0.016797811409661634,
8,dropout_50,7,0,False,0,0.03499881613022904,
8,dropout_50,7,1,False,0,0.005763313107893353,
8,dropout_50,7,2,False,0,0.001402164619605628,
8,dropout_50,7,3,False,0,0.0040931708508651354,
8,dropout_50,7,4,False,0,0.006904396662242185,
8,dropout_50,7,5,False,0,0.004696163045483814,
8,dropout_50,7,6,True,0,0.05661029504408788,0.8692698547126689
8,dropout_50,7,7,False,0,0.004125663795171874,
8,amp_noise,0,0,False,0,0.03335528991187675,
8,amp_noise,0,1,False,0,0.020706515743682763,
8,amp_noise,0,2,False,0,0.027979809151251755,
8,amp_noise,0,3,True,1,0.05343606571012294,0.9999814988034139
8,amp_noise,0,4,True,0,0.06235397698495748,0.9768484603648393
8,amp_noise,0,5,True,0,0.05812861160092653,0.9768606889863839
8,amp_noise,0,6,False,0,0.030179183021114886,
8,amp_noise,0,7,False,0,0.0009585788753421198,
8,amp_noise,1,0,False,0,0.02416786833108664,
8,amp_noise,1,1,True,0,0.04412877254099512,0.9249049749072404
8,amp_noise,1,2,False,0,0.02380965175989247,
8,amp_noise,1,3,False,0,0.0008566628358739337,
8,amp_noise,1,4,False,0,0.0014106552051491583,
8,amp_noise,1,5,False,0,0.008741939811895305,
8,amp_noise,1,6,False,0,0.00025799618509680933,
8,amp_noise,1,7,False,0,0.020176693292388803,
8,amp_noise,2,0,True,1,0.060849940744070574,0.9999805262429746
8,amp_noise,2,1,False,0,0.0030317965187565132,
8,amp_noise,2,2,False,0,0.009304202497031788,
8,amp_noise,2,3,True,1,0.07673175675731936,0.9999801934554104
8,amp_noise,2,4,True,1,0.07553983511585782,0.9999806932352736
8,amp_noise,2,5,True,1,0.06963834952684289,0.9999801887836552
8,amp_noise,2,6,True,1,0.11003417936276416,0.9999814057131661
8,amp_noise,2,7,False,0,0.002218131290981473,
8,amp_noise,3,0,True,1,0.04076359132827023,0.99998049625696
8,amp_noise,3,1,True,1,0.04899659595260242,0.999979599774135
8,amp_noise,3,2,False,0,0.01464921993124113,
8,amp_noise,3,3,False,0,0.021839071047571545,
8,amp_noise,3,4,False,0,0.01738016179505708,
8,amp_noise,3,5,False,0,0.01275317238495588,
8,amp_noise,3,6,True,1,0.08711441569261713,0.9999803000934908
8,amp_noise,3,7,False,0,0.006015625565786831,
8,amp_noise,4,0,True,1,0.05569351380368093,0.9999797318789808
8,amp_noise,4,1,True,1,0.06012220995171358,0.9999805141211885
8,amp_noise,4,2,False,0,0.0355126735164375,
8,amp_noise,4,3,True,1,0.042243029957020894,0.9999798933482318
8,amp_noise,4,4,True,1,0.05195264611719863,0.9999797147083668
8,amp_noise,4,5,True,1,0.05050772623944244,0.9999803191193217
8,amp_noise,4,6,False,0,0.022682448454786064,
8,amp_noise,4,7,False,0,0.007381052896462403,
8,amp_noise,5,0,False,0,0.002606295399623093,
8,amp_noise,5,1,False,0,0.0017145911830607208,
8,amp_noise,5,2,False,0,0.0007293676729576148,
8,amp_noise,5,3,False,0,0.0016220026466435833,
8,amp_noise,5,4,False,0,0.001798128242892938,
8,amp_noise,5,5,False,0,0.001975075014623906,
8,amp_noise,5,6,False,0,0.03629431274670836,
8,amp_noise,5,7,False,0,0.0003329629637145448,
8,amp_noise,6,0,False,0,0.0024988556511533755,
8,amp_noise,6,1,False,0,0.0013995561311455074,
8,amp_noise,6,2,False,0,0.0006910362082324095,
8,amp_noise,6,3,False,0,0.0010392276270423384,
8,amp_noise,6,4,False,0,0.01003558043931485,
8,amp_noise,6,5,False,0,0.0023560593924076834,
8,amp_noise,6,6,False,0,0.0024060357890032247,
8,amp_noise,6,7,False,0,0.030641800368754746,
8,amp_noise,7,0,False,0,0.0009755185596340699,
8,amp_noise,7,1,False,0,0.026996394184781725,
8,amp_noise,7,2,False,0,0.012711227034087447,
8,amp_noise,7,3,False,0,0.010713111963666977,
8,amp_noise,7,4,False,0,0.003098114234580507,
8,amp_noise,7,5,False,0,0.03361715188956804,
8,amp_noise,7,6,False,0,0.033015860638158756,
8,amp_noise,7,7,True,1,0.04039288712398337,0.9999816818550799
8,mixed,0,0,True,1,0.05604421758681699,0.9999348240363176
8,mixed,0,1,True,1,0.0415274304224148,0.9999374415318233
8,mixed,0,2,True,1,0.04851131300118039,0.9999353050008406
8,mixed,0,3,True,1,0.08062723646994752,0.9999336871216171
8,mixed,0,4,True,0,0.05653899569999743,0.977241132486831
8,mixed,0,5,True,0,0.052984798670537736,0.9772701516998854
8,mixed,0,6,True,1,0.05428016480490794,0.9999363380176545
8,mixed,0,7,False,0,0.017677068819432318,
8,mixed,1,0,False,0,0.011880980246637085,
8,mixed,1,1,False,0,0.0014833152550807194,
8,mixed,1,2,False,0,0.01289035671190153,
8,mixed,1,3,False,0,0.0007308632788028957,
8,mixed,1,4,False,0,0.001442703939069201,
8,mixed,1,5,False,0,0.01903345213303076,
8,mixed,1,6,False,0,1.8394972600810355e-05,
8,mixed,1,7,False,0,0.0028087653657021816,
8,mixed,2,0,True,1,0.09281169719705062,0.999934337282357
8,mixed,2,1,False,0,0.021397029890251384,
8,mixed,2,2,False,0,0.01331340211333798,
8,mixed,2,3,True,1,0.12215759662410874,0.9999345908041991
8,mixed,2,4,True,1,0.10933090253889033,0.9999343925708146
8,mixed,2,5,True,1,0.09942590815286778,0.9999334124757977
8,mixed,2,6,True,1,0.14469064100186657,0.9999359950166299
8,mixed,2,7,False,0,0.0029779740201165694,
8,mixed,3,0,True,1,0.06256826469309429,0.9999356795406538
8,mixed,3,1,True,1,0.07027711747890875,0.9999336662888436
8,mixed,3,2,True,1,0.05051835921052383,0.9999350838223681
8,mixed,3,3,True,1,0.053468918973984314,0.9999367540115031
8,mixed,3,4,False,0,0.03521132520705106,
8,mixed,3,5,False,0,0.027666836911442783,
8,mixed,3,6,True,1,0.11525658798197258,0.9999346701419931
8,mixed,3,7,False,0,0.026066326341757096,
8,mixed,4,0,True,1,0.08426099808737442,0.9999262732097517
8,mixed,4,1,True,1,0.08606273896446237,0.9999264534895259
8,mixed,4,2,True,1,0.056823384700747326,0.9999275032919019
8,mixed,4,3,True,1,0.06888863040268312,0.9999273604675083
8,mixed,4,4,True,1,0.07210402168575225,0.9999281148532585
8,mixed,4,5,True,1,0.07365458859047347,0.9999297657486473
8,mixed,4,6,True,1,0.043271790883804395,0.999928527800854
8,mixed,4,7,True,1,0.0475514778638233,0.9999294290843905
8,mixed,5,0,False,0,0.002832679033666796,
8,mixed,5,1,False,0,0.0017283267070339337,
8,mixed,5,2,False,0,0.0005595224010228605,
8,mixed,5,3,False,0,0.0016224285411133854,
8,mixed,5,4,False,0,0.0018005395361248011,
8,mixed,5,5,False,0,0.0020291219806295446,
8,mixed,5,6,False,0,0.010108979165231124,
8,mixed,5,7,False,0,9.459391524646588e-05,
8,mixed,6,0,False,0,0.0026297954062906026,
8,mixed,6,1,False,0,0.0013418512891425483,
8,mixed,6,2,False,0,0.0004639985583776429,
8,mixed,6,3,False,0,0.01101949153840387,
8,mixed,6,4,False,0,0.022672958832302026,
8,mixed,6,5,False,0,0.002504868410094563,
8,mixed,6,6,False,0,0.0032298075434153972,
8,mixed,6,7,True,1,0.04422818036874554,0.999928979992111
8,mixed,7,0,False,0,0.008158367441241765,
8,mixed,7,1,False,0,0.014454652762311948,
8,mixed,7,2,False,0,0.0305758912985179,
8,mixed,7,3,False,0,0.02715888925484411,
8,mixed,7,4,False,0,0.017240092663545314,
8,mixed,7,5,False,0,0.02845749972438394,
8,mixed,7,6,True,1,0.05324530923443449,0.9999278546352935
8,mixed,7,7,True,1,0.06329115120377671,0.9999287149799776
12,phase_wipe,0,0,True,1,0.3597210574669951,0.9999693941602574
12,phase_wipe,0,1,True,1,0.3597210574669951,0.9999693941602574
12,phase_wipe,0,2,True,1,0.3597210574669951,0.9999693941602574
12,phase_wipe,0,3,True,1,0.3597210574669951,0.9999693941602574
12,phase_wipe,0,4,True,1,0.3597210574669951,0.9999693941602574
12,phase_wipe,0,5,True,1,0.3597210574669951,0.9999693941602574
12,phase_wipe,0,6,True,1,0.3597210574669951,0.9999693941602574
12,phase_wipe,0,7,True,1,0.3597210574669951,0.9999693941602574
12,phase_wipe,1,0,False,0,0.008211038131612728,
12,phase_wipe,1,1,False,0,0.008211038131612728,
12,phase_wipe,1,2,False,0,0.008211038131612728,
12,phase_wipe,1,3,False,0,0.008211038131612728,
12,phase_wipe,1,4,False,0,0.008211038131612728,
12,phase_wipe,1,5,False,0,0.008211038131612728,
12,phase_wipe,1,6,False,0,0.008211038131612728,
12,phase_wipe,1,7,False,0,0.008211038131612728,
12,phase_wipe,2,0,True,1,0.407876364204623,0.9999697672847566
12,phase_wipe,2,1,True,1,0.407876364204623,0.9999697672847566
12,phase_wipe,2,2,True,1,0.407876364204623,0.9999697672847566
12,phase_wipe,2,3,True,1,0.407876364204623,0.9999697672847566
12,phase_wipe,2,4,True,1,0.407876364204623,0.9999697672847566
12,phase_wipe,2,5,True,1,0.407876364204623,0.9999697672847566
12,phase_wipe,2,6,True,1,0.407876364204623,0.9999697672847566
12,phase_wipe,2,7,True,1,0.407876364204623,0.9999697672847566
12,phase_wipe,3,0,True,1,0.345488847851905,0.9999697125311827
12,phase_wipe,3,1,True,1,0.345488847851905,0.9999697125311827
12,phase_wipe,3,2,True,1,0.345488847851905,0.9999697125311827
12,phase_wipe,3,3,True,1,0.345488847851905,0.9999697125311827
12,phase_wipe,3,4,True,1,0.345488847851905,0.9999697125311827
12,phase_wipe,3,5,True,1,0.345488847851905,0.9999697125311827
12,phase_wipe,3,6,True,1,0.345488847851905,0.9999697125311827
12,phase_wipe,3,7,True,1,0.345488847851905,0.9999697125311827
12,phase_wipe,4,0,True,1,0.3597210574669951,0.9999417845089326
12,phase_wipe,4,1,True,1,0.3597210574669951,0.9999417845089326
12,phase_wipe,4,2,True,1,0.3597210574669951,0.9999417845089326
12,phase_wipe,4,3,True,1,0.3597210574669951,0.9999417845089326
12,phase_wipe,4,4,True,1,0.3597210574669951,0.9999417845089326
12,phase_wipe,4,5,True,1,0.3597210574669951,0.9999417845089326
12,phase_wipe,4,6,True,1,0.3597210574669951,0.9999417845089326
12,phase_wipe,4,7,True,1,0.3597210574669951,0.9999417845089326
12,phase_wipe,5,0,False,0,0.008211038131612728,
12,phase_wipe,5,1,False,0,0.008211038131612728,
12,phase_wipe,5,2,False,0,0.008211038131612728,
12,phase_wipe,5,3,False,0,0.008211038131612728,
12,phase_wipe,5,4,False,0,0.008211038131612728,
12,phase_wipe,5,5,False,0,0.008211038131612728,
12,phase_wipe,5,6,False,0,0.008211038131612728,
12,phase_wipe,5,7,False,0,0.008211038131612728,
12,phase_wipe,6,0,True,1,0.27264043984666464,0.9999425587211912
12,phase_wipe,6,1,True,1,0.27264043984666464,0.9999425587211912
12,phase_wipe,6,2,True,1,0.27264043984666464,0.9999425587211912
12,phase_wipe,6,3,True,1,0.27264043984666464,0.9999425587211912
12,phase_wipe,6,4,True,1,0.27264043984666464,0.9999425587211912
12,phase_wipe,6,5,True,1,0.27264043984666464,0.9999425587211912
12,phase_wipe,6,6,True,1,0.27264043984666464,0.9999425587211912
12,phase_wipe,6,7,True,1,0.27264043984666464,0.9999425587211912
12,phase_wipe,7,0,True,1,0.27264043984666464,0.9999424448557785
12,phase_wipe,7,1,True,1,0.27264043984666464,0.9999424448557785
12,phase_wipe,7,2,True,1,0.27264043984666464,0.9999424448557785
12,phase_wipe,7,3,True,1,0.27264043984666464,0.9999424448557785
12,phase_wipe,7,4,True,1,0.27264043984666464,0.9999424448557785
12,phase_wipe,7,5,True,1,0.27264043984666464,0.9999424448557785
12,phase_wipe,7,6,True,1,0.27264043984666464,0.9999424448557785
12,phase_wipe,7,7,True,1,0.27264043984666464,0.9999424448557785
12,phase_wipe,8,0,True,1,0.3608065189699209,0.9999137048393555
12,phase_wipe,8,1,True,1,0.3608065189699209,0.9999137048393555
12,phase_wipe,8,2,True,1,0.3608065189699209,0.9999137048393555
12,phase_wipe,8,3,True,1,0.3608065189699209,0.9999137048393555
12,phase_wipe,8,4,True,1,0.3608065189699209,0.9999137048393555
12,phase_wipe,8,5,True,1,0.3608065189699209,0.9999137048393555
12,phase_wipe,8,6,True,1,0.3608065189699209,0.9999137048393555
12,phase_wipe,8,7,True,1,0.3608065189699209,0.9999137048393555
12,phase_wipe,9,0,False,0,0.014452624672239758,
12,phase_wipe,9,1,False,0,0.014452624672239758,
12,phase_wipe,9,2,False,0,0.014452624672239758,
12,phase_wipe,9,3,False,0,0.014452624672239758,
12,phase_wipe,9,4,False,0,0.014452624672239758,
12,phase_wipe,9,5,False,0,0.014452624672239758,
12,phase_wipe,9,6,False,0,0.014452624672239758,
12,phase_wipe,9,7,False,0,0.014452624672239758,
12,phase_wipe,10,0,True,1,0.4165338029352549,0.9999149439757861
12,phase_wipe,10,1,True,1,0.4165338029352549,0.9999149439757861
12,phase_wipe,10,2,True,1,0.4165338029352549,0.9999149439757861
12,phase_wipe,10,3,True,1,0.4165338029352549,0.9999149439757861
12,phase_wipe,10,4,True,1,0.4165338029352549,0.9999149439757861
12,phase_wipe,10,5,True,1,0.4165338029352549,0.9999149439757861
12,phase_wipe,10,6,True,1,0.4165338029352549,0.9999149439757861
12,phase_wipe,10,7,True,1,0.4165338029352549,0.9999149439757861
12,phase_wipe,11,0,True,1,0.3671408044196468,0.9999147611029336
12,phase_wipe,11,1,True,1,0.3671408044196468,0.9999147611029336
12,phase_wipe,11,2,True,1,0.3671408044196468,0.9999147611029336
12,phase_wipe,11,3,True,1,0.3671408044196468,0.9999147611029336
12,phase_wipe,11,4,True,1,0.3671408044196468,0.9999147611029336
12,phase_wipe,11,5,True,1,0.3671408044196468,0.9999147611029336
12,phase_wipe,11,6,True,1,0.3671408044196468,0.9999147611029336
12,phase_wipe,11,7,True,1,0.3671408044196468,0.9999147611029336
12,random_phase,0,0,True,1,0.3597210574669935,0.9998331524013907
12,random_phase,0,1,True,1,0.35972105746699257,0.9998331413286525
12,random_phase,0,2,True,1,0.3597210574669926,0.9998331075569457
12,random_phase,0,3,True,1,0.3597210574669908,0.9998332675299452
12,random_phase,0,4,True,1,0.35972105746699284,0.9998329964044222
12,random_phase,0,5,True,1,0.3597210574669913,0.999832971527933
12,random_phase,0,6,True,1,0.35972105746699307,0.9998331333076386
12,random_phase,0,7,True,1,0.35972105746699284,0.9998331435949518
12,random_phase,1,0,False,0,0.008211038131607258,
12,random_phase,1,1,False,0,0.00821103813160934,
12,random_phase,1,2,False,0,0.00821103813161051,
12,random_phase,1,3,False,0,0.008211038131611309,
12,random_phase,1,4,False,0,0.008211038131609219,
12,random_phase,1,5,False,0,0.008211038131610173,
12,random_phase,1,6,False,0,0.008211038131610175,
12,random_phase,1,7,False,0,0.008211038131609887,
12,random_phase,2,0,True,1,0.40787636420461976,0.9998329662939421
12,random_phase,2,1,True,1,0.40787636420462026,0.9998330263194313
12,random_phase,2,2,True,1,0.40787636420462026,0.9998330955855282
12,random_phase,2,3,True,1,0.40787636420461976,0.9998329860819285
12,random_phase,2,4,True,1,0.40787636420462176,0.9998330033754802
12,random_phase,2,5,True,1,0.4078763642046204,0.999832994248598
12,random_phase,2,6,True,1,0.40787636420462076,0.999833100698276
12,random_phase,2,7,True,1,0.407876364204623,0.9998330733385561
12,random_phase,3,0,True,1,0.34548884785190337,0.9998332092064393
12,random_phase,3,1,True,1,0.34548884785190237,0.9998333891306996
12,random_phase,3,2,True,1,0.34548884785190337,0.9998329698303554
12,random_phase,3,3,True,1,0.3454888478519034,0.9998330170888986
12,random_phase,3,4,True,1,0.3454888478519028,0.9998331640904399
12,random_phase,3,5,True,1,0.34548884785190287,0.9998330332809883
12,random_phase,3,6,True,1,0.3454888478519018,0.9998332535484136
12,random_phase,3,7,True,1,0.3454888478519028,0.999833102716779
12,random_phase,4,0,True,1,0.3597210574669897,0.9998331481438151
12,random_phase,4,1,True,1,0.3597210574669897,0.9998330176404319
12,random_phase,4,2,True,1,0.35972105746699445,0.9998329930224321
12,random_phase,4,3,True,1,0.359721057466995,0.9998330188446509
12,random_phase,4,4,True,1,0.359721057466995,0.9998330362780059
12,random_phase,4,5,True,1,0.35972105746699357,0.9998329974714856
12,random_phase,4,6,True,1,0.35972105746699257,0.9998329913258036
12,random_phase,4,7,True,1,0.35972105746699307,0.9998329978231941
12,random_phase,5,0,False,0,0.008211038131610166,
12,random_phase,5,1,False,0,0.008211038131611571,
12,random_phase,5,2,False,0,0.008211038131610724,
12,random_phase,5,3,False,0,0.008211038131610454,
12,random_phase,5,4,False,0,0.008211038131610721,
12,random_phase,5,5,False,0,0.008211038131611167,
12,random_phase,5,6,False,0,0.008211038131612721,
12,random_phase,5,7,False,0,0.008211038131610563,
12,random_phase,6,0,True,1,0.27264043984666414,0.9998331747143798
12,random_phase,6,1,True,1,0.27264043984666464,0.9998330743465367
12,random_phase,6,2,True,1,0.2726404398466625,0.9998329644213905
12,random_phase,6,3,True,1,0.272640439846662,0.9998329638094589
12,random_phase,6,4,True,1,0.2726404398466624,0.999833141964883
12,random_phase,6,5,True,1,0.27264043984666303,0.9998332476095224
12,random_phase,6,6,True,1,0.2726404398466619,0.9998329697297447
12,random_phase,6,7,True,1,0.2726404398466631,0.9998333330766837
12,random_phase,7,0,True,1,0.27264043984666203,0.9998331386920339
12,random_phase,7,1,True,1,0.27264043984666153,0.9998331881450723
12,random_phase,7,2,True,1,0.27264043984666125,0.9998329775430644
12,random_phase,7,3,True,1,0.2726404398466623,0.9998329780520367
12,random_phase,7,4,True,1,0.272640439846662,0.99983299218832
12,random_phase,7,5,True,1,0.27264043984666053,0.9998330819859381
12,random_phase,7,6,True,1,0.27264043984666037,0.999833115518564
12,random_phase,7,7,True,1,0.2726404398466616,0.9998330024691359
12,random_phase,8,0,True,1,0.36080651896991933,0.9998331114692346
12,random_phase,8,1,True,1,0.3608065189699193,0.999833093177962
12,random_phase,8,2,True,1,0.36080651896991806,0.9998332028252398
12,random_phase,8,3,True,1,0.36080651896991933,0.9998330092837241
12,random_phase,8,4,True,1,0.36080651896991933,0.9998332926921186
12,random_phase,8,5,True,1,0.36080651896991933,0.9998329995858476
12,random_phase,8,6,True,1,0.3608065189699187,0.9998330555686428
12,random_phase,8,7,True,1,0.3608065189699187,0.9998330515917717
12,random_phase,9,0,False,0,0.014452624672238111,
12,random_phase,9,1,False,0,0.01445262467223643,
12,random_phase,9,2,False,0,0.014452624672236947,
12,random_phase,9,3,False,0,0.014452624672238214,
12,random_phase,9,4,False,0,0.014452624672237572,
12,random_phase,9,5,False,0,0.014452624672236949,
12,random_phase,9,6,False,0,0.014452624672238224,
12,random_phase,9,7,False,0,0.014452624672237572,
12,random_phase,10,0,True,1,0.41653380293525333,0.9998330061116164
12,random_phase,10,1,True,1,0.4165338029352527,0.9998331007707708
12,random_phase,10,2,True,1,0.4165338029352527,0.9998330159383158
12,random_phase,10,3,True,1,0.4165338029352524,0.9998330950415134
12,random_phase,10,4,True,1,0.4165338029352539,0.9998330212996905
12,random_phase,10,5,True,1,0.41653380293525333,0.9998335199333166
12,random_phase,10,6,True,1,0.4165338029352527,0.999833073482495
12,random_phase,10,7,True,1,0.4165338029352522,0.9998332091853235
12,random_phase,11,0,True,1,0.3671408044196395,0.9998331481558058
12,random_phase,11,1,True,1,0.36714080441964414,0.9998330062511636
12,random_phase,11,2,True,1,0.36714080441964647,0.9998332593411271
12,random_phase,11,3,True,1,0.3671408044196395,0.9998330414762443
12,random_phase,11,4,True,1,0.36714080441964647,0.9998331663899216
12,random_phase,11,5,True,1,0.3671408044196391,0.9998331286747157
12,random_phase,11,6,True,1,0.36714080441964464,0.9998331072237356
12,random_phase,11,7,True,1,0.36714080441964525,0.9998331202847386
12,dropout_25,0,0,False,0,0.027723612470448522,
12,dropout_25,0,1,True,1,0.06462816090357881,0.9999698244999152
12,dropout_25,0,2,True,1,0.05591655441428278,0.9999700691830299
12,dropout_25,0,3,False,0,0.020526486184568427,
12,dropout_25,0,4,False,0,0.01605469966888462,
12,dropout_25,0,5,False,0,0.01888212460205496,
12,dropout_25,0,6,False,0,0.014603128857011871,
12,dropout_25,0,7,False,0,0.009386810970567261,
12,dropout_25,1,0,False,0,0.010508148562746733,
12,dropout_25,1,1,False,0,0.0006251793930931449,
12,dropout_25,1,2,False,0,0.01199898975190905,
12,dropout_25,1,3,False,0,0.008450697549184039,
12,dropout_25,1,4,False,0,0.0023195224132486203,
12,dropout_25,1,5,False,0,0.006173849845172885,
12,dropout_25,1,6,False,0,0.01554067558584915,
12,dropout_25,1,7,False,0,0.0018022689097318967,
12,dropout_25,2,0,False,0,0.004256076609630011,
12,dropout_25,2,1,True,1,0.0630063882686267,0.9999686819394011
12,dropout_25,2,2,True,1,0.09202230746901963,0.9999697639137528
12,dropout_25,2,3,False,0,0.027698095125870736,
12,dropout_25,2,4,False,0,0.004737351760159214,
12,dropout_25,2,5,False,0,0.001794689796962512,
12,dropout_25,2,6,True,1,0.04490600031737957,0.9999683734381679
12,dropout_25,2,7,False,0,0.0014809788628493692,
12,dropout_25,3,0,False,0,0.010002185751166959,
12,dropout_25,3,1,False,0,0.0067097357425951465,
12,dropout_25,3,2,False,0,0.0017676962538288876,
12,dropout_25,3,3,False,0,0.00609030410162692,
12,dropout_25,3,4,False,0,0.02752852112500559,
12,dropout_25,3,5,True,1,0.049563973807146944,0.999968943822957
12,dropout_25,3,6,False,0,0.0017710234692560611,
12,dropout_25,3,7,True,1,0.043326577898436636,0.9999697706780146
12,dropout_25,4,0,False,0,0.013082400070471234,
12,dropout_25,4,1,True,0,0.0525323248282028,0.9781959834939484
12,dropout_25,4,2,False,0,0.01629496796731722,
12,dropout_25,4,3,True,0,0.058846807953155444,0.9781899704701053
12,dropout_25,4,4,True,0,0.04814124141801912,0.978192757972882
12,dropout_25,4,5,False,0,0.00014350511261307375,
12,dropout_25,4,6,False,0,0.0033850251694933498,
12,dropout_25,4,7,False,0,0.01625865049187647,
12,dropout_25,5,0,False,0,0.007744911581679226,
12,dropout_25,5,1,False,0,0.03398780411512492,
12,dropout_25,5,2,False,0,0.028710350463442946,
12,dropout_25,5,3,True,0,0.04576495871685893,0.8910364757460633
12,dropout_25,5,4,False,0,0.019758568479169014,
12,dropout_25,5,5,False,0,0.006881113868095756,
12,dropout_25,5,6,False,0,0.0012430199470494507,
12,dropout_25,5,7,False,0,0.01410402838825986,
12,dropout_25,6,0,False,0,0.0217700781306589,
12,dropout_25,6,1,False,0,0.022425674213737867,
12,dropout_25,6,2,False,0,0.0014918283868667892,
12,dropout_25,6,3,False,0,0.03472546089052342,
12,dropout_25,6,4,False,0,0.008295768731330977,
12,dropout_25,6,5,False,0,0.0007999969357044279,
12,dropout_25,6,6,False,0,0.012348932598440943,
12,dropout_25,6,7,False,0,0.014207931868173596,
12,dropout_25,7,0,False,0,0.005135169222939329,
12,dropout_25,7,1,False,0,0.018131606638684516,
12,dropout_25,7,2,False,0,0.01587427209790304,
12,dropout_25,7,3,False,0,0.020910884407118413,
12,dropout_25,7,4,False,0,0.008439045892043584,
12,dropout_25,7,5,False,0,0.006947291281692802,
12,dropout_25,7,6,False,0,0.0012484305846749422,
12,dropout_25,7,7,False,0,0.025922318818171863,
12,dropout_25,8,0,False,0,0.012997272226805467,
12,dropout_25,8,1,False,0,0.027034220853048296,
12,dropout_25,8,2,True,1,0.07410269860736962,0.9999692748791674
12,dropout_25,8,3,False,0,0.0012215327437528067,
12,dropout_25,8,4,False,0,0.0031041621649343654,
12,dropout_25,8,5,True,1,0.051581239073766216,0.9999698586930942
12,dropout_25,8,6,False,0,0.005662766529511032,
12,dropout_25,8,7,True,1,0.04416826366693183,0.9999690183182379
12,dropout_25,9,0,False,0,0.03466378198299935,
12,dropout_25,9,1,True,0,0.07094072434759724,0.8771990768833254
12,dropout_25,9,2,False,0,3.0159002490925957e-05,
12,dropout_25,9,3,False,0,0.011666451638774777,
12,dropout_25,9,4,False,0,0.0011835022151438501,
12,dropout_25,9,5,False,0,0.0124798948644389,
12,dropout_25,9,6,False,0,0.018042751704033577,
12,dropout_25,9,7,False,0,0.0002994653217545107,
12,dropout_25,10,0,False,0,0.0006869889924510098,
12,dropout_25,10,1,False,0,0.03583472659408704,
12,dropout_25,10,2,False,0,0.011567203947800309,
12,dropout_25,10,3,True,1,0.06654620152389068,0.9999698582725896
12,dropout_25,10,4,True,1,0.04469594816454325,0.9999693918660735
12,dropout_25,10,5,False,0,0.012128392322488857,
12,dropout_25,10,6,False,0,0.0056339496130966005,
12,dropout_25,10,7,False,0,0.006268931069158157,
12,dropout_25,11,0,False,0,0.023114678566546143,
12,dropout_25,11,1,False,0,0.026400552877799743,
12,dropout_25,11,2,False,0,0.0028459618631320183,
12,dropout_25,11,3,False,0,0.02867203451524558,
12,dropout_25,11,4,False,0,0.010355333468854866,
12,dropout_25,11,5,False,0,0.015654940789509464,
12,dropout_25,11,6,False,0,0.0015506459636176473,
12,dropout_25,11,7,False,0,0.0004844612897278999,
12,dropout_50,0,0,False,0,0.0011118499550937244,
12,dropout_50,0,1,False,0,0.03138270672978383,
12,dropout_50,0,2,False,0,0.029978480931021956,
12,dropout_50,0,3,False,0,0.004223264173105257,
12,dropout_50,0,4,False,0,0.0011194276926005386,
12,dropout_50,0,5,False,0,0.03223942678512781,
12,dropout_50,0,6,False,0,0.01104799957391922,
12,dropout_50,0,7,False,0,0.006103214828207193,
12,dropout_50,1,0,False,0,0.0022000371741350833,
12,dropout_50,1,1,False,0,0.038882417683685944,
12,dropout_50,1,2,False,0,0.004404528950166409,
12,dropout_50,1,3,False,0,0.006493728271752097,
12,dropout_50,1,4,False,0,0.00044567286823138375,
12,dropout_50,1,5,False,0,0.007032105111747455,
12,dropout_50,1,6,False,0,0.03679731567212574,
12,dropout_50,1,7,False,0,0.013368862096059253,
12,dropout_50,2,0,False,0,0.003207251393166466,
12,dropout_50,2,1,False,0,0.023686808703740958,
12,dropout_50,2,2,False,0,0.01116846337948818,
12,dropout_50,2,3,False,0,0.030122851197690537,
12,dropout_50,2,4,False,0,0.020710883426850124,
12,dropout_50,2,5,True,0,0.042522807085885184,0.7163257161458837
12,dropout_50,2,6,False,0,0.001107439844623137,
12,dropout_50,2,7,False,0,0.0126306631635007,
12,dropout_50,3,0,False,0,0.0013691982740731135,
12,dropout_50,3,1,True,0,0.045935493551377604,0.7582585382572928
12,dropout_50,3,2,False,0,0.015515456531685956,
12,dropout_50,3,3,False,0,0.0010925222810778124,
12,dropout_50,3,4,False,0,0.01842385409531566,
12,dropout_50,3,5,False,0,0.030114006868804388,
12,dropout_50,3,6,False,0,0.0077432798447771845,
12,dropout_50,3,7,True,1,0.041477226947036705,0.9999589985165883
12,dropout_50,4,0,False,0,0.008736874058535626,
12,dropout_50,4,1,False,0,0.009143364440908464,
12,dropout_50,4,2,False,0,0.015187906236350024,
12,dropout_50,4,3,True,0,0.08332872529725055,0.9779874928841414
12,dropout_50,4,4,False,0,0.02889709422790343,
12,dropout_50,4,5,False,0,0.01434133169091023,
12,dropout_50,4,6,False,0,0.0369406671709509,
12,dropout_50,4,7,False,0,0.0072494938472740245,
12,dropout_50,5,0,False,0,0.026834672415382954,
12,dropout_50,5,1,False,0,0.02686384237397288,
12,dropout_50,5,2,False,0,0.016763638303611827,
12,dropout_50,5,3,True,0,0.052545335781545965,0.8900806780602012
12,dropout_50,5,4,False,0,0.006743173263307867,
12,dropout_50,5,5,False,0,0.0022032975850310166,
12,dropout_50,5,6,False,0,0.009119870976728173,
12,dropout_50,5,7,False,0,0.000686836975263283,
12,dropout_50,6,0,False,0,0.021455937980009665,
12,dropout_50,6,1,True,0,0.04994045901160149,0.7957975810831613
12,dropout_50,6,2,False,0,0.023539928785730524,
12,dropout_50,6,3,False,0,0.01431697894239825,
12,dropout_50,6,4,False,0,0.00959896965500917,
12,dropout_50,6,5,False,0,0.00036046661222943754,
12,dropout_50,6,6,False,0,0.026207578315903035,
12,dropout_50,6,7,False,0,0.02576298498214946,
12,dropout_50,7,0,False,0,0.0327097645559995,
12,dropout_50,7,1,False,0,0.0071490299278975655,
12,dropout_50,7,2,False,0,0.00038096324434278017,
12,dropout_50,7,3,False,0,0.001123790595761065,
12,dropout_50,7,4,False,0,0.009675081785864847,
12,dropout_50,7,5,True,0,0.04972075271380216,0.7710200493928793
12,dropout_50,7,6,True,0,0.06400657305752055,0.8692698547126689
12,dropout_50,7,7,False,0,0.006670176789488558,
12,dropout_50,8,0,False,0,0.006842413816540827,
12,dropout_50,8,1,False,0,0.011276381662771229,
12,dropout_50,8,2,True,1,0.06534038930195951,0.999958998913902
12,dropout_50,8,3,False,0,0.010642133367324114,
12,dropout_50,8,4,False,0,0.01900264388341011,
12,dropout_50,8,5,False,0,0.025066870521297524,
12,dropout_50,8,6,False,0,0.004492825922242538,
12,dropout_50,8,7,False,0,0.01873178886118776,
12,dropout_50,9,0,False,0,0.009791245982214036,
12,dropout_50,9,1,True,0,0.04912941644667601,0.8761760413073495
12,dropout_50,9,2,True,0,0.05297808920476044,0.8321195437872682
12,dropout_50,9,3,False,0,0.0275588620945717,
12,dropout_50,9,4,False,0,0.0013755522302831835,
12,dropout_50,9,5,False,0,0.036519963859399596,
12,dropout_50,9,6,False,0,0.008821997594751885,
12,dropout_50,9,7,False,0,0.024605477483898852,
12,dropout_50,10,0,False,0,0.0363176180003828,
12,dropout_50,10,1,False,0,0.010587355439038326,
12,dropout_50,10,2,False,0,0.0042218992897442575,
12,dropout_50,10,3,False,0,0.029725736569309547,
12,dropout_50,10,4,False,0,0.004565063605613595,
12,dropout_50,10,5,False,0,0.018500904258977435,
12,dropout_50,10,6,False,0,0.0017931427611230788,
12,dropout_50,10,7,False,0,0.02574284704130836,
12,dropout_50,11,0,False,0,0.008255472583907242,
12,dropout_50,11,1,False,0,0.014169706131891502,
12,dropout_50,11,2,True,0,0.05069270084316191,0.8138592346331555
12,dropout_50,11,3,False,0,0.002497245358702216,
12,dropout_50,11,4,True,0,0.07215921708896378,0.7592165325735145
12,dropout_50,11,5,False,0,0.015936431659675065,
12,dropout_50,11,6,False,0,0.0056919281900773555,
12,dropout_50,11,7,False,0,0.011245963464412867,
12,amp_noise,0,0,False,0,0.03380935698773202,
12,amp_noise,0,1,False,0,0.019477444159062163,
12,amp_noise,0,2,False,0,0.018799423335603027,
12,amp_noise,0,3,True,1,0.05397247767483537,0.9999814988034139
12,amp_noise,0,4,True,0,0.04265420442412893,0.9768484603648393
12,amp_noise,0,5,False,0,0.011372668236010464,
12,amp_noise,0,6,False,0,0.03251866300786754,
12,amp_noise,0,7,False,0,0.010295554441482446,
12,amp_noise,1,0,False,0,0.028137041886745262,
12,amp_noise,1,1,True,0,0.0618404189959596,0.9249049749072404
12,amp_noise,1,2,False,0,0.024573782958282164,
12,amp_noise,1,3,False,0,0.03869891753491528,
12,amp_noise,1,4,False,0,0.0014491841643651249,
12,amp_noise,1,5,False,0,0.010509102241982093,
12,amp_noise,1,6,False,0,2.7349365297357764e-05,
12,amp_noise,1,7,False,0,0.012216569642680808,
12,amp_noise,2,0,True,1,0.07458520563372506,0.9999805262429746
12,amp_noise,2,1,False,0,0.003338004245033055,
12,amp_noise,2,2,False,0,0.012410336993203597,
12,amp_noise,2,3,True,1,0.0883080438627124,0.9999801934554104
12,amp_noise,2,4,True,1,0.08728746142025967,0.9999806932352736
12,amp_noise,2,5,True,1,0.08385623599274727,0.9999801887836552
12,amp_noise,2,6,True,1,0.11014285421968273,0.9999814057131661
12,amp_noise,2,7,False,0,0.0023075346148277998,
12,amp_noise,3,0,True,1,0.05042391942367219,0.99998049625696
12,amp_noise,3,1,True,1,0.056705306169709147,0.999979599774135
12,amp_noise,3,2,False,0,0.005377887751339516,
12,amp_noise,3,3,False,0,0.02966326206987424,
12,amp_noise,3,4,False,0,0.020421798327708407,
12,amp_noise,3,5,False,0,0.015262152425106867,
12,amp_noise,3,6,True,1,0.09255020857951379,0.9999803000934908
12,amp_noise,3,7,False,0,0.003505223039020011,
12,amp_noise,4,0,False,0,0.039438371710770914,
12,amp_noise,4,1,True,1,0.05747078591352217,0.9999805141211885
12,amp_noise,4,2,False,0,0.0385372936554047,
12,amp_noise,4,3,False,0,0.0347766049796665,
12,amp_noise,4,4,True,0,0.04394257984243555,0.9783976859020015
12,amp_noise,4,5,True,1,0.05652508757653241,0.9999803191193217
12,amp_noise,4,6,False,0,0.011036985405449729,
12,amp_noise,4,7,False,0,0.006656966560757205,
12,amp_noise,5,0,False,0,0.0028203484309725635,
12,amp_noise,5,1,False,0,0.0017116411770021767,
12,amp_noise,5,2,False,0,0.0005264464147503034,
12,amp_noise,5,3,False,0,0.0016810379270295606,
12,amp_noise,5,4,False,0,0.001830574793827866,
12,amp_noise,5,5,False,0,0.0019836411772153895,
12,amp_noise,5,6,True,0,0.0416496009584264,0.8920815893535842
12,amp_noise,5,7,False,0,0.0028908398097668986,
12,amp_noise,6,0,False,0,0.027823455667789654,
12,amp_noise,6,1,False,0,0.0014210125673430607,
12,amp_noise,6,2,False,0,0.0005173111945104836,
12,amp_noise,6,3,False,0,0.03490716651714765,
12,amp_noise,6,4,False,0,0.009115545112292178,
12,amp_noise,6,5,False,0,0.002436501177553785,
12,amp_noise,6,6,False,0,0.027808815393163933,
12,amp_noise,6,7,False,0,0.016193164131697024,
12,amp_noise,7,0,False,0,0.019826805833723204,
12,amp_noise,7,1,False,0,0.028338987368160318,
12,amp_noise,7,2,False,0,0.01490013602692919,
12,amp_noise,7,3,False,0,0.018862928706649074,
12,amp_noise,7,4,False,0,0.002094026839926766,
12,amp_noise,7,5,False,0,0.017525037017836143,
12,amp_noise,7,6,False,0,0.03796394111570467,
12,amp_noise,7,7,False,0,0.00487495642396274,
12,amp_noise,8,0,True,1,0.05838621502796615,0.999979641945027
12,amp_noise,8,1,False,0,0.006631574336695145,
12,amp_noise,8,2,True,1,0.09058701566681471,0.9999807491559951
12,amp_noise,8,3,False,0,0.0014776155939959512,
12,amp_noise,8,4,False,0,0.03740355487565594,
12,amp_noise,8,5,True,1,0.1146436165024467,0.9999797852040556
12,amp_noise,8,6,True,1,0.07918859624098018,0.9999809080446218
12,amp_noise,8,7,False,0,0.019341972365700233,
12,amp_noise,9,0,False,0,0.0014978736533521886,
12,amp_noise,9,1,False,0,0.010284763472560687,
12,amp_noise,9,2,False,0,2.6198508940700194e-05,
12,amp_noise,9,3,False,0,0.006233071356066544,
12,amp_noise,9,4,False,0,0.02685943256077139,
12,amp_noise,9,5,False,0,0.00024070447210444712,
12,amp_noise,9,6,False,0,0.0006704243723298919,
12,amp_noise,9,7,False,0,0.0010118620478518636,
12,amp_noise,10,0,True,1,0.09972755348541962,0.9999806904246485
12,amp_noise,10,1,False,0,0.03388108155046288,
12,amp_noise,10,2,True,1,0.09392148966660296,0.9999799446565896
12,amp_noise,10,3,True,1,0.06661465721436932,0.9999806076314861
12,amp_noise,10,4,False,0,0.02837586052777663,
12,amp_noise,10,5,False,0,0.025149299183717,
12,amp_noise,10,6,True,1,0.08774559516343983,0.9999803682956931
12,amp_noise,10,7,True,1,0.09212841951843265,0.9999798647140907
12,amp_noise,11,0,False,0,0.024951652418770953,
12,amp_noise,11,1,False,0,0.02357771481799409,
12,amp_noise,11,2,False,0,0.006274981591651629,
12,amp_noise,11,3,True,1,0.04139381743543269,0.9999808113877536
12,amp_noise,11,4,True,1,0.04943057026031039,0.9999803679925994
12,amp_noise,11,5,True,1,0.06486212368164845,0.9999804040364428
12,amp_noise,11,6,False,0,0.02237249866892066,
12,amp_noise,11,7,False,0,0.025692560679837273,
12,mixed,0,0,True,1,0.059155820219727984,0.9999348240363176
12,mixed,0,1,True,1,0.042940765489703936,0.9999374415318233
12,mixed,0,2,True,1,0.04043488869126355,0.9999353050008406
12,mixed,0,3,True,1,0.08397624324832409,0.9999336871216171
12,mixed,0,4,True,0,0.06493059948869129,0.977241132486831
12,mixed,0,5,True,0,0.04090127604821958,0.9772701516998854
12,mixed,0,6,True,1,0.05980716852412282,0.9999363380176545
12,mixed,0,7,False,0,0.03375678934967108,
12,mixed,1,0,False,0,0.014728721206017426,
12,mixed,1,1,False,0,0.003375313281595793,
12,mixed,1,2,False,0,0.011960548188827191,
12,mixed,1,3,False,0,0.013242725674965095,
12,mixed,1,4,False,0,0.0014870178930945777,
12,mixed,1,5,False,0,0.02493146726450901,
12,mixed,1,6,False,0,0.0002505968803867553,
12,mixed,1,7,False,0,0.0029964978703788114,
12,mixed,2,0,True,1,0.1114266709412367,0.999934337282357
12,mixed,2,1,False,0,0.025209931398510577,
12,mixed,2,2,False,0,0.013245355140795723,
12,mixed,2,3,True,1,0.1376709334037397,0.9999345908041991
12,mixed,2,4,True,1,0.1256528760822887,0.9999343925708146
12,mixed,2,5,True,1,0.11800179629791685,0.9999334124757977
12,mixed,2,6,True,1,0.15588083588332868,0.9999359950166299
12,mixed,2,7,False,0,0.0032523075378700916,
12,mixed,3,0,True,1,0.07620779857476867,0.9999356795406538
12,mixed,3,1,True,1,0.08151021465610298,0.9999336662888436
12,mixed,3,2,False,0,0.035638081560841695,
12,mixed,3,3,True,1,0.06234632815554375,0.9999367540115031
12,mixed,3,4,True,1,0.041485453613470225,0.9999336703777028
12,mixed,3,5,False,0,0.03293961985504135,
12,mixed,3,6,True,1,0.13541573917944605,0.9999346701419931
12,mixed,3,7,False,0,0.029481586620426325,
12,mixed,4,0,True,1,0.0667470882575093,0.9999262732097517
12,mixed,4,1,True,1,0.08534871701088786,0.9999264534895259
12,mixed,4,2,True,1,0.06278281260922114,0.9999275032919019
12,mixed,4,3,True,1,0.06395363500885565,0.9999273604675083
12,mixed,4,4,False,0,0.02893885506863081,
12,mixed,4,5,True,1,0.08279836532262541,0.9999297657486473
12,mixed,4,6,False,0,0.032531204309489636,
12,mixed,4,7,True,1,0.053111337247018,0.9999294290843905
12,mixed,5,0,False,0,0.003086707072744055,
12,mixed,5,1,False,0,0.001725439960011621,
12,mixed,5,2,False,0,0.00031510868935236136,
12,mixed,5,3,False,0,0.001690365326263099,
12,mixed,5,4,False,0,0.0018362786819412502,
12,mixed,5,5,False,0,0.00203439699349528,
12,mixed,5,6,False,0,0.0084856799418781,
12,mixed,5,7,False,0,0.003788954730088223,
12,mixed,6,0,False,0,0.02722564304526609,
12,mixed,6,1,False,0,0.00142935965371227,
12,mixed,6,2,False,0,0.00026189740212578805,
12,mixed,6,3,False,0,0.01859854397517302,
12,mixed,6,4,False,0,0.022495715138972194,
12,mixed,6,5,False,0,0.0026585022961128635,
12,mixed,6,6,False,0,0.009501609293841473,
12,mixed,6,7,False,0,0.005512466489395629,
12,mixed,7,0,False,0,0.011800773692680178,
12,mixed,7,1,False,0,0.012735838694917012,
12,mixed,7,2,False,0,0.035846539998047655,
12,mixed,7,3,False,0,0.03840452272882744,
12,mixed,7,4,False,0,0.017655251961139373,
12,mixed,7,5,False,0,0.028198994764456198,
12,mixed,7,6,True,1,0.05742812282691423,0.9999278546352935
12,mixed,7,7,False,0,0.0157565158589551,
12,mixed,8,0,True,1,0.08310857884089984,0.9999190910194223
12,mixed,8,1,False,0,0.02791714451202576,
12,mixed,8,2,True,1,0.12645187698020444,0.9999216593345092
12,mixed,8,3,False,0,0.025467611499967346,
12,mixed,8,4,True,1,0.14236739834851786,0.999918501382229
12,mixed,8,5,True,1,0.17205905503730445,0.9999177175237849
12,mixed,8,6,True,1,0.11125289182872855,0.9999220490208196
12,mixed,8,7,True,1,0.04393333872841676,0.9999173467929109
12,mixed,9,0,False,0,0.0014504387288293286,
12,mixed,9,1,False,0,0.014608369246233543,
12,mixed,9,2,False,0,7.321549656047477e-05,
12,mixed,9,3,False,0,0.01933858740780081,
12,mixed,9,4,False,0,0.0007528454870339152,
12,mixed,9,5,False,0,0.0001354750821045414,
12,mixed,9,6,False,0,0.0008983129899923226,
12,mixed,9,7,False,0,0.0008805828486656564,
12,mixed,10,0,True,1,0.14320749051672044,0.9999145482448334
12,mixed,10,1,True,1,0.06096560217942093,0.9999230022536176
12,mixed,10,2,True,1,0.13218648446360837,0.9999186168732129
12,mixed,10,3,True,1,0.12400052215181268,0.9999216438987524
12,mixed,10,4,False,0,0.006535729803148538,
12,mixed,10,5,True,1,0.05606135027503434,0.9999209217994617
12,mixed,10,6,True,1,0.12982962181193847,0.9999199527629117
12,mixed,10,7,True,1,0.13504963136147752,0.9999188312483197
12,mixed,11,0,False,0,0.016720982652106975,
12,mixed,11,1,True,1,0.048995761168896146,0.9999195205902341
12,mixed,11,2,False,0,0.03881472775743222,
12,mixed,11,3,True,1,0.07188555763248783,0.9999205056920866
12,mixed,11,4,True,1,0.08157356205306832,0.999918108621396
12,mixed,11,5,True,1,0.09654436693832513,0.999918015693265
12,mixed,11,6,True,1,0.04458414739236716,0.9999216977218939
12,mixed,11,7,True,1,0.0565837234683112,0.9999176295274828
