capacity,corruption,accuracy,margin_median,margin_05
12,amp_noise,0.96875,0.5643953218722404,0.030242656795079273
12,dropout_50,1.0,0.6066679671430042,0.35028208303632624
12,mixed,1.0,0.5832662069437409,0.3963511917970025
12,phase_wipe,1.0,0.6073454295202367,0.6073454137054395
24,amp_noise,0.9583333333333334,0.3206954139822926,0.008774798115133469
24,dropout_50,1.0,0.3627138639339592,0.3604157386197866
24,mixed,0.984375,0.3354495456780049,0.29440686307852587
24,phase_wipe,1.0,0.3638315730747664,0.36383153908985744
36,amp_noise,0.9270833333333334,0.1910181140828579,0.00039604592694409
36,dropout_50,1.0,0.23357258884966167,0.23170353033313693
36,mixed,0.9895833333333334,0.20798303881401528,0.16900313859487406
36,phase_wipe,1.0,0.23484211838017827,0.2348418287241611
48,amp_noise,0.9140625,0.14487422964605123,3.145642100904553e-05
48,dropout_50,1.0,0.18657070907420537,0.18469295030050822
48,mixed,0.984375,0.16063529620818187,0.12251558543103964
48,phase_wipe,1.0,0.18782315618131756,0.18782261976671907
