group,corruption,accuracy,margin
all_28,amp_noise,0.8333333333333334,0.03437397033278489
all_28,dropout_50,1.0,0.19883455007666267
all_28,mixed,0.9305555555555556,0.049571369129255166
all_28,phase_wipe,1.0,0.22803617056214295
coarse_map,amp_noise,0.4652777777777778,0.028386667718401426
coarse_map,dropout_50,0.9131944444444444,0.138868198037563
coarse_map,mixed,0.6111111111111112,0.03046036227964033
coarse_map,phase_wipe,1.0,0.16214166515294526
core+map,amp_noise,0.8333333333333334,0.03794590029837569
core+map,dropout_50,1.0,0.21938777843922247
core+map,mixed,0.9305555555555556,0.05470569505346595
core+map,phase_wipe,1.0,0.2516019305193167
core+moments,amp_noise,0.9930555555555556,0.25774387225918305
core+moments,dropout_50,1.0,0.2926656351509352
core+moments,mixed,1.0,0.27128527926547863
core+moments,phase_wipe,1.0,0.29372733209876745
core_geometry,amp_noise,0.9895833333333334,0.3845765979149866
core_geometry,dropout_50,1.0,0.38457659791498694
core_geometry,mixed,1.0,0.38457659791498694
core_geometry,phase_wipe,1.0,0.38457659791498694
global_moments,amp_noise,0.09027777777777778,0.00022039709948357133
global_moments,dropout_50,0.8854166666666666,0.0007410671706070107
global_moments,mixed,0.11458333333333333,0.0002004790957685406
global_moments,phase_wipe,1.0,0.0016974716335820508
moments+map,amp_noise,0.4652777777777778,0.02476748564814435
moments+map,dropout_50,0.9131944444444444,0.1212137845645965
moments+map,mixed,0.6076388888888888,0.026761618902721274
moments+map,phase_wipe,1.0,0.1415343399898099
