delay_lo,delay_hi,timeout,utility_capture,rare_critical_hit,critical_slots,writes
8,45,100,0.8339352230674406,0.9137000223784943,3.0,75.0
8,45,200,0.83392718876843,0.9144092422366503,3.0,75.5
8,45,400,0.83392718876843,0.9144092422366503,3.0,75.5
50,150,100,0.8115331233979697,0.8497314467680697,2.9,61.6
50,150,200,0.8113410715823323,0.845738527806622,3.0,61.5
50,150,400,0.8113410715823323,0.845738527806622,3.0,61.5
150,300,100,0.7808843576003258,0.8343986871788849,2.9,54.9
150,300,200,0.7834321705599081,0.8237741491153224,2.9,51.1
150,300,400,0.7834321705599081,0.8237741491153224,2.9,51.1
