seed,alpha,drifting_hit,frequent_useful_hit,rare_critical_hit,wrong_recall_rate,writes
0,0.0,0.6294536817102138,0.9017278617710583,0.8777777777777778,0.07392857142857143,116
1,0.0,0.8023255813953488,0.9462025316455697,0.9024390243902439,0.03571428571428571,66
2,0.0,0.8431372549019608,0.8571428571428571,0.9572192513368984,0.06714285714285714,73
3,0.0,0.8112745098039216,0.9085239085239085,0.9289940828402367,0.03892857142857143,64
4,0.0,0.7684964200477327,0.8929292929292929,0.9130434782608695,0.05178571428571429,95
5,0.0,0.84,0.9204301075268817,0.850828729281768,0.030357142857142857,76
6,0.0,0.7845804988662132,0.8310160427807487,0.9651162790697675,0.0925,105
7,0.0,0.64,0.9201244813278008,0.9382716049382716,0.06035714285714286,110
8,0.0,0.7348837209302326,0.9251844046364595,0.9230769230769231,0.065,92
9,0.0,0.9150485436893204,0.8015873015873016,0.9281045751633987,0.02142857142857143,49
10,0.0,0.8402948402948403,0.8623949579831933,0.9720670391061452,0.055357142857142855,70
11,0.0,0.7692307692307693,0.910135841170324,0.9627329192546584,0.045714285714285714,75
0,0.02,0.6959619952494062,0.9028077753779697,0.8777777777777778,0.0775,116
1,0.02,0.8046511627906977,0.9493670886075949,0.9024390243902439,0.036071428571428574,66
2,0.02,0.7690631808278867,0.9151138716356108,0.9572192513368984,0.04214285714285714,82
3,0.02,0.7524509803921569,0.9407484407484408,0.9289940828402367,0.025,68
4,0.02,0.7684964200477327,0.8919191919191919,0.9130434782608695,0.04964285714285714,95
5,0.02,0.8564705882352941,0.921505376344086,0.856353591160221,0.03785714285714286,77
6,0.02,0.7845804988662132,0.8342245989304813,0.9651162790697675,0.08928571428571429,110
7,0.02,0.6494117647058824,0.921161825726141,0.9382716049382716,0.05964285714285714,110
8,0.02,0.813953488372093,0.9062170706006323,0.9102564102564102,0.0725,86
9,0.02,0.8907766990291263,0.8412698412698413,0.9411764705882353,0.023928571428571428,50
10,0.02,0.8427518427518428,0.865546218487395,0.9720670391061452,0.056428571428571425,70
11,0.02,0.7692307692307693,0.9059561128526645,0.9627329192546584,0.05,81
0,0.05,0.6959619952494062,0.9028077753779697,0.8777777777777778,0.07892857142857143,116
1,0.05,0.8046511627906977,0.9493670886075949,0.9024390243902439,0.036071428571428574,66
2,0.05,0.7690631808278867,0.9151138716356108,0.9572192513368984,0.04214285714285714,82
3,0.05,0.7524509803921569,0.9407484407484408,0.9289940828402367,0.023571428571428573,68
4,0.05,0.7684964200477327,0.8919191919191919,0.9130434782608695,0.048928571428571425,95
5,0.05,0.88,0.9043010752688172,0.8674033149171271,0.035,78
6,0.05,0.7845804988662132,0.8352941176470589,0.9651162790697675,0.08357142857142857,110
7,0.05,0.6494117647058824,0.921161825726141,0.9382716049382716,0.06,110
8,0.05,0.813953488372093,0.9062170706006323,0.9102564102564102,0.07321428571428572,86
9,0.05,0.9029126213592233,0.8353174603174603,0.9411764705882353,0.025357142857142856,57
10,0.05,0.8402948402948403,0.8644957983193278,0.9720670391061452,0.05857142857142857,69
11,0.05,0.7645687645687645,0.910135841170324,0.9627329192546584,0.04964285714285714,81
0,0.1,0.6959619952494062,0.9028077753779697,0.8777777777777778,0.07964285714285714,116
1,0.1,0.8046511627906977,0.9493670886075949,0.9024390243902439,0.036071428571428574,66
2,0.1,0.7690631808278867,0.9151138716356108,0.9572192513368984,0.04107142857142857,82
3,0.1,0.7524509803921569,0.9407484407484408,0.9289940828402367,0.02214285714285714,68
4,0.1,0.7684964200477327,0.8919191919191919,0.9130434782608695,0.05,95
5,0.1,0.88,0.9043010752688172,0.8674033149171271,0.035,78
6,0.1,0.7845804988662132,0.8363636363636363,0.9651162790697675,0.08035714285714286,110
7,0.1,0.8258823529411765,0.8703319502074689,0.9444444444444444,0.06321428571428571,83
8,0.1,0.813953488372093,0.9041095890410958,0.9102564102564102,0.07821428571428571,89
9,0.1,0.8932038834951457,0.8373015873015873,0.8823529411764706,0.04857142857142857,66
10,0.1,0.8402948402948403,0.8644957983193278,0.9720670391061452,0.05857142857142857,69
11,0.1,0.7645687645687645,0.910135841170324,0.9627329192546584,0.04857142857142857,81
0,0.2,0.6959619952494062,0.9028077753779697,0.8777777777777778,0.07928571428571428,116
1,0.2,0.8046511627906977,0.9493670886075949,0.9024390243902439,0.036071428571428574,66
2,0.2,0.7690631808278867,0.9151138716356108,0.9572192513368984,0.039285714285714285,82
3,0.2,0.7524509803921569,0.9407484407484408,0.9289940828402367,0.0225,68
4,0.2,0.766109785202864,0.8919191919191919,0.9130434782608695,0.048928571428571425,94
5,0.2,0.88,0.9032258064516129,0.8674033149171271,0.033928571428571426,78
6,0.2,0.780045351473923,0.8342245989304813,0.9651162790697675,0.07892857142857143,112
7,0.2,0.8258823529411765,0.8661825726141079,0.9444444444444444,0.06428571428571428,81
8,0.2,0.813953488372093,0.9041095890410958,0.9102564102564102,0.07714285714285714,89
9,0.2,0.8932038834951457,0.8373015873015873,0.8823529411764706,0.04428571428571428,66
10,0.2,0.6535626535626535,0.9537815126050421,0.9608938547486033,0.046785714285714285,96
11,0.2,0.7645687645687645,0.910135841170324,0.9627329192546584,0.048928571428571425,81
