poison_prob,policy,utility_capture,wrong_recall_rate,writes,junk_slots,critical_slots,useful_slots
0.0,recurrence,0.7532934947423071,0.11875,153.5,1.0,2.75,9.0
0.0,robust_value,0.8439749835893449,0.04625,17.375,0.0,2.875,10.0
0.0,value_aware,0.8251849518493235,0.058984375,53.125,0.25,3.0,9.75
0.2,recurrence,0.6503538901110075,0.162734375,155.0,2.625,2.5,7.375
0.2,robust_value,0.6864117504609882,0.17179687500000002,89.0,2.625,3.0,7.375
0.2,value_aware,0.680768080899109,0.16789062500000002,155.625,2.875,2.75,7.125
0.35,recurrence,0.5859028818008853,0.1609375,149.0,3.625,2.125,6.375
0.35,robust_value,0.6242045760364824,0.189609375,113.875,3.375,2.75,6.625
0.35,value_aware,0.6246302644355171,0.17203125,184.375,3.625,2.625,6.375
