seed,policy,poison_prob,utility_capture,wrong_recall_rate,writes,junk_slots,critical_slots,useful_slots
0,recurrence,0.0,0.7583104541502564,0.12125,141,1,2,9
1,recurrence,0.0,0.7362795605790142,0.12375,159,1,2,9
2,recurrence,0.0,0.7859959012171692,0.088125,157,1,3,9
3,recurrence,0.0,0.7949624631163308,0.07875,155,1,3,9
4,recurrence,0.0,0.7471498355500912,0.12875,129,1,3,9
5,recurrence,0.0,0.7058431086050211,0.079375,149,1,3,9
6,recurrence,0.0,0.7711144383820352,0.15,173,1,3,9
7,recurrence,0.0,0.7266921963385383,0.18,165,1,3,9
0,value_aware,0.0,0.8306444681244944,0.045,48,0,3,10
1,value_aware,0.0,0.8263509895671693,0.041875,42,0,3,10
2,value_aware,0.0,0.8576006834685623,0.055625,43,0,3,10
3,value_aware,0.0,0.8532408140071485,0.0325,46,0,3,10
4,value_aware,0.0,0.7878733670062986,0.073125,58,0,3,10
5,value_aware,0.0,0.8317890258461434,0.01625,45,0,3,10
6,value_aware,0.0,0.7914028323086174,0.140625,81,1,3,9
7,value_aware,0.0,0.8225774344661538,0.066875,62,1,3,9
0,robust_value,0.0,0.8338267101100061,0.036875,30,0,2,10
1,robust_value,0.0,0.8622717954247029,0.035625,12,0,3,10
2,robust_value,0.0,0.8577797453282161,0.06625,12,0,3,10
3,robust_value,0.0,0.8535464921589245,0.0475,18,0,3,10
4,robust_value,0.0,0.838203095283393,0.0375,17,0,3,10
5,robust_value,0.0,0.8383763830888609,0.02375,15,0,3,10
6,robust_value,0.0,0.8235854847341884,0.07375,16,0,3,10
7,robust_value,0.0,0.8442101625864671,0.04875,19,0,3,10
0,recurrence,0.2,0.63193835138934,0.170625,144,3,2,7
1,recurrence,0.2,0.617141762673877,0.153125,166,3,2,7
2,recurrence,0.2,0.7560976191946136,0.171875,166,1,3,9
3,recurrence,0.2,0.6239404805343516,0.16875,156,4,3,6
4,recurrence,0.2,0.6557270142383543,0.083125,126,3,2,7
5,recurrence,0.2,0.6625558633886048,0.10625,151,3,3,7
6,recurrence,0.2,0.592956168744621,0.239375,170,2,2,8
7,recurrence,0.2,0.6624738607242981,0.20875,161,2,3,8
0,value_aware,0.2,0.6649349117193561,0.16875,148,4,2,6
1,value_aware,0.2,0.6742594785858328,0.17875,132,2,2,8
2,value_aware,0.2,0.744019771239846,0.153125,150,2,3,8
3,value_aware,0.2,0.6616014290728185,0.1475,154,3,3,7
4,value_aware,0.2,0.6812777134263599,0.103125,162,3,3,7
5,value_aware,0.2,0.7152103711849008,0.113125,147,2,3,8
6,value_aware,0.2,0.6382963927889228,0.311875,185,4,3,6
7,value_aware,0.2,0.6665445791748349,0.166875,167,3,3,7
0,robust_value,0.2,0.6831630315306547,0.154375,88,3,3,7
1,robust_value,0.2,0.6979756703431086,0.196875,97,2,3,8
2,robust_value,0.2,0.7201137875805825,0.12875,89,2,3,8
3,robust_value,0.2,0.7286089513185547,0.14625,88,1,3,9
4,robust_value,0.2,0.67914579837598,0.153125,85,4,3,6
5,robust_value,0.2,0.6991298479427386,0.110625,108,1,3,9
6,robust_value,0.2,0.6637902884529788,0.280625,94,4,3,6
7,robust_value,0.2,0.619366628143308,0.20375,63,4,3,6
0,recurrence,0.35,0.5836094006546075,0.151875,130,3,2,7
1,recurrence,0.35,0.580380874109514,0.1625,170,4,2,6
2,recurrence,0.35,0.7441545627876976,0.160625,162,2,3,8
3,recurrence,0.35,0.561498571594976,0.1725,157,5,3,5
4,recurrence,0.35,0.5846451480483958,0.115625,100,4,1,6
5,recurrence,0.35,0.5619583621010342,0.14375,156,2,3,8
6,recurrence,0.35,0.496840837937325,0.196875,173,5,2,5
7,recurrence,0.35,0.5741352971735326,0.18375,144,4,1,6
0,value_aware,0.35,0.6455663961078766,0.154375,171,3,2,7
1,value_aware,0.35,0.5898846690444477,0.149375,158,4,1,6
2,value_aware,0.35,0.7118560276740656,0.1225,179,3,3,7
3,value_aware,0.35,0.6177564208710292,0.154375,177,3,3,7
4,value_aware,0.35,0.653322929008913,0.155625,187,4,3,6
5,value_aware,0.35,0.5675202896482793,0.18875,196,4,3,6
6,value_aware,0.35,0.6155049709368988,0.279375,204,4,3,6
7,value_aware,0.35,0.5956304121926265,0.171875,203,4,3,6
0,robust_value,0.35,0.6602467617190948,0.18,118,3,3,7
1,robust_value,0.35,0.613284117707223,0.196875,122,4,2,6
2,robust_value,0.35,0.6627152483023591,0.145625,137,3,3,7
3,robust_value,0.35,0.5837470958507583,0.174375,97,3,3,7
4,robust_value,0.35,0.5936086876975766,0.17375,122,4,2,6
5,robust_value,0.35,0.6258553172214847,0.144375,122,3,3,7
6,robust_value,0.35,0.6006641284529384,0.305625,107,4,3,6
7,robust_value,0.35,0.653515251340424,0.19625,86,3,3,7
