seed,verify_prob,collusion,poison_reports,confidence_min,utility_capture,wrong_recall_rate,writes,junk_slots,critical_slots,feedback_accept_rate
0,0.1,True,True,0.0,0.6268739428740218,0.178125,141,3,3,1.0
1,0.1,True,True,0.0,0.6499648686656054,0.184375,141,3,3,1.0
2,0.1,True,True,0.0,0.7229599924663925,0.166875,144,1,3,1.0
3,0.1,True,True,0.0,0.6453745276602478,0.12875,157,3,3,1.0
4,0.1,True,True,0.0,0.6546397584074739,0.12625,164,3,3,1.0
5,0.1,True,True,0.0,0.6147834256741211,0.17625,145,4,3,1.0
6,0.1,True,True,0.0,0.6461011881677718,0.27,131,3,3,1.0
7,0.1,True,True,0.0,0.62243143641208,0.20125,158,4,3,1.0
8,0.1,True,True,0.0,0.6869905392736643,0.200625,149,2,2,1.0
9,0.1,True,True,0.0,0.589950814299127,0.148125,154,3,3,1.0
10,0.1,True,True,0.0,0.6995785823574233,0.235,125,2,3,1.0
11,0.1,True,True,0.0,0.661913964193466,0.175625,138,3,2,1.0
12,0.1,True,True,0.0,0.6888091579214666,0.134375,148,2,3,1.0
13,0.1,True,True,0.0,0.6369094101334937,0.189375,144,3,3,1.0
14,0.1,True,True,0.0,0.6643717884226628,0.2,135,3,3,1.0
15,0.1,True,True,0.0,0.6713425756031826,0.19875,133,2,3,1.0
16,0.1,True,True,0.0,0.741287706711384,0.11875,154,2,3,1.0
17,0.1,True,True,0.0,0.6633370634055846,0.165,159,2,3,1.0
0,0.1,True,True,0.3,0.7004891113691774,0.17375,130,2,3,0.899375
1,0.1,True,True,0.3,0.6078705328897651,0.115,159,4,1,0.863125
2,0.1,True,True,0.3,0.6325097808012661,0.178125,150,3,3,0.849375
3,0.1,True,True,0.3,0.6257250159614268,0.13125,135,4,3,0.88375
4,0.1,True,True,0.3,0.5448674565023305,0.12125,163,4,3,0.869375
5,0.1,True,True,0.3,0.6133695288154887,0.155,154,4,3,0.894375
6,0.1,True,True,0.3,0.6442033424461304,0.293125,111,3,3,0.87625
7,0.1,True,True,0.3,0.6361269802074827,0.165,128,3,3,0.83625
8,0.1,True,True,0.3,0.6391448817781694,0.188125,148,3,2,0.86
9,0.1,True,True,0.3,0.5440880147055166,0.208125,120,4,3,0.784375
10,0.1,True,True,0.3,0.5533577388757603,0.260625,159,3,2,0.84
11,0.1,True,True,0.3,0.6078855040999174,0.140625,133,3,2,0.85
12,0.1,True,True,0.3,0.5676527614665673,0.1575,143,4,3,0.831875
13,0.1,True,True,0.3,0.6408989499683843,0.154375,147,3,3,0.919375
14,0.1,True,True,0.3,0.6411691250510319,0.225,116,3,3,0.878125
15,0.1,True,True,0.3,0.5506827897744113,0.22,147,5,3,0.816875
16,0.1,True,True,0.3,0.5886187823048445,0.1025,173,3,3,0.889375
17,0.1,True,True,0.3,0.6512901265200319,0.15125,144,2,3,0.901875
0,0.1,True,True,0.42,0.48510841586949244,0.163125,105,4,3,0.5975
1,0.1,True,True,0.42,0.4884755673064744,0.188125,144,4,2,0.664375
2,0.1,True,True,0.42,0.6147790980314946,0.1475,126,3,3,0.66125
3,0.1,True,True,0.42,0.5881488788128878,0.139375,114,3,3,0.671875
4,0.1,True,True,0.42,0.5545722464225443,0.10625,146,5,2,0.699375
5,0.1,True,True,0.42,0.5365716857739792,0.07375,122,4,3,0.603125
6,0.1,True,True,0.42,0.5140988221129452,0.228125,134,4,3,0.588125
7,0.1,True,True,0.42,0.522874588854088,0.166875,128,4,3,0.629375
8,0.1,True,True,0.42,0.5246751760742149,0.153125,102,5,2,0.55875
9,0.1,True,True,0.42,0.5826045974442021,0.16875,92,5,2,0.59375
10,0.1,True,True,0.42,0.5828339808478572,0.239375,101,4,2,0.630625
11,0.1,True,True,0.42,0.5784841460926706,0.1875,132,4,2,0.6725
12,0.1,True,True,0.42,0.43998931752714965,0.164375,131,4,3,0.569375
13,0.1,True,True,0.42,0.6004860997220517,0.17,105,4,3,0.619375
14,0.1,True,True,0.42,0.518562819789919,0.244375,100,5,2,0.641875
15,0.1,True,True,0.42,0.6198459535895561,0.183125,127,4,3,0.62
16,0.1,True,True,0.42,0.5588311614552931,0.145,139,3,3,0.719375
17,0.1,True,True,0.42,0.6184739424709905,0.108125,108,2,3,0.695625
0,0.1,True,True,0.55,0.47155167932572545,0.109375,85,4,3,0.380625
1,0.1,True,True,0.55,0.4107873421043495,0.171875,106,4,2,0.335625
2,0.1,True,True,0.55,0.5106161813908121,0.15,75,4,3,0.325
3,0.1,True,True,0.55,0.5160182481232669,0.173125,114,4,3,0.416875
4,0.1,True,True,0.55,0.5415026773219098,0.12625,104,4,3,0.33125
5,0.1,True,True,0.55,0.49832049496742636,0.095625,121,5,3,0.421875
6,0.1,True,True,0.55,0.5628446723964884,0.215,83,3,3,0.336875
7,0.1,True,True,0.55,0.48134204911803535,0.128125,77,5,3,0.27125
8,0.1,True,True,0.55,0.461654077784475,0.148125,98,3,2,0.331875
9,0.1,True,True,0.55,0.415279284247707,0.109375,104,4,2,0.336875
10,0.1,True,True,0.55,0.454548464479419,0.205625,136,4,2,0.474375
11,0.1,True,True,0.55,0.47323464777918284,0.170625,123,4,2,0.4525
12,0.1,True,True,0.55,0.4131048201264672,0.14,67,4,2,0.27125
13,0.1,True,True,0.55,0.5097143422830689,0.145,127,4,3,0.429375
14,0.1,True,True,0.55,0.5269618088799255,0.229375,111,4,2,0.426875
15,0.1,True,True,0.55,0.4185595814156289,0.1025,109,5,3,0.3525
16,0.1,True,True,0.55,0.48606372033452455,0.1025,86,4,3,0.311875
17,0.1,True,True,0.55,0.5268197975391007,0.159375,84,4,3,0.376875
