seed,gamma,mode,group_cap,verify_prob,collusion,regime_flip,utility_capture,wrong_recall_rate,writes,critical_slots,junk_slots,useful_slots,frequent_junk_hit,drifting_hit,frequent_useful_hit,transient_noise_hit,rare_critical_hit,rho_A_final,rho_B_final,rho_C_final,rho_D_final,config
0,1.0,equal,False,0.3,False,False,0.6913850517953972,0.1827777777777778,167,3,2,8,0.49336283185840707,0.704225352112676,0.573170731707317,0.0,0.8230088495575221,0.8809546984685838,0.7147670830222879,0.22862518343005808,0.5156008670410547,equal_g1.0_capFalse
1,1.0,equal,False,0.3,False,False,0.6128975875936399,0.17222222222222222,187,3,3,7,0.6252631578947369,0.4946236559139785,0.5786061588330632,0.0,0.7244897959183674,0.8954189260386799,0.8057633553106587,0.26437593129106524,0.5509531650810306,equal_g1.0_capFalse
2,1.0,equal,False,0.3,False,False,0.7515088696927855,0.18055555555555555,187,3,1,9,0.3663594470046083,0.42333333333333334,0.8184713375796179,0.0,0.9130434782608695,0.8838432508129883,0.7959212673072352,0.2617709781689509,0.5258137212209623,equal_g1.0_capFalse
3,1.0,equal,False,0.3,False,False,0.7071592093795224,0.18,165,2,2,8,0.4150537634408602,0.6988416988416989,0.6939443535188216,0.0,0.7431192660550459,0.8905145137485676,0.7841108350646513,0.2215889443862231,0.5924835417604113,equal_g1.0_capFalse
4,1.0,equal,False,0.3,False,False,0.6817874523738964,0.14777777777777779,181,2,2,8,0.3915929203539823,0.5130111524163569,0.8284789644012945,0.0,0.6413043478260869,0.8844858409430006,0.7835600820226082,0.284766567808758,0.6950499803548976,equal_g1.0_capFalse
5,1.0,equal,False,0.3,False,False,0.6362265047662904,0.15055555555555555,182,3,3,7,0.6550976138828634,0.425531914893617,0.6227045075125208,0.0,0.7787610619469026,0.9325711545853317,0.8000546549138939,0.21920520481166916,0.4826168800929237,equal_g1.0_capFalse
6,1.0,equal,False,0.3,False,False,0.6809421012530095,0.26055555555555554,181,3,3,7,0.47240618101545256,0.3993174061433447,0.6222596964586846,0.0,0.9421487603305785,0.8918110038866804,0.7511942541519889,0.32018001693597314,0.5613550359894948,equal_g1.0_capFalse
7,1.0,equal,False,0.3,False,False,0.6895400557514736,0.18388888888888888,140,2,3,7,0.49884526558891457,0.5,0.8012718600953895,0.0,0.6597938144329897,0.876320050407266,0.8275587274023134,0.2102826726679993,0.5786596559581355,equal_g1.0_capFalse
8,1.0,equal,False,0.3,False,False,0.6903188642729329,0.20833333333333334,158,3,2,8,0.4572072072072072,0.41015625,0.6405750798722045,0.0,0.9326923076923077,0.8999243177675442,0.7605719235406952,0.20543272927073503,0.6322816202311772,equal_g1.0_capFalse
9,1.0,equal,False,0.3,False,False,0.6387705713640301,0.115,165,2,3,7,0.5093023255813953,0.41304347826086957,0.6292307692307693,0.0,0.8,0.880854317616444,0.7886344287726054,0.22820078013934875,0.4897197883222614,equal_g1.0_capFalse
10,1.0,equal,False,0.3,False,False,0.6901419353009235,0.2738888888888889,187,3,2,8,0.5,0.6199261992619927,0.5057283142389526,0.0,0.9243697478991597,0.9135459132616911,0.7862591220928108,0.18190417233967143,0.5620422117045148,equal_g1.0_capFalse
11,1.0,equal,False,0.3,False,False,0.673348657488893,0.20833333333333334,172,2,3,7,0.49445676274944567,0.6483516483516484,0.6098360655737705,0.0,0.8073394495412844,0.9060741200592983,0.7920964416493288,0.26981835995766223,0.5738335799248757,equal_g1.0_capFalse
12,1.0,equal,False,0.3,False,False,0.723195951775825,0.07166666666666667,178,3,2,8,0.47438752783964366,0.17777777777777778,0.7887788778877888,0.0,0.9672131147540983,0.8843155112206877,0.8014942827944865,0.2304395404714381,0.5306395599906112,equal_g1.0_capFalse
13,1.0,equal,False,0.3,False,False,0.6848350123937409,0.12,171,2,4,6,0.46,0.5108695652173914,0.7516778523489933,0.0,0.7543859649122807,0.873651775669314,0.6816153535861641,0.23984907724509733,0.6275820632282345,equal_g1.0_capFalse
14,1.0,equal,False,0.3,False,False,0.6865154122950561,0.20722222222222222,176,2,3,7,0.4988962472406181,0.449438202247191,0.8,0.0,0.7075471698113207,0.894181692470027,0.734894914174514,0.19516031491396435,0.4855397178537307,equal_g1.0_capFalse
15,1.0,equal,False,0.3,False,False,0.6473280316654813,0.2088888888888889,164,3,3,7,0.6263982102908278,0.47719298245614034,0.49155405405405406,0.0,0.9333333333333333,0.9151660719511688,0.7212188184007928,0.1626862499103288,0.547697807161541,equal_g1.0_capFalse
16,1.0,equal,False,0.3,False,False,0.7236982446350368,0.13666666666666666,169,2,2,8,0.38839285714285715,0.7383512544802867,0.7581699346405228,0.0,0.7058823529411765,0.8948631610916986,0.7377982235027667,0.20453414290984737,0.5194759518173255,equal_g1.0_capFalse
17,1.0,equal,False,0.3,False,False,0.6682569436637595,0.165,158,2,4,6,0.5963718820861678,0.44921875,0.716012084592145,0.0,0.7572815533980582,0.9148379337764535,0.7801566552220611,0.266877234688786,0.5846774686647297,equal_g1.0_capFalse
18,1.0,equal,False,0.3,False,False,0.6284767701318748,0.155,177,3,3,7,0.6022222222222222,0.5035460992907801,0.5128205128205128,0.0,0.839622641509434,0.9076332263545708,0.8035459066767123,0.2382640131005187,0.4920417852711589,equal_g1.0_capFalse
19,1.0,equal,False,0.3,False,False,0.6188040624260625,0.22611111111111112,148,3,2,8,0.5902004454342984,0.4187725631768953,0.5976027397260274,0.0,0.7722772277227723,0.8842411389114442,0.6668166958620485,0.34678566641489234,0.5530986687891929,equal_g1.0_capFalse
20,1.0,equal,False,0.3,False,False,0.6742501367241637,0.15777777777777777,143,2,2,8,0.5294117647058824,0.6438848920863309,0.6777408637873754,0.0,0.7083333333333334,0.8750390848403898,0.7769894821090022,0.23310995406988497,0.528581367677655,equal_g1.0_capFalse
21,1.0,equal,False,0.3,False,False,0.5945391798389318,0.21388888888888888,170,3,3,7,0.6686746987951807,0.6823529411764706,0.4,0.0,0.7570093457943925,0.8806297794849902,0.744402188658009,0.26240243563363363,0.5090646246048635,equal_g1.0_capFalse
22,1.0,equal,False,0.3,False,False,0.678882993526503,0.17944444444444443,174,3,3,7,0.5691964285714286,0.4007936507936508,0.6230031948881789,0.0,0.8828828828828829,0.8863041674355304,0.6361763634691947,0.27708235840720447,0.586827388297441,equal_g1.0_capFalse
23,1.0,equal,False,0.3,False,False,0.61406045184955,0.19111111111111112,182,3,3,7,0.6888888888888889,0.38976377952755903,0.46905537459283386,0.0,0.8650793650793651,0.8815882716353678,0.7102772609876531,0.3387331663878941,0.5366340012723416,equal_g1.0_capFalse
0,3.0,learned,True,0.3,False,False,0.7946899038171195,0.085,87,3,0,10,0.21460176991150443,0.7112676056338029,0.8536585365853658,0.0,0.8495575221238938,0.8809546984685838,0.7147670830222879,0.22862518343005808,0.5156008670410547,learned_g3.0_capTrue
1,3.0,learned,True,0.3,False,False,0.7305220663921322,0.2288888888888889,118,3,2,8,0.391578947368421,0.5483870967741935,0.7747163695299838,0.0,0.8163265306122449,0.8954189260386799,0.8057633553106587,0.26437593129106524,0.5509531650810306,learned_g3.0_capTrue
2,3.0,learned,True,0.3,False,False,0.7900388666265798,0.195,98,3,1,9,0.24193548387096775,0.5466666666666666,0.8455414012738853,0.0,0.9217391304347826,0.8838432508129883,0.7959212673072352,0.2617709781689509,0.5258137212209623,learned_g3.0_capTrue
3,3.0,learned,True,0.3,False,False,0.8250315304073073,0.07666666666666666,65,3,1,9,0.11612903225806452,0.7992277992277992,0.8265139116202946,0.0,0.8899082568807339,0.8905145137485676,0.7841108350646513,0.2215889443862231,0.5924835417604113,learned_g3.0_capTrue
4,3.0,learned,True,0.3,False,False,0.7643778295730064,0.19,103,3,1,9,0.24336283185840707,0.5799256505576208,0.8462783171521036,0.0,0.8478260869565217,0.8844858409430006,0.7835600820226082,0.284766567808758,0.6950499803548976,learned_g3.0_capTrue
5,3.0,learned,True,0.3,False,False,0.8128897119368055,0.041666666666666664,79,3,0,10,0.15184381778741865,0.6170212765957447,0.9398998330550918,0.0,0.8849557522123894,0.9325711545853317,0.8000546549138939,0.21920520481166916,0.4826168800929237,learned_g3.0_capTrue
6,3.0,learned,True,0.3,False,False,0.7769734577034316,0.23777777777777778,102,3,1,9,0.2229580573951435,0.5972696245733788,0.7790893760539629,0.0,0.9421487603305785,0.8918110038866804,0.7511942541519889,0.32018001693597314,0.5613550359894948,learned_g3.0_capTrue
7,3.0,learned,True,0.3,False,False,0.8193233564402098,0.07555555555555556,76,3,0,10,0.15011547344110854,0.6343283582089553,0.9109697933227345,0.0,0.8969072164948454,0.876320050407266,0.8275587274023134,0.2102826726679993,0.5786596559581355,learned_g3.0_capTrue
8,3.0,learned,True,0.3,False,False,0.729074438754942,0.205,133,3,1,9,0.35585585585585583,0.46875,0.7252396166134185,0.0,0.9326923076923077,0.8999243177675442,0.7605719235406952,0.20543272927073503,0.6322816202311772,learned_g3.0_capTrue
9,3.0,learned,True,0.3,False,False,0.7718396805154322,0.16444444444444445,91,3,1,9,0.2255813953488372,0.6630434782608695,0.7261538461538461,0.0,0.9333333333333333,0.880854317616444,0.7886344287726054,0.22820078013934875,0.4897197883222614,learned_g3.0_capTrue
10,3.0,learned,True,0.3,False,False,0.7680668519991362,0.16,107,3,1,9,0.25565610859728505,0.6715867158671587,0.6693944353518821,0.0,0.957983193277311,0.9135459132616911,0.7862591220928108,0.18190417233967143,0.5620422117045148,learned_g3.0_capTrue
11,3.0,learned,True,0.3,False,False,0.8109483342686489,0.07888888888888888,80,3,0,10,0.10199556541019955,0.5934065934065934,0.9245901639344263,0.0,0.8990825688073395,0.9060741200592983,0.7920964416493288,0.26981835995766223,0.5738335799248757,learned_g3.0_capTrue
12,3.0,learned,True,0.3,False,False,0.861187120621691,0.04,62,3,0,10,0.026726057906458798,0.7296296296296296,0.8927392739273927,0.0,0.9672131147540983,0.8843155112206877,0.8014942827944865,0.2304395404714381,0.5306395599906112,learned_g3.0_capTrue
13,3.0,learned,True,0.3,False,False,0.8437828287416097,0.050555555555555555,70,3,0,10,0.05555555555555555,0.7427536231884058,0.8590604026845637,0.0,0.9649122807017544,0.873651775669314,0.6816153535861641,0.23984907724509733,0.6275820632282345,learned_g3.0_capTrue
14,3.0,learned,True,0.3,False,False,0.7573149326272621,0.1388888888888889,88,3,0,10,0.271523178807947,0.8052434456928839,0.8048387096774193,0.0,0.7264150943396226,0.894181692470027,0.734894914174514,0.19516031491396435,0.4855397178537307,learned_g3.0_capTrue
15,3.0,learned,True,0.3,False,False,0.77066443807986,0.20055555555555554,95,3,1,9,0.22595078299776286,0.5754385964912281,0.8108108108108109,0.0,0.9333333333333333,0.9151660719511688,0.7212188184007928,0.1626862499103288,0.547697807161541,learned_g3.0_capTrue
16,3.0,learned,True,0.3,False,False,0.7886201031162036,0.09888888888888889,109,3,1,9,0.26785714285714285,0.7813620071684588,0.7156862745098039,0.0,0.9327731092436975,0.8948631610916986,0.7377982235027667,0.20453414290984737,0.5194759518173255,learned_g3.0_capTrue
17,3.0,learned,True,0.3,False,False,0.7351356252021963,0.18777777777777777,107,2,1,9,0.34467120181405897,0.6640625,0.783987915407855,0.0,0.7766990291262136,0.9148379337764535,0.7801566552220611,0.266877234688786,0.5846774686647297,learned_g3.0_capTrue
18,3.0,learned,True,0.3,False,False,0.7810771569353617,0.23,103,3,1,9,0.22666666666666666,0.6170212765957447,0.7760683760683761,0.0,0.9622641509433962,0.9076332263545708,0.8035459066767123,0.2382640131005187,0.4920417852711589,learned_g3.0_capTrue
19,3.0,learned,True,0.3,False,False,0.7758556183996208,0.1638888888888889,97,3,1,9,0.20489977728285078,0.5703971119133574,0.8304794520547946,0.0,0.9207920792079208,0.8842411389114442,0.6668166958620485,0.34678566641489234,0.5530986687891929,learned_g3.0_capTrue
20,3.0,learned,True,0.3,False,False,0.7557374566009435,0.09722222222222222,89,3,0,10,0.25176470588235295,0.6942446043165468,0.792358803986711,0.0,0.8125,0.8750390848403898,0.7769894821090022,0.23310995406988497,0.528581367677655,learned_g3.0_capTrue
21,3.0,learned,True,0.3,False,False,0.7629518982798896,0.13,98,3,1,9,0.2710843373493976,0.7215686274509804,0.7160714285714286,0.0,0.8785046728971962,0.8806297794849902,0.744402188658009,0.26240243563363363,0.5090646246048635,learned_g3.0_capTrue
22,3.0,learned,True,0.3,False,False,0.7692528329265697,0.21166666666666667,98,3,1,9,0.2857142857142857,0.6984126984126984,0.7460063897763578,0.0,0.8828828828828829,0.8863041674355304,0.6361763634691947,0.27708235840720447,0.586827388297441,learned_g3.0_capTrue
23,3.0,learned,True,0.3,False,False,0.7204925304516666,0.20277777777777778,139,3,2,8,0.4066666666666667,0.49606299212598426,0.6351791530944625,0.0,0.9523809523809523,0.8815882716353678,0.7102772609876531,0.3387331663878941,0.5366340012723416,learned_g3.0_capTrue
0,1.0,oracle,True,0.3,False,False,0.8571531775747773,0.03166666666666667,50,3,0,10,0.033185840707964605,0.8732394366197183,0.9303135888501742,0.0,0.8584070796460177,0.8809546984685838,0.7147670830222879,0.22862518343005808,0.5156008670410547,oracle_g1.0_capTrue
1,1.0,oracle,True,0.3,False,False,0.7879600146383925,0.16,70,2,2,8,0.1726315789473684,0.7311827956989247,0.9108589951377634,0.0,0.7551020408163265,0.8954189260386799,0.8057633553106587,0.26437593129106524,0.5509531650810306,oracle_g1.0_capTrue
2,1.0,oracle,True,0.3,False,False,0.8445594719496365,0.059444444444444446,60,3,0,10,0.027649769585253458,0.8333333333333334,0.8726114649681529,0.0,0.8956521739130435,0.8838432508129883,0.7959212673072352,0.2617709781689509,0.5258137212209623,oracle_g1.0_capTrue
3,1.0,oracle,True,0.3,False,False,0.8609711371644091,0.04722222222222222,49,3,1,9,0.043010752688172046,0.7915057915057915,0.9018003273322422,0.0,0.926605504587156,0.8905145137485676,0.7841108350646513,0.2215889443862231,0.5924835417604113,oracle_g1.0_capTrue
4,1.0,oracle,True,0.3,False,False,0.8253319413701794,0.05333333333333334,64,3,0,10,0.028761061946902654,0.9442379182156134,0.7912621359223301,0.0,0.9021739130434783,0.8844858409430006,0.7835600820226082,0.284766567808758,0.6950499803548976,oracle_g1.0_capTrue
5,1.0,oracle,True,0.3,False,False,0.8479406942208548,0.03388888888888889,63,3,1,9,0.02386117136659436,0.8333333333333334,0.8814691151919867,0.0,0.9292035398230089,0.9325711545853317,0.8000546549138939,0.21920520481166916,0.4826168800929237,oracle_g1.0_capTrue
6,1.0,oracle,True,0.3,False,False,0.8375412768547991,0.07611111111111112,55,3,1,9,0.04415011037527594,0.7406143344709898,0.866779089376054,0.0,0.9504132231404959,0.8918110038866804,0.7511942541519889,0.32018001693597314,0.5613550359894948,oracle_g1.0_capTrue
7,1.0,oracle,True,0.3,False,False,0.7759462594359188,0.15,89,3,0,10,0.18013856812933027,0.6529850746268657,0.8267090620031796,0.0,0.865979381443299,0.876320050407266,0.8275587274023134,0.2102826726679993,0.5786596559581355,oracle_g1.0_capTrue
8,1.0,oracle,True,0.3,False,False,0.7871147979369629,0.23166666666666666,93,3,2,8,0.21171171171171171,0.6796875,0.7635782747603834,0.0,0.9326923076923077,0.8999243177675442,0.7605719235406952,0.20543272927073503,0.6322816202311772,oracle_g1.0_capTrue
9,1.0,oracle,True,0.3,False,False,0.8295456127057638,0.09333333333333334,56,3,0,10,0.05813953488372093,0.8007246376811594,0.8015384615384615,0.0,0.9428571428571428,0.880854317616444,0.7886344287726054,0.22820078013934875,0.4897197883222614,oracle_g1.0_capTrue
10,1.0,oracle,True,0.3,False,False,0.7955085053039452,0.14777777777777779,91,3,1,9,0.2420814479638009,0.6125461254612546,0.7757774140752864,0.0,0.957983193277311,0.9135459132616911,0.7862591220928108,0.18190417233967143,0.5620422117045148,oracle_g1.0_capTrue
11,1.0,oracle,True,0.3,False,False,0.8453904348944611,0.034444444444444444,54,3,0,10,0.019955654101995565,0.7326007326007326,0.9770491803278688,0.0,0.8623853211009175,0.9060741200592983,0.7920964416493288,0.26981835995766223,0.5738335799248757,oracle_g1.0_capTrue
12,1.0,oracle,True,0.3,False,False,0.8717855673213588,0.03388888888888889,54,3,0,10,0.004454342984409799,0.7481481481481481,0.9158415841584159,0.0,0.9672131147540983,0.8843155112206877,0.8014942827944865,0.2304395404714381,0.5306395599906112,oracle_g1.0_capTrue
13,1.0,oracle,True,0.3,False,False,0.8335321578758719,0.028333333333333332,47,3,0,10,0.008888888888888889,0.9202898550724637,0.9110738255033557,0.0,0.7807017543859649,0.873651775669314,0.6816153535861641,0.23984907724509733,0.6275820632282345,oracle_g1.0_capTrue
14,1.0,oracle,True,0.3,False,False,0.8442337450562083,0.08222222222222222,61,3,0,10,0.06622516556291391,0.7790262172284644,0.8806451612903226,0.0,0.9245283018867925,0.894181692470027,0.734894914174514,0.19516031491396435,0.4855397178537307,oracle_g1.0_capTrue
15,1.0,oracle,True,0.3,False,False,0.7791116994034151,0.21333333333333335,103,3,1,9,0.19015659955257272,0.7649122807017544,0.7128378378378378,0.0,0.9333333333333333,0.9151660719511688,0.7212188184007928,0.1626862499103288,0.547697807161541,oracle_g1.0_capTrue
16,1.0,oracle,True,0.3,False,False,0.7999875951602656,0.10166666666666667,73,3,1,9,0.12276785714285714,0.8064516129032258,0.8594771241830066,0.0,0.7815126050420168,0.8948631610916986,0.7377982235027667,0.20453414290984737,0.5194759518173255,oracle_g1.0_capTrue
17,1.0,oracle,True,0.3,False,False,0.8308708984863472,0.04722222222222222,70,3,0,10,0.07936507936507936,0.578125,0.9788519637462235,0.0,0.883495145631068,0.9148379337764535,0.7801566552220611,0.266877234688786,0.5846774686647297,oracle_g1.0_capTrue
18,1.0,oracle,True,0.3,False,False,0.8511720182212205,0.035555555555555556,53,3,0,10,0.035555555555555556,0.7943262411347518,0.8991452991452992,0.0,0.9433962264150944,0.9076332263545708,0.8035459066767123,0.2382640131005187,0.4920417852711589,oracle_g1.0_capTrue
19,1.0,oracle,True,0.3,False,False,0.7806169274751047,0.16055555555555556,88,3,1,9,0.18262806236080179,0.592057761732852,0.8801369863013698,0.0,0.8613861386138614,0.8842411389114442,0.6668166958620485,0.34678566641489234,0.5530986687891929,oracle_g1.0_capTrue
20,1.0,oracle,True,0.3,False,False,0.8414010174871192,0.03888888888888889,50,3,0,10,0.02823529411764706,0.8381294964028777,0.9169435215946844,0.0,0.84375,0.8750390848403898,0.7769894821090022,0.23310995406988497,0.528581367677655,oracle_g1.0_capTrue
21,1.0,oracle,True,0.3,False,False,0.8490712694339173,0.034444444444444444,54,3,0,10,0.03413654618473896,0.8117647058823529,0.8928571428571429,0.0,0.897196261682243,0.8806297794849902,0.744402188658009,0.26240243563363363,0.5090646246048635,oracle_g1.0_capTrue
22,1.0,oracle,True,0.3,False,False,0.787650086885125,0.225,86,3,1,9,0.20089285714285715,0.7777777777777778,0.7619808306709265,0.0,0.8918918918918919,0.8863041674355304,0.6361763634691947,0.27708235840720447,0.586827388297441,oracle_g1.0_capTrue
23,1.0,oracle,True,0.3,False,False,0.8558993347838127,0.04,62,3,0,10,0.015555555555555555,0.6968503937007874,0.8957654723127035,0.0,0.9603174603174603,0.8815882716353678,0.7102772609876531,0.3387331663878941,0.5366340012723416,oracle_g1.0_capTrue
