seed,mode,adaptive,pre_capture,early_post_capture,late_post_capture,rho_A_final,rho_B_final,writes,config
0,equal,True,0.5810605213932283,0.6478998895205672,0.5976229684711634,0.24340716735056417,0.9406257890578812,147,equal
1,equal,True,0.6606454441173165,0.6283937486272192,0.4955650978060833,0.22602235774293414,0.8771070833216231,223,equal
2,equal,True,0.6778168994927614,0.6807837115872911,0.737618641764673,0.19480224940622518,0.905571503126471,225,equal
3,equal,True,0.6545226886905721,0.6643945970234977,0.6625024421280615,0.27539457055941235,0.8849698182884741,195,equal
4,equal,True,0.6103326571370795,0.5697631171507047,0.580400863708681,0.1873548600896892,0.8534631044231311,203,equal
5,equal,True,0.6007520164096398,0.6159367916341971,0.6064038048508752,0.1579287008819841,0.9010976440942816,213,equal
6,equal,True,0.6847131324647241,0.7532632930307149,0.6112077490581016,0.352769437357062,0.9034242447612414,196,equal
7,equal,True,0.6704284510455261,0.6926160414602746,0.5324930657586935,0.1789384713011316,0.9017536182463474,199,equal
8,equal,True,0.6858948097515194,0.6257854192518386,0.5261726915632033,0.2529702771333587,0.9189003901341916,164,equal
9,equal,True,0.6037867753986628,0.6389237932561512,0.5889205368280462,0.32152330932811213,0.8678125996467804,157,equal
10,equal,True,0.6741484328296897,0.6946159783913983,0.6070112797068086,0.18648308680690123,0.8916703422385656,227,equal
11,equal,True,0.6898230030156013,0.7289280340475635,0.6441737114140969,0.3454066212844107,0.8924874786287661,189,equal
12,equal,True,0.7240323780258838,0.6639115251442796,0.7015549695690664,0.2581611885736867,0.9084135234923859,194,equal
13,equal,True,0.7377306091145975,0.7185547539047877,0.7171472739306582,0.2871232162584377,0.9126449632123337,214,equal
14,equal,True,0.6261436791886419,0.6465650068458882,0.5527338468959572,0.3327960537399488,0.8633554387572163,194,equal
15,equal,True,0.6052972242076146,0.5862292980192744,0.6883978846919707,0.3187226170779861,0.8986790644453667,214,equal
16,equal,True,0.694925669325741,0.6810788977316781,0.5944871173764877,0.30770707656100216,0.8802930817652754,230,equal
17,equal,True,0.666437442980482,0.7689014358089329,0.7386856007720839,0.13594456849770853,0.9210389040265498,206,equal
18,equal,True,0.6417655267668528,0.6392226787481212,0.6971791969538692,0.28951993731050696,0.8965811027653471,216,equal
19,equal,True,0.5894636516889433,0.7080912554118752,0.624736324030944,0.19948477566842027,0.8714551558629406,188,equal
0,learned,False,0.770369730792438,0.808739689954173,0.7623139001975526,0.9106809273563539,0.7754864402965257,182,trust_frozen
1,learned,False,0.7593187530345065,0.784356832439163,0.6699534748336027,0.896805589121276,0.7531186992614783,207,trust_frozen
2,learned,False,0.7912498359486084,0.7446658947912735,0.6211192599201775,0.8667234709200825,0.7206958566972905,202,trust_frozen
3,learned,False,0.7871671500172569,0.7168949223397071,0.716347325930882,0.881966861033634,0.7161525169070767,193,trust_frozen
4,learned,False,0.7074677602942332,0.701672926226255,0.6865344496974783,0.8879980178193758,0.6420288355095894,218,trust_frozen
5,learned,False,0.7475484880375366,0.8687586257579767,0.6900288236638965,0.9217929476715582,0.8084010975089952,201,trust_frozen
6,learned,False,0.7625626331715271,0.8280773437033415,0.7459207945795157,0.8976125177849038,0.7804800501884568,218,trust_frozen
7,learned,False,0.7388161630740517,0.8023436497846672,0.7456265898824309,0.8847065445087077,0.6765353679099598,224,trust_frozen
8,learned,False,0.7681142329307055,0.7770762051179922,0.7650617761421481,0.8729395000813917,0.7629412292463749,204,trust_frozen
9,learned,False,0.8100784859823406,0.7630506811835646,0.6676472775255021,0.8741466343454132,0.7792396676550788,173,trust_frozen
10,learned,False,0.8060606316032469,0.770340128893339,0.6116237042378304,0.8886200150082939,0.7176058918735833,219,trust_frozen
11,learned,False,0.7508537615637446,0.776194394888623,0.6702708734584744,0.8922863958456846,0.671415670027305,211,trust_frozen
12,learned,False,0.8446447296373455,0.8483891161564151,0.7702146486137803,0.8886419159528549,0.7650767805137719,189,trust_frozen
13,learned,False,0.7756392064486451,0.7866281653211735,0.6998169490086397,0.9004979098407362,0.7050767396210326,212,trust_frozen
14,learned,False,0.6808382181912174,0.6406769229465922,0.6639778609273167,0.9031195310618311,0.7183188863314189,218,trust_frozen
15,learned,False,0.8099582158036686,0.7767262060144473,0.6619587055416285,0.8962869138010772,0.7628707788989639,184,trust_frozen
16,learned,False,0.7958845805108719,0.7334850895569792,0.6890403313195713,0.8930331401489543,0.7658201546573603,220,trust_frozen
17,learned,False,0.7886788925666757,0.7716236647074668,0.7361398063675682,0.9118245022574081,0.7021754497211263,186,trust_frozen
18,learned,False,0.746735550626032,0.7839664675295042,0.7498160009610562,0.8947232448061556,0.7508180792037503,225,trust_frozen
19,learned,False,0.6548962065705235,0.7419948375847187,0.6918083445512156,0.9078973037985077,0.7035063650900125,230,trust_frozen
0,learned,True,0.770369730792438,0.8282854543246566,0.8626722773609652,0.24340716735056417,0.9406257890578812,76,adaptive_trust
1,learned,True,0.7593187530345065,0.8154568526543216,0.808973199724023,0.22602235774293414,0.8771070833216231,116,adaptive_trust
2,learned,True,0.7912498359486084,0.7423708750015372,0.8695936263919295,0.19480224940622518,0.905571503126471,98,adaptive_trust
3,learned,True,0.7871671500172569,0.7785485727439589,0.7614579946070718,0.27539457055941235,0.8849698182884741,100,adaptive_trust
4,learned,True,0.7074677602942332,0.7398950856984076,0.7679664394911326,0.1873548600896892,0.8534631044231311,131,adaptive_trust
5,learned,True,0.7475484880375366,0.887562151089475,0.9089278454454446,0.1579287008819841,0.9010976440942816,101,adaptive_trust
6,learned,True,0.7625626331715271,0.8671380436607068,0.8435718169236214,0.352769437357062,0.9034242447612414,101,adaptive_trust
7,learned,True,0.7388161630740517,0.8059131421250625,0.8337091776466424,0.1789384713011316,0.9017536182463474,130,adaptive_trust
8,learned,True,0.7681142329307055,0.794331408310211,0.7873831098734387,0.2529702771333587,0.9189003901341916,115,adaptive_trust
9,learned,True,0.8100784859823406,0.8218660120862745,0.8620886410499848,0.32152330932811213,0.8678125996467804,65,adaptive_trust
10,learned,True,0.8060606316032469,0.8203853841343478,0.8673581679268181,0.18648308680690123,0.8916703422385656,86,adaptive_trust
11,learned,True,0.7508537615637446,0.794583839285349,0.8183688808388097,0.3454066212844107,0.8924874786287661,137,adaptive_trust
12,learned,True,0.8446447296373455,0.8859256071945194,0.7886390951490435,0.2581611885736867,0.9084135234923859,87,adaptive_trust
13,learned,True,0.7756392064486451,0.8018063123227895,0.8067926836065189,0.2871232162584377,0.9126449632123337,123,adaptive_trust
14,learned,True,0.6808382181912174,0.7230566959140501,0.7205726809575783,0.3327960537399488,0.8633554387572163,151,adaptive_trust
15,learned,True,0.8099582158036686,0.761090125318669,0.8206476946048363,0.3187226170779861,0.8986790644453667,107,adaptive_trust
16,learned,True,0.7958845805108719,0.7457979640508084,0.7930040259947332,0.30770707656100216,0.8802930817652754,131,adaptive_trust
17,learned,True,0.7886788925666757,0.7584864800390442,0.8160517694554683,0.13594456849770853,0.9210389040265498,118,adaptive_trust
18,learned,True,0.746735550626032,0.8006374576899584,0.8204543699397683,0.28951993731050696,0.8965811027653471,150,adaptive_trust
19,learned,True,0.6548962065705235,0.7639776373074331,0.8066425269806248,0.19948477566842027,0.8714551558629406,139,adaptive_trust
