t,rho_A,rho_B,rho_C,rho_D
0,0.5,0.5,0.5,0.5
20,0.5,0.5,0.5,0.5
40,0.512412441593034,0.54,0.46183773504888975,0.54
60,0.6097476874063489,0.6303479987835707,0.39709831597313633,0.5686895784421399
80,0.6558623443650907,0.5983297564277791,0.4210269413152285,0.5803090896774535
100,0.7345570426286765,0.7049133169948599,0.30791074684721825,0.5404509354066593
120,0.7674906747121165,0.7170310890520353,0.2636852813793985,0.5379817739036422
140,0.7674906747121165,0.7170310890520353,0.2636852813793985,0.5379817739036422
160,0.8113220462083244,0.6897880543382273,0.28375646431703755,0.5291879132803854
180,0.8389862960782158,0.7634200196213193,0.21399571248577373,0.5044243064476561
200,0.8446666932201418,0.7218646714233566,0.22566329595487275,0.5646736573895427
220,0.8494505755742948,0.7434324316856924,0.29324923667211306,0.5642629998122706
240,0.8380593465611486,0.7315740667157498,0.25203127703201,0.5916429140416937
260,0.8436417566994556,0.7303936171393699,0.2597817930651142,0.5795047256844118
280,0.8828395649730023,0.7878280459809985,0.2966116216542331,0.568220952981127
300,0.8899534797894884,0.7647330202513513,0.2617828177989255,0.49911873632069786
320,0.8695185639570534,0.7319040061389236,0.22305472929751047,0.571433663139752
340,0.8885831022459018,0.7792375368036244,0.2190794581066649,0.49755489723142826
360,0.8814490085499533,0.759015707403315,0.20524778137932673,0.4981675283661226
380,0.8850249471373399,0.7662086411116884,0.18381762048107875,0.5230254284765623
400,0.8847818354321555,0.6870419444862986,0.21304744863387995,0.5104614193951413
420,0.8998293194521846,0.6578803153112872,0.18368908983329119,0.5355290764135503
440,0.905821892394731,0.7163808432761112,0.1837625148420887,0.5244239363649643
460,0.9025880167244953,0.7368689601934706,0.17680358172115893,0.5751076906875175
480,0.9165521101760307,0.6920575417720758,0.21260955519321384,0.5329708806054303
500,0.897187268093822,0.6521568303522539,0.16980247790591335,0.49623633523703914
520,0.9107003243670526,0.6815020791475168,0.18937575764988762,0.4700543483916349
540,0.9004591149390738,0.6685006977197172,0.20442552749761908,0.49375312942863914
560,0.8884490475880444,0.6474048870156361,0.21024070058770486,0.5122417193672164
580,0.8901554920178608,0.6702429540817827,0.18112798856877738,0.5562107712040172
600,0.8742452673741353,0.6807528697175323,0.1762348727267607,0.4881929903344053
620,0.8772572555629538,0.6705008697999931,0.18757745035519158,0.5111182409954189
640,0.889336671536223,0.685528892124704,0.17952282703977113,0.4930266145542065
660,0.8861252298612319,0.7040636664569262,0.1958215064185126,0.4947163438481831
680,0.8895165872868953,0.727083201522541,0.1761776218750839,0.4613207295588378
700,0.8902589775002542,0.7265911413047086,0.1648842929636182,0.47714145305087236
720,0.877954943480224,0.7449716447845766,0.1645029407753333,0.47785671483197295
740,0.8737069110341036,0.7525027718821087,0.1673287903089295,0.5150036610184173
760,0.8675513555356504,0.7564026054792603,0.20012593571037318,0.5127219854229244
780,0.881840681523004,0.7494544631715436,0.1722492490692477,0.5600856722565483
800,0.8656600294364271,0.7173041616909086,0.2038100996826338,0.5018515150981413
820,0.8789973583824433,0.7345617778631043,0.15033284570797098,0.5212981490791571
840,0.9014903190840944,0.7915951797642189,0.11435536885256484,0.5208425192058764
860,0.9031204235238576,0.7974473852193331,0.1190538055004888,0.5569307156498539
880,0.8581203881680532,0.7403603658487264,0.1558271348905447,0.5545453689725729
900,0.8742333564980818,0.7433430809370893,0.15208354787893955,0.5888578558435149
920,0.8915965487202855,0.7091243241082499,0.1643839147358076,0.5739346618350404
940,0.8954919876369496,0.7096716371075276,0.15715263162388052,0.6092598348281616
960,0.8895278145495216,0.7118841517688349,0.1664701996842351,0.6049838029921312
980,0.8517152936949398,0.7391492004183032,0.19831151698845453,0.5690239263741549
1000,0.8631938347251601,0.7559378073610111,0.21630534795049114,0.5514173630950155
1020,0.8564983068473674,0.736223145905278,0.21030524576971893,0.5425521873078261
1040,0.8535947496470008,0.7524586312892149,0.18375741457449912,0.5883849663827805
1060,0.858435826705752,0.7913207567455268,0.22972617060849082,0.6068551012795165
1080,0.8609259527672497,0.8005375494150804,0.23904826622978342,0.6055670894068264
1100,0.8576772282361259,0.7825950706133338,0.24467849918756318,0.5940603968781245
1120,0.8517283982952921,0.7402988909584747,0.21180073405317057,0.6170495129769119
1140,0.8610090354847616,0.7502431145492618,0.19727282709840982,0.5892711991769198
1160,0.7564569686407203,0.8002894242410926,0.22897119070533123,0.6605244989947051
1180,0.6503178967919075,0.7850166603614301,0.28842111643757723,0.6518519786981081
1200,0.564259054973658,0.8053241112691666,0.2466150310782882,0.6433080365338074
1220,0.5049131740819376,0.8328178947713721,0.2213042688819658,0.6232780496483159
1240,0.46428454183172857,0.8371381055890602,0.2037686398736254,0.6226122281975026
1260,0.46428454183172857,0.8371381055890602,0.2037686398736254,0.6226122281975026
1280,0.40040422873751486,0.8569277185174953,0.1888716051278262,0.6539065118806925
1300,0.3061201543932657,0.8863912453684678,0.15690002395736777,0.5274734656962738
1320,0.33085527185844565,0.8719873872639683,0.2321821355117804,0.5311262439757053
1340,0.2836689960015299,0.887369175575635,0.27342091260077533,0.530936638846921
1360,0.2544882203328531,0.8801931551474893,0.31064226087200064,0.5490637048918936
1380,0.274661493298746,0.8954470825526711,0.28618637203818714,0.5604028100026385
1400,0.28053468902352285,0.899425542188065,0.2874479112231299,0.5610197247996063
1420,0.21717632110616264,0.921771286041466,0.23923394514457652,0.5881519177690107
1440,0.2527113334184583,0.9107687538239829,0.2508150211292079,0.6040946410864853
1460,0.23732276627048532,0.9179072535180642,0.23254950109714445,0.5724899830389448
1480,0.24437595205158805,0.9243061326251343,0.2906685294139092,0.49299766520634913
1500,0.24038799180025608,0.9288223339032196,0.2250177029655776,0.5280833468889785
1520,0.26452842594039905,0.9272917618853316,0.23690667810017374,0.5477226901912183
1540,0.2365285223017419,0.9146162447797294,0.22498264386928166,0.5930685443939232
1560,0.24629015048343797,0.9042486402782296,0.217876508799984,0.6071408982965976
1580,0.22300518600557775,0.8990626469752053,0.20354976163974675,0.5572266193366359
1600,0.23866186515088852,0.9057463217316166,0.18670537032977194,0.51315334080074
1620,0.3390644672397962,0.8881711888664855,0.2815725859296771,0.557928260635342
1640,0.28807782830956247,0.8873960688882939,0.20158912756711897,0.6004880016818686
1660,0.23145430958366214,0.876443736753997,0.18460579473706332,0.5654513168534434
1680,0.27561928503879574,0.8801298020052897,0.19105885564086875,0.5342914895860673
1700,0.3067343762455881,0.885098603163581,0.1959041444026332,0.5198547143894182
1720,0.3093209344082969,0.884997978736651,0.19197826676158444,0.47594954052887306
1740,0.2830786405887858,0.8787067859178763,0.2128713777943671,0.4767408174003951
1760,0.28759209588336343,0.8607557469344518,0.25448412097511264,0.48005667975893984
1780,0.26821026772471,0.8857983346177585,0.25375689511299776,0.4766594689103702
1800,0.24385966806162043,0.8977253540440994,0.2808229027559634,0.4843152288144164
1820,0.2586927719948554,0.9032265218770894,0.3122026078007739,0.5245076493541644
1840,0.22989055696444388,0.9090307829757289,0.26798929267703686,0.5890961696011371
1860,0.19669052142062315,0.8888923488643027,0.2215231473398894,0.567816545267947
1880,0.19669052142062315,0.8888923488643027,0.2215231473398894,0.567816545267947
1900,0.21978065303689548,0.9045377786795246,0.234033232393365,0.6429119789541132
1920,0.2049718076554237,0.907320430005067,0.21781455087610982,0.6095492404011926
1940,0.1603978432599072,0.9265959378490034,0.18328168242479673,0.6319472427498535
1960,0.18304955901942366,0.9241315806359578,0.21770661402161862,0.6157663007205869
1980,0.19998396570889762,0.9256420620897577,0.24434245309445507,0.5865259023572396
2000,0.18872792136194697,0.888395854210894,0.22690544472166146,0.6218219641826037
2020,0.15830154029615406,0.8920452606385951,0.22273051399526622,0.5436445678754831
2040,0.14926341333814466,0.8945281926572015,0.23716552038009364,0.5261298935385732
2060,0.14711079545943104,0.8901129450295933,0.23729069385645138,0.49109528860523044
2080,0.12871738499965518,0.8913583516058576,0.2202953813324923,0.5470187440883063
2100,0.12871738499965518,0.8913583516058576,0.2202953813324923,0.5470187440883063
2120,0.1459082474816643,0.8867043477753153,0.26905486679878776,0.5741687060966866
2140,0.24125617215069217,0.876169636125651,0.2707660799955211,0.5717180252219537
2160,0.2121243088908757,0.8826927788767681,0.2326073598194287,0.5582831436038751
2180,0.21019040363144345,0.8918066717072558,0.22646509971664117,0.5553928538878116
2199,0.19628859033977375,0.8957451645541756,0.2401544355498672,0.5508920404406136
