seed,verify_prob,confidence_min,utility_capture,wrong_recall_rate,writes,junk_slots,critical_slots,useful_slots,feedback_accept_rate,verified_events
0,0.02,0.0,0.6439745807339066,0.17625,123,1,3,9,1.0,24
1,0.02,0.0,0.6599208567364339,0.16375,137,2,2,8,1.0,36
2,0.02,0.0,0.6865683556439535,0.155,148,3,3,7,1.0,30
3,0.02,0.0,0.6190166109645243,0.156875,122,3,2,7,1.0,32
4,0.02,0.0,0.6420642777792479,0.134375,136,3,2,7,1.0,23
5,0.02,0.0,0.6017111877498911,0.155,135,3,3,7,1.0,28
6,0.02,0.0,0.61046417761253,0.27875,172,3,3,7,1.0,36
7,0.02,0.0,0.638482303792459,0.13375,120,3,2,7,1.0,35
8,0.02,0.0,0.6221009277640785,0.1225,113,3,2,7,1.0,46
9,0.02,0.0,0.6084848669326821,0.205,127,3,3,7,1.0,33
10,0.02,0.0,0.5372789160109112,0.231875,166,5,2,5,1.0,29
11,0.02,0.0,0.6504458923634145,0.18625,137,2,3,8,1.0,34
12,0.02,0.0,0.6139178310858757,0.110625,160,3,2,7,1.0,28
13,0.02,0.0,0.6398648386184659,0.12625,105,2,2,8,1.0,31
14,0.02,0.0,0.522468726290335,0.174375,139,3,3,7,1.0,21
15,0.02,0.0,0.5793791094776956,0.168125,138,3,3,7,1.0,27
16,0.02,0.0,0.7032681301148971,0.120625,157,2,3,8,1.0,28
17,0.02,0.0,0.5675165855723966,0.121875,140,3,3,7,1.0,31
0,0.02,0.2,0.6161484932106328,0.1875,151,2,3,8,0.945625,27
1,0.02,0.2,0.6810174385971738,0.180625,102,3,3,7,0.91625,36
2,0.02,0.2,0.6225643767299667,0.153125,137,2,2,8,0.939375,27
3,0.02,0.2,0.5407363876090266,0.114375,147,3,2,7,0.946875,35
4,0.02,0.2,0.5155287400587244,0.123125,136,3,2,7,0.90625,19
5,0.02,0.2,0.5843229390255448,0.185625,132,5,3,5,0.89125,30
6,0.02,0.2,0.5662471185610578,0.270625,162,2,3,8,0.93,31
7,0.02,0.2,0.5722549366977786,0.17625,140,3,2,7,0.953125,33
8,0.02,0.2,0.5089931239745851,0.12375,149,3,3,7,0.89875,32
9,0.02,0.2,0.5459769525073412,0.15375,113,3,3,7,0.883125,28
10,0.02,0.2,0.5530765342582796,0.259375,144,4,3,6,0.9075,24
11,0.02,0.2,0.621953439429007,0.193125,112,1,2,9,0.9425,42
12,0.02,0.2,0.6553305169255319,0.165,116,3,3,7,0.915625,32
13,0.02,0.2,0.6286097373827063,0.130625,103,2,3,8,0.9325,29
14,0.02,0.2,0.6182006066510165,0.223125,143,3,2,7,0.974375,24
15,0.02,0.2,0.5611028698037167,0.18625,156,4,2,6,0.950625,29
16,0.02,0.2,0.65228494104539,0.15,130,3,2,7,0.9675,32
17,0.02,0.2,0.6508407399276005,0.125,141,1,3,9,0.938125,23
0,0.05,0.0,0.6280504871494543,0.209375,122,2,3,8,1.0,75
1,0.05,0.0,0.6372000494369225,0.179375,149,3,3,7,1.0,77
2,0.05,0.0,0.6798339286099235,0.2,152,2,3,8,1.0,76
3,0.05,0.0,0.6569734016486408,0.15875,115,3,2,7,1.0,97
4,0.05,0.0,0.6280472837307908,0.155625,145,3,3,7,1.0,88
5,0.05,0.0,0.6598589302776258,0.115,124,2,3,8,1.0,88
6,0.05,0.0,0.6746474826150493,0.215625,144,3,3,7,1.0,71
7,0.05,0.0,0.6975171049894467,0.18625,127,2,3,8,1.0,74
8,0.05,0.0,0.6595963075099512,0.165625,141,2,3,8,1.0,93
9,0.05,0.0,0.559992420583776,0.119375,135,3,3,7,1.0,66
10,0.05,0.0,0.6090022916700019,0.269375,153,4,2,6,1.0,81
11,0.05,0.0,0.6406076550305083,0.165625,130,2,2,8,1.0,77
12,0.05,0.0,0.6183259874202047,0.13125,144,2,3,8,1.0,65
13,0.05,0.0,0.6433288242393754,0.09625,126,2,2,8,1.0,75
14,0.05,0.0,0.6435699794610058,0.224375,113,3,3,7,1.0,76
15,0.05,0.0,0.6516892272565276,0.213125,130,2,3,8,1.0,87
16,0.05,0.0,0.7251760521539033,0.140625,140,1,3,9,1.0,69
17,0.05,0.0,0.6774576415175027,0.17125,132,2,3,8,1.0,83
0,0.05,0.2,0.6345841462770961,0.159375,128,3,3,7,0.96875,87
1,0.05,0.2,0.6643164220282565,0.191875,135,2,2,8,0.956875,75
2,0.05,0.2,0.6463014541758967,0.1825,143,3,3,7,0.985,76
3,0.05,0.2,0.5869192494775936,0.15875,135,3,2,7,0.94125,72
4,0.05,0.2,0.5998000458359793,0.100625,141,3,2,7,0.9875,84
5,0.05,0.2,0.6635244613087745,0.138125,131,3,3,7,0.978125,73
6,0.05,0.2,0.6972960176427271,0.243125,142,2,3,8,0.985,66
7,0.05,0.2,0.6564200926283466,0.1975,123,2,3,8,0.98625,80
8,0.05,0.2,0.6498895122283987,0.16125,117,2,3,8,0.978125,115
9,0.05,0.2,0.6109563230789008,0.176875,119,2,3,8,0.950625,84
10,0.05,0.2,0.610884481210423,0.245,162,3,3,7,0.966875,60
11,0.05,0.2,0.6416372023167849,0.175625,127,2,3,8,0.97,103
12,0.05,0.2,0.6677423231330077,0.140625,154,3,3,7,0.97125,75
13,0.05,0.2,0.6899351866567232,0.195625,136,2,3,8,0.98125,73
14,0.05,0.2,0.701110081704524,0.21125,116,2,3,8,0.9575,72
15,0.05,0.2,0.629177046092287,0.1425,139,2,3,8,0.985625,80
16,0.05,0.2,0.7413178846555213,0.148125,133,2,3,8,0.9775,70
17,0.05,0.2,0.6681241332358431,0.165,128,2,3,8,0.92625,62
0,0.1,0.0,0.6247745625582204,0.231875,137,2,3,8,1.0,124
1,0.1,0.0,0.6545339257017994,0.16375,130,2,2,8,1.0,156
2,0.1,0.0,0.7443427827631297,0.161875,130,1,3,9,1.0,139
3,0.1,0.0,0.659095324218287,0.160625,120,1,2,9,1.0,172
4,0.1,0.0,0.6244135425154562,0.160625,132,3,2,7,1.0,151
5,0.1,0.0,0.6689746476764313,0.093125,123,1,3,9,1.0,137
6,0.1,0.0,0.6333733737489964,0.264375,151,3,3,7,1.0,156
7,0.1,0.0,0.6824286501603227,0.18,117,3,3,7,1.0,146
8,0.1,0.0,0.6880596660644401,0.153125,139,2,3,8,1.0,179
9,0.1,0.0,0.6045025044136585,0.143125,126,3,3,7,1.0,158
10,0.1,0.0,0.6301631603632258,0.22875,146,3,3,7,1.0,144
11,0.1,0.0,0.706696844068536,0.1525,131,2,2,8,1.0,156
12,0.1,0.0,0.6945534658695263,0.104375,117,2,3,8,1.0,151
13,0.1,0.0,0.7105329846556548,0.169375,127,1,3,9,1.0,140
14,0.1,0.0,0.6382521156598023,0.199375,130,2,2,8,1.0,146
15,0.1,0.0,0.6689275851544776,0.21,135,2,3,8,1.0,177
16,0.1,0.0,0.7182619057637093,0.118125,131,2,3,8,1.0,158
17,0.1,0.0,0.7206654233935097,0.1125,104,2,3,8,1.0,133
0,0.1,0.2,0.6549374719688145,0.121875,121,2,3,8,0.98375,140
1,0.1,0.2,0.6356804919398481,0.1625,135,3,2,7,0.965625,159
2,0.1,0.2,0.6886834497889107,0.15,140,2,3,8,0.9925,149
3,0.1,0.2,0.6457414173988568,0.15,125,2,2,8,0.980625,175
4,0.1,0.2,0.6127392790851961,0.16625,131,2,3,8,0.988125,143
5,0.1,0.2,0.700418496812167,0.111875,126,2,3,8,0.98375,151
6,0.1,0.2,0.6662446867426557,0.261875,135,1,3,9,0.97625,170
7,0.1,0.2,0.7115133550100183,0.13125,113,4,3,6,0.998125,153
8,0.1,0.2,0.6719424691406937,0.1975,128,3,3,7,0.97875,163
9,0.1,0.2,0.7076847160210104,0.204375,111,1,3,9,0.976875,151
10,0.1,0.2,0.6306384436423238,0.22875,149,2,3,8,0.988125,163
11,0.1,0.2,0.6596982598682543,0.166875,128,2,3,8,0.979375,155
12,0.1,0.2,0.721012343065755,0.1,122,1,3,9,0.97375,151
13,0.1,0.2,0.701986629227033,0.170625,137,1,3,9,0.990625,143
14,0.1,0.2,0.710637258567578,0.198125,115,2,3,8,0.976875,135
15,0.1,0.2,0.6837999463843729,0.14875,126,1,3,9,0.988125,145
16,0.1,0.2,0.687233696401908,0.13,132,3,3,7,0.985625,144
17,0.1,0.2,0.7134663138046645,0.155625,116,3,2,7,0.97875,147
0,0.3,0.0,0.6068201504466326,0.185,152,3,3,7,1.0,470
1,0.3,0.0,0.7069926905204481,0.171875,125,2,2,8,1.0,458
2,0.3,0.0,0.7623632780430789,0.176875,120,1,3,9,1.0,436
3,0.3,0.0,0.719735490024472,0.1375,124,1,3,9,1.0,475
4,0.3,0.0,0.679131351853297,0.1775,143,1,3,9,1.0,466
5,0.3,0.0,0.7185154189881025,0.108125,134,1,3,9,1.0,478
6,0.3,0.0,0.6883112595853218,0.21875,142,1,3,9,1.0,462
7,0.3,0.0,0.6948225538153746,0.17875,124,2,3,8,1.0,434
8,0.3,0.0,0.7328775966815135,0.16,130,1,3,9,1.0,453
9,0.3,0.0,0.6782716730957593,0.205625,143,3,3,7,1.0,438
10,0.3,0.0,0.6970688639170051,0.218125,135,2,2,8,1.0,462
11,0.3,0.0,0.7007827812635075,0.168125,129,1,3,9,1.0,466
12,0.3,0.0,0.7436769075806231,0.075,128,0,3,10,1.0,428
13,0.3,0.0,0.6706141201777777,0.15125,142,2,3,8,1.0,501
14,0.3,0.0,0.7235063378578468,0.20125,119,1,3,9,1.0,468
15,0.3,0.0,0.7536303722763626,0.1775,128,2,3,8,1.0,479
16,0.3,0.0,0.7692031990159071,0.113125,124,1,3,9,1.0,462
17,0.3,0.0,0.6853371745345892,0.173125,132,3,2,7,1.0,449
0,0.3,0.2,0.6221090119075603,0.18,152,3,3,7,0.995,474
1,0.3,0.2,0.6844618050071236,0.188125,127,2,2,8,0.996875,459
2,0.3,0.2,0.725784511846292,0.123125,142,3,3,7,0.99,474
3,0.3,0.2,0.6900003675425965,0.1325,131,2,3,8,0.9925,477
4,0.3,0.2,0.6880582055802098,0.161875,137,3,3,7,0.99,476
5,0.3,0.2,0.7297644169207794,0.07,138,0,3,10,0.990625,481
6,0.3,0.2,0.6798356645714837,0.265625,155,2,3,8,0.994375,467
7,0.3,0.2,0.7447115571945256,0.178125,124,2,3,8,0.993125,443
8,0.3,0.2,0.736517308220142,0.15125,126,2,3,8,0.99625,453
9,0.3,0.2,0.6444847450459239,0.149375,132,3,2,7,0.984375,465
10,0.3,0.2,0.6908098765455412,0.215625,143,2,3,8,0.993125,469
11,0.3,0.2,0.6849870588322475,0.180625,119,2,2,8,0.9925,468
12,0.3,0.2,0.6720574038418013,0.111875,147,2,3,8,0.999375,423
13,0.3,0.2,0.7141335774629799,0.163125,115,2,2,8,0.99125,505
14,0.3,0.2,0.6872120655119972,0.2325,140,3,3,7,0.994375,452
15,0.3,0.2,0.7122066395880312,0.171875,127,2,3,8,0.9925,467
16,0.3,0.2,0.7681656942497207,0.15625,121,2,3,8,0.993125,468
17,0.3,0.2,0.6681052590900738,0.16375,125,3,3,7,0.995625,452
