corruption,target,seed,correct,margin
phase_wipe,0,0,1,0.3982257872818938
phase_wipe,0,1,1,0.3982257872818938
phase_wipe,0,2,1,0.3982257872818938
phase_wipe,0,3,1,0.3982257872818938
phase_wipe,0,4,1,0.3982257872818938
phase_wipe,0,5,1,0.3982257872818938
phase_wipe,0,6,1,0.3982257872818938
phase_wipe,0,7,1,0.3982257872818938
phase_wipe,0,8,1,0.3982257872818938
phase_wipe,0,9,1,0.3982257872818938
phase_wipe,0,10,1,0.3982257872818938
phase_wipe,0,11,1,0.3982257872818938
phase_wipe,1,0,1,0.39822577359921
phase_wipe,1,1,1,0.39822577359921
phase_wipe,1,2,1,0.39822577359921
phase_wipe,1,3,1,0.39822577359921
phase_wipe,1,4,1,0.39822577359921
phase_wipe,1,5,1,0.39822577359921
phase_wipe,1,6,1,0.39822577359921
phase_wipe,1,7,1,0.39822577359921
phase_wipe,1,8,1,0.39822577359921
phase_wipe,1,9,1,0.39822577359921
phase_wipe,1,10,1,0.39822577359921
phase_wipe,1,11,1,0.39822577359921
phase_wipe,2,0,1,0.3982257810736137
phase_wipe,2,1,1,0.3982257810736137
phase_wipe,2,2,1,0.3982257810736137
phase_wipe,2,3,1,0.3982257810736137
phase_wipe,2,4,1,0.3982257810736137
phase_wipe,2,5,1,0.3982257810736137
phase_wipe,2,6,1,0.3982257810736137
phase_wipe,2,7,1,0.3982257810736137
phase_wipe,2,8,1,0.3982257810736137
phase_wipe,2,9,1,0.3982257810736137
phase_wipe,2,10,1,0.3982257810736137
phase_wipe,2,11,1,0.3982257810736137
phase_wipe,3,0,1,0.39822578782947343
phase_wipe,3,1,1,0.39822578782947343
phase_wipe,3,2,1,0.39822578782947343
phase_wipe,3,3,1,0.39822578782947343
phase_wipe,3,4,1,0.39822578782947343
phase_wipe,3,5,1,0.39822578782947343
phase_wipe,3,6,1,0.39822578782947343
phase_wipe,3,7,1,0.39822578782947343
phase_wipe,3,8,1,0.39822578782947343
phase_wipe,3,9,1,0.39822578782947343
phase_wipe,3,10,1,0.39822578782947343
phase_wipe,3,11,1,0.39822578782947343
phase_wipe,4,0,1,0.3982257872818938
phase_wipe,4,1,1,0.3982257872818938
phase_wipe,4,2,1,0.3982257872818938
phase_wipe,4,3,1,0.3982257872818938
phase_wipe,4,4,1,0.3982257872818938
phase_wipe,4,5,1,0.3982257872818938
phase_wipe,4,6,1,0.3982257872818938
phase_wipe,4,7,1,0.3982257872818938
phase_wipe,4,8,1,0.3982257872818938
phase_wipe,4,9,1,0.3982257872818938
phase_wipe,4,10,1,0.3982257872818938
phase_wipe,4,11,1,0.3982257872818938
phase_wipe,5,0,1,0.39822577359921
phase_wipe,5,1,1,0.39822577359921
phase_wipe,5,2,1,0.39822577359921
phase_wipe,5,3,1,0.39822577359921
phase_wipe,5,4,1,0.39822577359921
phase_wipe,5,5,1,0.39822577359921
phase_wipe,5,6,1,0.39822577359921
phase_wipe,5,7,1,0.39822577359921
phase_wipe,5,8,1,0.39822577359921
phase_wipe,5,9,1,0.39822577359921
phase_wipe,5,10,1,0.39822577359921
phase_wipe,5,11,1,0.39822577359921
phase_wipe,6,0,1,0.3982257810736137
phase_wipe,6,1,1,0.3982257810736137
phase_wipe,6,2,1,0.3982257810736137
phase_wipe,6,3,1,0.3982257810736137
phase_wipe,6,4,1,0.3982257810736137
phase_wipe,6,5,1,0.3982257810736137
phase_wipe,6,6,1,0.3982257810736137
phase_wipe,6,7,1,0.3982257810736137
phase_wipe,6,8,1,0.3982257810736137
phase_wipe,6,9,1,0.3982257810736137
phase_wipe,6,10,1,0.3982257810736137
phase_wipe,6,11,1,0.3982257810736137
phase_wipe,7,0,1,0.39822578782947343
phase_wipe,7,1,1,0.39822578782947343
phase_wipe,7,2,1,0.39822578782947343
phase_wipe,7,3,1,0.39822578782947343
phase_wipe,7,4,1,0.39822578782947343
phase_wipe,7,5,1,0.39822578782947343
phase_wipe,7,6,1,0.39822578782947343
phase_wipe,7,7,1,0.39822578782947343
phase_wipe,7,8,1,0.39822578782947343
phase_wipe,7,9,1,0.39822578782947343
phase_wipe,7,10,1,0.39822578782947343
phase_wipe,7,11,1,0.39822578782947343
phase_wipe,8,0,1,0.3982326794114994
phase_wipe,8,1,1,0.3982326794114994
phase_wipe,8,2,1,0.3982326794114994
phase_wipe,8,3,1,0.3982326794114994
phase_wipe,8,4,1,0.3982326794114994
phase_wipe,8,5,1,0.3982326794114994
phase_wipe,8,6,1,0.3982326794114994
phase_wipe,8,7,1,0.3982326794114994
phase_wipe,8,8,1,0.3982326794114994
phase_wipe,8,9,1,0.3982326794114994
phase_wipe,8,10,1,0.3982326794114994
phase_wipe,8,11,1,0.3982326794114994
phase_wipe,9,0,1,0.39823277831779336
phase_wipe,9,1,1,0.39823277831779336
phase_wipe,9,2,1,0.39823277831779336
phase_wipe,9,3,1,0.39823277831779336
phase_wipe,9,4,1,0.39823277831779336
phase_wipe,9,5,1,0.39823277831779336
phase_wipe,9,6,1,0.39823277831779336
phase_wipe,9,7,1,0.39823277831779336
phase_wipe,9,8,1,0.39823277831779336
phase_wipe,9,9,1,0.39823277831779336
phase_wipe,9,10,1,0.39823277831779336
phase_wipe,9,11,1,0.39823277831779336
phase_wipe,10,0,1,0.3982325251339905
phase_wipe,10,1,1,0.3982325251339905
phase_wipe,10,2,1,0.3982325251339905
phase_wipe,10,3,1,0.3982325251339905
phase_wipe,10,4,1,0.3982325251339905
phase_wipe,10,5,1,0.3982325251339905
phase_wipe,10,6,1,0.3982325251339905
phase_wipe,10,7,1,0.3982325251339905
phase_wipe,10,8,1,0.3982325251339905
phase_wipe,10,9,1,0.3982325251339905
phase_wipe,10,10,1,0.3982325251339905
phase_wipe,10,11,1,0.3982325251339905
phase_wipe,11,0,1,0.3982326794257957
phase_wipe,11,1,1,0.3982326794257957
phase_wipe,11,2,1,0.3982326794257957
phase_wipe,11,3,1,0.3982326794257957
phase_wipe,11,4,1,0.3982326794257957
phase_wipe,11,5,1,0.3982326794257957
phase_wipe,11,6,1,0.3982326794257957
phase_wipe,11,7,1,0.3982326794257957
phase_wipe,11,8,1,0.3982326794257957
phase_wipe,11,9,1,0.3982326794257957
phase_wipe,11,10,1,0.3982326794257957
phase_wipe,11,11,1,0.3982326794257957
mixed,0,0,1,0.35640536072325246
mixed,0,1,1,0.3647187879516138
mixed,0,2,1,0.39378459006897276
mixed,0,3,1,0.37502772062698425
mixed,0,4,1,0.3712163628021313
mixed,0,5,1,0.35758041370102933
mixed,0,6,1,0.38402597905763336
mixed,0,7,1,0.380824751009891
mixed,0,8,1,0.36182665025131555
mixed,0,9,1,0.35963890402353577
mixed,0,10,1,0.38813806333006506
mixed,0,11,1,0.37873859890248524
mixed,1,0,1,0.3738790040040042
mixed,1,1,1,0.36132404505950655
mixed,1,2,1,0.36254766397205324
mixed,1,3,1,0.3839891339875782
mixed,1,4,1,0.37382061901410196
mixed,1,5,1,0.3719537952554315
mixed,1,6,1,0.3842238230514901
mixed,1,7,1,0.3722065133680611
mixed,1,8,1,0.36418294932700723
mixed,1,9,1,0.36106506558388496
mixed,1,10,1,0.37991007120974507
mixed,1,11,1,0.39197987436414533
mixed,2,0,1,0.37134692690555005
mixed,2,1,1,0.38842556992598765
mixed,2,2,1,0.37214239225132384
mixed,2,3,1,0.38406240318508783
mixed,2,4,1,0.35974315701716536
mixed,2,5,1,0.350415414163775
mixed,2,6,1,0.35934739063073945
mixed,2,7,1,0.3666258529619364
mixed,2,8,1,0.3869170676044372
mixed,2,9,1,0.38137315787547627
mixed,2,10,1,0.3709309129404917
mixed,2,11,1,0.37218033500469544
mixed,3,0,1,0.38450626501155055
mixed,3,1,1,0.3840927212498335
mixed,3,2,1,0.3741407856435478
mixed,3,3,1,0.35328961609245424
mixed,3,4,1,0.33653838245066836
mixed,3,5,1,0.35812965581592543
mixed,3,6,1,0.38661377623933735
mixed,3,7,1,0.383405170173737
mixed,3,8,1,0.37450646707088237
mixed,3,9,1,0.3735757107057212
mixed,3,10,1,0.3747761425399731
mixed,3,11,1,0.3843622245488168
mixed,4,0,1,0.35148874905721583
mixed,4,1,1,0.3689345880142509
mixed,4,2,1,0.3705366750365404
mixed,4,3,1,0.36573982843458513
mixed,4,4,1,0.36187902608484535
mixed,4,5,1,0.3770454113939371
mixed,4,6,1,0.38611891563297457
mixed,4,7,1,0.3780291294455952
mixed,4,8,1,0.3741173688455107
mixed,4,9,1,0.3610810319451366
mixed,4,10,1,0.36170525601802045
mixed,4,11,1,0.3774804675932012
mixed,5,0,1,0.3724253354788712
mixed,5,1,1,0.368451316382828
mixed,5,2,1,0.3846364878655515
mixed,5,3,1,0.3810130605498479
mixed,5,4,1,0.38532129910931046
mixed,5,5,1,0.3841836363707202
mixed,5,6,1,0.38890827368982267
mixed,5,7,1,0.38175610982154046
mixed,5,8,1,0.3660311283589375
mixed,5,9,1,0.3844708891995076
mixed,5,10,1,0.3788277386654558
mixed,5,11,1,0.3839418073711101
mixed,6,0,1,0.3630124954615642
mixed,6,1,1,0.38670508432744627
mixed,6,2,1,0.36655164089412673
mixed,6,3,1,0.38514522580357247
mixed,6,4,1,0.3888619120254223
mixed,6,5,1,0.38321041096678177
mixed,6,6,1,0.36280918593943007
mixed,6,7,1,0.3754856242671518
mixed,6,8,1,0.3791165254382235
mixed,6,9,1,0.3657594622223425
mixed,6,10,1,0.3805617323640411
mixed,6,11,1,0.3648649127572313
mixed,7,0,1,0.3848246861326173
mixed,7,1,1,0.38760071474427626
mixed,7,2,1,0.38713537912386997
mixed,7,3,1,0.36885492118959967
mixed,7,4,1,0.3560381521113725
mixed,7,5,1,0.3825997272801553
mixed,7,6,1,0.3726871809017038
mixed,7,7,1,0.3725627325076749
mixed,7,8,1,0.35095529803759
mixed,7,9,1,0.3756121565364544
mixed,7,10,1,0.35755474854804037
mixed,7,11,1,0.36286527890830444
mixed,8,0,1,0.37435418750204247
mixed,8,1,1,0.34797556250052597
mixed,8,2,1,0.3749801482331788
mixed,8,3,1,0.35505954787690125
mixed,8,4,1,0.37609744530175354
mixed,8,5,1,0.36635068411143007
mixed,8,6,1,0.360610088703454
mixed,8,7,1,0.3598286152182136
mixed,8,8,1,0.351729188919508
mixed,8,9,1,0.3724329874418969
mixed,8,10,1,0.369950163912604
mixed,8,11,1,0.37964062863821535
mixed,9,0,1,0.3687453825550808
mixed,9,1,1,0.38558551446532785
mixed,9,2,1,0.36068708231694024
mixed,9,3,1,0.37033339901790874
mixed,9,4,1,0.3858282381225052
mixed,9,5,1,0.3832263157310928
mixed,9,6,1,0.3608663035881311
mixed,9,7,1,0.38331047705523014
mixed,9,8,1,0.368622863905906
mixed,9,9,1,0.379441239899376
mixed,9,10,1,0.38121786791395607
mixed,9,11,1,0.37764333056504507
mixed,10,0,1,0.37635098750060203
mixed,10,1,1,0.36981039255060716
mixed,10,2,1,0.38332428838441646
mixed,10,3,1,0.38883787904100153
mixed,10,4,1,0.3785037382554196
mixed,10,5,1,0.37921684111742565
mixed,10,6,1,0.35635571509612424
mixed,10,7,1,0.3661220777565056
mixed,10,8,1,0.38456704273870684
mixed,10,9,1,0.35699300170793447
mixed,10,10,1,0.38852646268794677
mixed,10,11,1,0.3755218980257479
mixed,11,0,1,0.3695491421481441
mixed,11,1,1,0.38397934478451495
mixed,11,2,1,0.37716389083649765
mixed,11,3,1,0.34892475565076725
mixed,11,4,1,0.370771604035993
mixed,11,5,1,0.3773568348980957
mixed,11,6,1,0.3660741560199376
mixed,11,7,1,0.37773501922951996
mixed,11,8,1,0.3668793217520539
mixed,11,9,1,0.34350038295062657
mixed,11,10,1,0.37485336076541537
mixed,11,11,1,0.3646317425541229
dropout,0,0,0,0.23145277126859165
dropout,0,1,1,0.010590173432070249
dropout,0,2,1,0.03146218740234552
dropout,0,3,0,0.014579480780087861
dropout,0,4,0,0.13012849407447574
dropout,0,5,1,0.30599912482950165
dropout,0,6,0,0.21392285691200819
dropout,0,7,0,0.09513952298288952
dropout,0,8,0,0.05665121615203228
dropout,0,9,0,0.014831796571136868
dropout,0,10,1,0.27287146062627604
dropout,0,11,0,0.06219419987538116
dropout,1,0,0,0.004722857787412327
dropout,1,1,0,0.12061238303590649
dropout,1,2,0,0.17155514930550808
dropout,1,3,1,0.05385945116558977
dropout,1,4,0,0.006831460926457034
dropout,1,5,0,0.04275301421670963
dropout,1,6,0,0.2863598647881118
dropout,1,7,0,0.0002563628215830338
dropout,1,8,0,0.03410459207312999
dropout,1,9,0,0.09200165290973406
dropout,1,10,0,0.0067222855560333805
dropout,1,11,0,0.04600347573213881
dropout,2,0,0,0.0634161069618755
dropout,2,1,0,0.05168438594730207
dropout,2,2,0,0.04380892548486415
dropout,2,3,0,0.02663578243973619
dropout,2,4,0,3.0014739003408897e-05
dropout,2,5,0,0.19023301578136176
dropout,2,6,0,0.15461682286667067
dropout,2,7,0,0.0004664843442762079
dropout,2,8,0,0.081092550281188
dropout,2,9,0,0.08687700232701556
dropout,2,10,0,0.01128841510165568
dropout,2,11,0,0.052750188987546576
dropout,3,0,1,0.23149900112525584
dropout,3,1,0,0.12236525036823831
dropout,3,2,0,0.26045695742020336
dropout,3,3,0,0.20890567470302823
dropout,3,4,0,0.02797991494619645
dropout,3,5,0,0.1377007076722454
dropout,3,6,1,0.317105413933602
dropout,3,7,0,0.00018632760013015393
dropout,3,8,1,0.34520635729662363
dropout,3,9,0,0.032056691615591104
dropout,3,10,0,0.014766447527674309
dropout,3,11,0,0.0006515615480742198
dropout,4,0,0,0.003333857257012074
dropout,4,1,0,0.2303249790230466
dropout,4,2,0,0.0881711559043068
dropout,4,3,0,0.07400956382902973
dropout,4,4,0,0.14560105811217017
dropout,4,5,0,0.30563952047085907
dropout,4,6,0,0.18226773687846798
dropout,4,7,0,0.023525010988809214
dropout,4,8,0,0.07439565860715192
dropout,4,9,0,0.15043806936586068
dropout,4,10,0,0.2767970062332725
dropout,4,11,0,0.0017518930047810688
dropout,5,0,0,0.10106626909032568
dropout,5,1,0,0.19371983488158362
dropout,5,2,1,0.14423841061780107
dropout,5,3,0,0.010365182677082863
dropout,5,4,0,0.08264710056499752
dropout,5,5,0,0.009576898511158616
dropout,5,6,0,0.10506920385797502
dropout,5,7,0,0.09520806707302298
dropout,5,8,0,0.02921704250116819
dropout,5,9,0,0.14163667866994345
dropout,5,10,0,0.13439007480148013
dropout,5,11,0,0.039960318153578145
dropout,6,0,0,0.208217548836805
dropout,6,1,0,0.18743647814483655
dropout,6,2,0,0.17664621563915006
dropout,6,3,0,0.21881675024984104
dropout,6,4,0,0.01154324858394673
dropout,6,5,0,0.006589755790611163
dropout,6,6,0,0.20735872223523233
dropout,6,7,0,0.21958283814339208
dropout,6,8,0,0.19402349091996285
dropout,6,9,0,0.1208761069458173
dropout,6,10,0,0.08435002138820236
dropout,6,11,0,0.10429783221453859
dropout,7,0,0,0.22852445114081554
dropout,7,1,0,0.2549266030469759
dropout,7,2,1,0.16256756552752402
dropout,7,3,0,0.022033148584022832
dropout,7,4,0,0.13290719152230035
dropout,7,5,0,0.03259704204761604
dropout,7,6,0,0.004739603510710899
dropout,7,7,0,0.005330081587731628
dropout,7,8,0,0.08967481217835793
dropout,7,9,0,0.13183630572141292
dropout,7,10,1,0.12412181019659063
dropout,7,11,0,0.0447742256658995
dropout,8,0,0,0.12502685100438282
dropout,8,1,0,0.06762075073506646
dropout,8,2,0,0.040292323857216594
dropout,8,3,1,0.18336840407314292
dropout,8,4,0,0.019094112255930495
dropout,8,5,0,0.11495096190727594
dropout,8,6,1,0.3101416595828966
dropout,8,7,0,0.05047440414577942
dropout,8,8,0,0.07822938221142411
dropout,8,9,1,0.3478077743628549
dropout,8,10,0,0.06282702970492537
dropout,8,11,1,0.06459236757642439
dropout,9,0,0,0.15223288426085246
dropout,9,1,1,0.03347695706981191
dropout,9,2,0,0.1690660516336877
dropout,9,3,0,0.0902908005532097
dropout,9,4,0,0.21996995694788601
dropout,9,5,0,0.0462024809449223
dropout,9,6,1,0.04958036290809764
dropout,9,7,1,0.12750319381424002
dropout,9,8,1,0.2457928597662094
dropout,9,9,0,0.05628434331846066
dropout,9,10,0,0.10047362873615084
dropout,9,11,0,0.10655957650848802
dropout,10,0,0,0.25299039899399856
dropout,10,1,0,0.2654026474063742
dropout,10,2,0,0.3334894762486069
dropout,10,3,1,0.019635126294969885
dropout,10,4,1,0.002736119006991
dropout,10,5,1,0.05305409978926634
dropout,10,6,0,0.12203744948844553
dropout,10,7,0,0.07775026726832013
dropout,10,8,0,0.04811076801369607
dropout,10,9,0,0.0739384575556925
dropout,10,10,0,0.053047321242472356
dropout,10,11,0,0.20510267130737958
dropout,11,0,0,0.04634225857408647
dropout,11,1,0,0.13785237916616122
dropout,11,2,0,0.05307981101093184
dropout,11,3,1,0.1106080639400111
dropout,11,4,0,0.09762511034791421
dropout,11,5,0,0.041973773447104845
dropout,11,6,0,0.044504770159207396
dropout,11,7,0,0.0014327404598406535
dropout,11,8,1,0.3026010376995751
dropout,11,9,0,0.010855586301896203
dropout,11,10,0,0.21174695092541107
dropout,11,11,1,0.2768920181818142
