gold_prob,anchor_corrupt,policy,utility_capture,post_capture,writes,unresolved,junk_slots,anchor_trust,rho_A,rho_E
0.003,0.1,naive,0.8311230612803228,0.7928643702420569,50.75,94.66666666666667,4.083333333333333,0.6973502208991053,0.6276056522702375,0.6237783362761481
0.003,0.1,robust,0.8122040166325131,0.763475073166553,65.08333333333333,50.916666666666664,4.166666666666667,0.6973502208991053,0.5186835455531498,0.5184519946053048
0.003,0.2,naive,0.8525879424981508,0.8335432204824443,40.916666666666664,139.58333333333334,3.5,0.6973502208991053,0.6007784389112742,0.5972051654813647
0.003,0.2,robust,0.8164980378194643,0.771589179452361,65.0,53.583333333333336,4.166666666666667,0.6973502208991053,0.5443414805566772,0.5132068092819653
0.01,0.1,naive,0.8311230612803228,0.7928643702420569,50.75,94.66666666666667,4.083333333333333,0.7015962026138634,0.6276056522702375,0.6237783362761481
0.01,0.1,robust,0.8074708602463394,0.7547652336472344,65.5,50.25,4.25,0.7015962026138634,0.5053286708787345,0.5079400863029144
0.01,0.2,naive,0.8525879424981508,0.8335432204824443,40.916666666666664,139.58333333333334,3.5,0.7015962026138634,0.6007784389112742,0.5972051654813647
0.01,0.2,robust,0.8156958002112707,0.7701129212741736,64.5,54.75,4.166666666666667,0.7015962026138634,0.5309866058822618,0.4893027350818728
0.03,0.1,naive,0.8311230612803228,0.7928643702420569,50.75,94.66666666666667,4.083333333333333,0.7062279338672127,0.6276056522702375,0.6237783362761481
0.03,0.1,robust,0.7986977563235581,0.7378053979074313,64.16666666666667,51.083333333333336,4.166666666666667,0.7062279338672127,0.4585842719256307,0.4981125066039804
0.03,0.2,naive,0.8525879424981508,0.8335432204824443,40.916666666666664,139.58333333333334,3.5,0.7062279338672127,0.6007784389112742,0.5972051654813647
0.03,0.2,robust,0.8051972485715856,0.7490324246035787,64.41666666666667,52.5,4.333333333333333,0.7062279338672127,0.4807058502293688,0.4756238428281388
