seed,policy,utility_capture,pre_capture,post_capture,writes,unresolved,junk_slots,critical_slots,anchor_trust,rho_A,rho_E,common_faults,E_faults,anchor_corrupt
0,naive,0.8347749027943794,0.8570662648010845,0.8150318138038638,41,78,4,3,0.7264390280674902,0.7266395308842032,0.674683775762702,0,0,0.0
1,naive,0.8193453654558945,0.8365355798723162,0.8026067938083653,84,37,4,3,0.7,0.7001185769250033,0.6734058969952924,0,0,0.0
2,naive,0.8018914187283366,0.8505209805810447,0.7517424421294773,65,32,4,3,0.7,0.7051228771372219,0.6971001547200317,0,0,0.0
3,naive,0.7959548555189234,0.8575120644306359,0.7345928529115319,62,71,4,3,0.7,0.6315874876751473,0.6670244108092712,0,0,0.0
4,naive,0.8152249475585919,0.8801021370670196,0.7492936347547094,63,12,4,3,0.7,0.6837886191701892,0.7075833407585123,0,0,0.0
5,naive,0.8289086355353814,0.8787286300678613,0.7761697977122428,60,28,4,3,0.7,0.6969205120298609,0.6899419960842613,0,0,0.0
6,naive,0.7915305519675312,0.8520087452896548,0.7316623052384634,70,65,5,3,0.7,0.652198693571317,0.6518622958205704,0,0,0.0
7,naive,0.8458945363573324,0.8839432304677614,0.809365997598457,67,75,5,3,0.7,0.6505150734035396,0.6279829315717487,0,0,0.0
8,naive,0.7938408185930265,0.8599865361589244,0.7286449678673842,43,51,5,3,0.7239509637228253,0.6786886294749777,0.716185182511095,0,0,0.0
9,naive,0.8629161629682442,0.8917066621871695,0.8350794465460326,106,3,4,3,0.7,0.680321341071618,0.637698456417205,0,0,0.0
0,robust,0.8138597292202666,0.8673142294309676,0.7665159664530605,71,51,4,3,0.7264390280674902,0.5330346415889785,0.3963685999061337,0,1,0.0
1,robust,0.8100755536200203,0.8468847471220783,0.7742334571925702,101,22,4,3,0.7,0.6039163661125713,0.6183349826967449,0,1,0.0
2,robust,0.79692944764699,0.8635279844395456,0.728250061366602,86,24,5,3,0.7,0.5223694464436865,0.5619388439000622,0,0,0.0
3,robust,0.769380736957908,0.8733542066554727,0.6657369813121319,74,47,5,3,0.7,0.5771292225226258,0.5334840604614298,0,1,0.0
4,robust,0.8446416918443235,0.8828451526635213,0.8058175019472841,83,22,4,3,0.7,0.5738789202187862,0.3065891903080077,0,1,0.0
5,robust,0.8186763089618364,0.8823668152443177,0.7512543167832642,73,54,5,3,0.7,0.5526021543161799,0.556253573642677,0,0,0.0
6,robust,0.8447307293855375,0.8787797824773526,0.8110250745136321,100,61,4,3,0.7,0.41341938654689403,0.6021020666242867,0,0,0.0
7,robust,0.8572528675350417,0.8947269438142058,0.8212759889635032,76,69,5,3,0.7,0.5721628067065221,0.5584039862576836,0,0,0.0
8,robust,0.8073347205393151,0.893852467181129,0.7220593874905933,42,140,5,3,0.7239509637228253,0.08148702545976443,0.4126526305199604,1,1,0.0
9,robust,0.8190903233509871,0.8630946260749687,0.7765438121922156,103,21,5,3,0.7,0.5680174501181986,0.5931100805375272,0,0,0.0
0,naive,0.8347749027943794,0.8570662648010845,0.8150318138038638,41,78,4,3,0.7264390280674902,0.7266395308842032,0.674683775762702,0,0,0.05
1,naive,0.8208131659731848,0.8365355798723162,0.8055038309557392,73,69,3,3,0.7,0.6652979713235032,0.7008783443642943,0,0,0.05
2,naive,0.8043710376322337,0.8505209805810447,0.7567791548184731,60,52,5,3,0.7,0.6708032472354117,0.6718547080097451,0,0,0.05
3,naive,0.8543393257500612,0.8765250337780779,0.832223971627776,52,190,3,3,0.7,0.6082273438285125,0.6385849707997191,0,0,0.05
4,naive,0.8014042962602326,0.8527455651074302,0.7492288354894933,30,109,5,3,0.7,0.6548065692577937,0.6742221144497181,0,0,0.05
5,naive,0.8315274683964586,0.8831326721534766,0.776898829888739,74,145,4,3,0.7,0.6057095307778435,0.6178945807288023,0,0,0.05
6,naive,0.7915305519675312,0.8520087452896548,0.7316623052384634,70,65,5,3,0.7,0.652198693571317,0.6518622958205704,0,0,0.05
7,naive,0.8458945363573324,0.8839432304677614,0.809365997598457,67,75,5,3,0.7,0.6505150734035396,0.6279829315717487,0,0,0.05
8,naive,0.7903045863691592,0.8557672175881884,0.7257820127223975,41,82,4,3,0.7239509637228253,0.608884747826981,0.6515131753157238,0,0,0.05
9,naive,0.8284373761558292,0.8879426173578088,0.770903447606025,86,56,5,3,0.7,0.663676232274671,0.6226950786427461,0,0,0.05
0,robust,0.8217776013772137,0.8673142294309676,0.7814465664353913,71,42,5,3,0.7264390280674902,0.5330346415889785,0.2810534739981822,0,1,0.05
1,robust,0.8048175868182557,0.8468847471220783,0.7638556674555204,103,21,4,3,0.7,0.5726604665956601,0.589591276379112,0,1,0.05
2,robust,0.79692944764699,0.8635279844395456,0.728250061366602,86,24,5,3,0.7,0.5223694464436865,0.5619388439000622,0,0,0.05
3,robust,0.7702511023183236,0.8750977062038879,0.6657369813121319,74,46,5,3,0.7,0.5771292225226258,0.5334840604614298,0,1,0.05
4,robust,0.8484024937308572,0.8827938785919763,0.8134523183268715,86,51,5,3,0.7,0.5471071932219702,0.5534604621365073,0,0,0.05
5,robust,0.8186763089618364,0.8823668152443177,0.7512543167832642,73,53,5,3,0.7,0.5526021543161799,0.556253573642677,0,0,0.05
6,robust,0.8447307293855375,0.8787797824773526,0.8110250745136321,100,61,4,3,0.7,0.41341938654689403,0.6021020666242867,0,0,0.05
7,robust,0.8572528675350417,0.8947269438142058,0.8212759889635032,76,69,5,3,0.7,0.5721628067065221,0.5584039862576836,0,0,0.05
8,robust,0.8073347205393151,0.893852467181129,0.7220593874905933,42,140,5,3,0.7239509637228253,0.08148702545976443,0.4126526305199604,1,1,0.05
9,robust,0.8383491727816214,0.8644633071345116,0.8131001575747193,99,50,5,3,0.7,0.5874834763200463,0.5602529719671249,0,0,0.05
0,naive,0.8659310871530791,0.8690044211622748,0.8632090862801454,40,166,4,3,0.6442516870664379,0.6940582016410785,0.6448102964822648,0,0,0.1
1,naive,0.8208131659731848,0.8365355798723162,0.8055038309557392,73,69,3,3,0.7,0.6652979713235032,0.7008783443642943,0,0,0.1
2,naive,0.8043710376322337,0.8505209805810447,0.7567791548184731,60,52,5,3,0.7,0.6708032472354117,0.6718547080097451,0,0,0.1
3,naive,0.8543393257500612,0.8765250337780779,0.832223971627776,52,190,3,3,0.7,0.6082273438285125,0.6385849707997191,0,0,0.1
4,naive,0.8014042962602326,0.8527455651074302,0.7492288354894933,30,109,5,3,0.7,0.6548065692577937,0.6742221144497181,0,0,0.1
5,naive,0.8315274683964586,0.8831326721534766,0.776898829888739,74,145,4,3,0.7,0.6057095307778435,0.6178945807288023,0,0,0.1
6,naive,0.7915305519675312,0.8520087452896548,0.7316623052384634,70,65,5,3,0.7,0.652198693571317,0.6518622958205704,0,0,0.1
7,naive,0.8458945363573324,0.8839432304677614,0.809365997598457,67,75,5,3,0.7,0.6505150734035396,0.6279829315717487,0,0,0.1
8,naive,0.7915754425293935,0.8557672175881884,0.7283054752729675,38,82,4,3,0.7239509637228253,0.608884747826981,0.6515131753157238,0,0,0.1
9,naive,0.8929297905911311,0.9088005306395476,0.8775848225591769,47,213,4,3,0.7,0.651284252891803,0.6080950130727212,0,0,0.1
0,robust,0.7911597617837415,0.862798601588652,0.7277104315445142,79,46,4,3,0.6442516870664379,0.53475131750986,0.519880244699215,0,0,0.1
1,robust,0.8048175868182557,0.8468847471220783,0.7638556674555204,103,21,4,3,0.7,0.5726604665956601,0.589591276379112,0,1,0.1
2,robust,0.79692944764699,0.8635279844395456,0.728250061366602,86,24,5,3,0.7,0.5223694464436865,0.5619388439000622,0,0,0.1
3,robust,0.7702511023183236,0.8750977062038879,0.6657369813121319,74,46,5,3,0.7,0.5771292225226258,0.5334840604614298,0,1,0.1
4,robust,0.8484024937308572,0.8827938785919763,0.8134523183268715,86,51,5,3,0.7,0.5471071932219702,0.5534604621365073,0,0,0.1
5,robust,0.8186763089618364,0.8823668152443177,0.7512543167832642,73,53,5,3,0.7,0.5526021543161799,0.556253573642677,0,0,0.1
6,robust,0.8447307293855375,0.8787797824773526,0.8110250745136321,100,61,4,3,0.7,0.41341938654689403,0.6021020666242867,0,0,0.1
7,robust,0.8572528675350417,0.8947269438142058,0.8212759889635032,76,69,5,3,0.7,0.5721628067065221,0.5584039862576836,0,0,0.1
8,robust,0.8276538772668068,0.899131029415168,0.7572031525148079,45,151,4,3,0.7239509637228253,0.49296777695521704,0.4126526305199604,1,1,0.1
9,robust,0.8293880903060731,0.8913232736293587,0.7695047196976643,104,39,4,3,0.7,0.5874834763200463,0.5602529719671249,0,0,0.1
0,naive,0.905993269943895,0.883956212882791,0.9255111252690004,13,273,2,3,0.6442516870664379,0.6229415539976774,0.6382270276387468,0,0,0.2
1,naive,0.8208131659731848,0.8365355798723162,0.8055038309557392,73,69,3,3,0.7,0.6652979713235032,0.7008783443642943,0,0,0.2
2,naive,0.8043710376322337,0.8505209805810447,0.7567791548184731,60,52,5,3,0.7,0.6708032472354117,0.6718547080097451,0,0,0.2
3,naive,0.8663616133193219,0.8765250337780779,0.8562304224528765,50,194,2,3,0.7,0.6082273438285125,0.6385849707997191,0,0,0.2
4,naive,0.8014042962602326,0.8527455651074302,0.7492288354894933,30,109,5,3,0.7,0.5872889450061011,0.6049552716529368,0,0,0.2
5,naive,0.9382220505569984,0.9076780986633509,0.9705555050367354,16,347,1,3,0.7,0.4843674883155281,0.44750980520900824,0,0,0.2
6,naive,0.7700308355559498,0.8520087452896548,0.6888797055919637,45,71,5,3,0.7,0.6341548076361136,0.611905583341103,0,0,0.2
7,naive,0.8117004052042521,0.8751013493925257,0.7508325120668661,78,82,5,3,0.7,0.5972004243065167,0.6071286526168075,0,0,0.2
8,naive,0.8864220405720921,0.8928327467442736,0.880103393529961,28,234,3,3,0.7239509637228253,0.5745740174160483,0.6208915851282552,0,0,0.2
9,naive,0.8938377818635521,0.9088005306395476,0.8793707248178589,46,217,4,3,0.7,0.6286550089472533,0.5797206196975104,0,0,0.2
0,robust,0.7911597617837415,0.862798601588652,0.7277104315445142,79,46,4,3,0.6442516870664379,0.53475131750986,0.519880244699215,0,0,0.2
1,robust,0.7823643533362034,0.8372286808166243,0.7289414899455539,101,17,4,3,0.7,0.5726604665956601,0.589591276379112,0,1,0.2
2,robust,0.79692944764699,0.8635279844395456,0.728250061366602,86,24,5,3,0.7,0.5223694464436865,0.5619388439000622,0,0,0.2
3,robust,0.7702511023183236,0.8750977062038879,0.6657369813121319,74,46,5,3,0.7,0.5771292225226258,0.5334840604614298,0,1,0.2
4,robust,0.8484024937308572,0.8827938785919763,0.8134523183268715,86,51,5,3,0.7,0.5129622757165904,0.5148435762779313,0,0,0.2
5,robust,0.8186763089618364,0.8823668152443177,0.7512543167832642,73,52,5,3,0.7,0.5526021543161799,0.556253573642677,0,0,0.2
6,robust,0.8316258908090601,0.8787797824773526,0.7849475648611136,88,49,3,3,0.7,0.5591836930554754,0.5610765591958785,0,0,0.2
7,robust,0.8368768101769177,0.8819021217037679,0.7936503900410378,76,41,5,3,0.7,0.5540520292880686,0.5506730256691376,0,0,0.2
8,robust,0.830943422392175,0.9063069105837809,0.7566621702248119,48,166,4,3,0.7239509637228253,0.49296777695521704,0.4126526305199604,1,1,0.2
9,robust,0.8293880903060731,0.8913232736293587,0.7695047196976643,104,39,4,3,0.7,0.5874834763200463,0.5602529719671249,0,0,0.2
