seed,policy,utility_capture,post_capture,writes,unresolved,verify_unresolved,junk_slots,anchor_trust,rho_A,rho_E,anchor_corrupt
0,robust_gate,0.8106914881714213,0.7631672146610774,82,32,8,3,0.7,0.5360095489039649,0.5585370263839718,0.1
1,robust_gate,0.7420133422743045,0.6564966875948992,79,34,8,4,0.7,0.5365337209700627,0.5497773646601926,0.1
2,robust_gate,0.806554484888699,0.7352957532211072,73,34,9,5,0.7,0.5496211769338123,0.5915936711015691,0.1
3,robust_gate,0.7843486236792621,0.7141191683577867,73,47,9,5,0.7,0.5602829127996346,0.5218839160517227,0.1
4,robust_gate,0.8629296824090493,0.8499954048874632,58,47,7,3,0.7,0.5475971781378856,0.5538137174195525,0.1
5,robust_gate,0.8234677279995553,0.7726392875047522,63,40,7,4,0.7225203504087053,0.21288598713408646,0.5838983418894439,0.1
6,robust_gate,0.8152254028169561,0.7571781661626379,60,76,3,4,0.721028744809963,0.5499107740811259,0.19719730476275307,0.1
7,robust_gate,0.7926280794842115,0.7385868935120761,74,53,8,5,0.7,0.5374341302138175,0.5692090451468499,0.1
8,robust_gate,0.8081661488670866,0.7382437297518588,67,38,10,5,0.7,0.5,0.5,0.1
9,robust_gate,0.8375769159296579,0.8076485741570006,75,29,6,4,0.7,0.5909961704414559,0.2069938504812857,0.1
10,robust_gate,0.8128227763024491,0.7533020356777808,71,44,6,3,0.7,0.5487204656142071,0.5287954625994158,0.1
11,robust_gate,0.8158392855805336,0.7922042765312903,60,57,6,4,0.7,0.5224701441599109,0.6021778261482348,0.1
12,robust_gate,0.8164630846088061,0.773797042124501,78,32,5,5,0.7,0.6095449148947487,0.6101282488533777,0.1
13,robust_gate,0.8006565816930836,0.7647380317385869,76,38,6,3,0.7,0.531595406781388,0.5247425284804854,0.1
14,robust_gate,0.7808661472180684,0.7399951353814374,74,31,7,5,0.7,0.5578106791473503,0.529947016097431,0.1
15,robust_gate,0.825342165251142,0.77355300184269,59,34,6,5,0.7239730513214182,0.5709968904012228,0.3761957964517452,0.1
0,robust_gate,0.8106914881714213,0.7631672146610774,82,32,10,3,0.7,0.5360095489039649,0.5585370263839718,0.2
1,robust_gate,0.8017727442573571,0.7636683690720655,77,40,10,4,0.7,0.5365337209700627,0.5497773646601926,0.2
2,robust_gate,0.806554484888699,0.7352957532211072,73,34,10,5,0.7,0.5496211769338123,0.5915936711015691,0.2
3,robust_gate,0.8065955139926234,0.7610463753117228,65,42,12,3,0.7,0.5,0.5,0.2
4,robust_gate,0.8301321084193463,0.7839724572272735,61,36,9,5,0.7,0.5120719484477633,0.5262898249397536,0.2
5,robust_gate,0.8234677279995553,0.7726392875047522,65,37,9,4,0.7225203504087053,0.6268810130221427,0.5838983418894439,0.2
6,robust_gate,0.8448371444561477,0.8139655238711324,80,81,2,3,0.6321009798672255,0.5610605453558682,0.5586957355251182,0.2
7,robust_gate,0.8027146121140751,0.7580611479029938,73,44,8,4,0.7,0.5268341815769744,0.519030759936368,0.2
8,robust_gate,0.8081661488670866,0.7382437297518588,67,38,11,5,0.7,0.5,0.5,0.2
9,robust_gate,0.8139477117121128,0.7437356356905291,75,35,8,3,0.7,0.6005967856351853,0.5734929701118607,0.2
10,robust_gate,0.8128227763024491,0.7533020356777808,71,44,9,3,0.7,0.5487204656142071,0.5287954625994158,0.2
11,robust_gate,0.8158392855805336,0.7922042765312903,60,57,7,4,0.7,0.5224701441599109,0.6021778261482348,0.2
12,robust_gate,0.814854096439279,0.7708021659952753,65,39,9,5,0.7,0.4962221191828755,0.5352823255488792,0.2
13,robust_gate,0.8006565816930836,0.7647380317385869,76,38,8,3,0.7,0.4936100138409079,0.5387861952189695,0.2
14,robust_gate,0.7808661472180684,0.7399951353814374,74,31,8,5,0.7,0.5578106791473503,0.529947016097431,0.2
15,robust_gate,0.825342165251142,0.77355300184269,59,34,6,5,0.7239730513214182,0.5709968904012228,0.3761957964517452,0.2
0,robust_gate,0.8106914881714213,0.7631672146610774,82,32,12,3,0.7,0.5360095489039649,0.5585370263839718,0.35
1,robust_gate,0.835867359766845,0.8213679261100019,74,36,14,4,0.7,0.5,0.5,0.35
2,robust_gate,0.806554484888699,0.7352957532211072,73,34,10,5,0.7,0.5496211769338123,0.5915936711015691,0.35
3,robust_gate,0.7911281459226341,0.7179220178102609,71,40,16,5,0.7,0.5,0.5,0.35
4,robust_gate,0.8077395350403096,0.7391016139870449,69,40,12,5,0.7,0.5,0.5,0.35
5,robust_gate,0.8234677279995553,0.7726392875047522,65,37,11,4,0.7225203504087053,0.6268810130221427,0.5838983418894439,0.35
6,robust_gate,0.8448371444561477,0.8139655238711324,80,81,6,3,0.6321009798672255,0.5610605453558682,0.5586957355251182,0.35
7,robust_gate,0.8027146121140751,0.7580611479029938,73,44,10,4,0.7,0.5268341815769744,0.519030759936368,0.35
8,robust_gate,0.8353014785715758,0.7725155504758181,61,33,13,5,0.7,0.5,0.5,0.35
9,robust_gate,0.8139477117121128,0.7437356356905291,75,35,9,3,0.7,0.6005967856351853,0.5734929701118607,0.35
10,robust_gate,0.8128227763024491,0.7533020356777808,71,44,11,3,0.7,0.5487204656142071,0.5287954625994158,0.35
11,robust_gate,0.8152067387048899,0.7910402791211475,63,53,11,4,0.7,0.5010882238538091,0.5719102937627634,0.35
12,robust_gate,0.814854096439279,0.7708021659952753,65,39,11,5,0.7,0.4962221191828755,0.5352823255488792,0.35
13,robust_gate,0.8006565816930836,0.7647380317385869,76,38,10,3,0.7,0.5,0.5,0.35
14,robust_gate,0.7808661472180684,0.7399951353814374,74,31,10,5,0.7,0.5578106791473503,0.529947016097431,0.35
15,robust_gate,0.825342165251142,0.77355300184269,59,34,7,5,0.7239730513214182,0.5709968904012228,0.3761957964517452,0.35
