seed,noise,covered_cases,semantic_accuracy,uniform_accuracy,difference
0,0.0,65,0.9846153846153847,1.0,-0.01538461538461533
0,0.15,65,0.8,1.0,-0.19999999999999996
0,0.3,65,0.6923076923076923,0.9384615384615385,-0.24615384615384617
1,0.0,67,0.9701492537313433,1.0,-0.02985074626865669
1,0.15,67,0.6865671641791045,1.0,-0.31343283582089554
1,0.3,67,0.6119402985074627,0.9850746268656716,-0.3731343283582089
2,0.0,57,0.9824561403508771,1.0,-0.01754385964912286
2,0.15,57,0.8070175438596491,1.0,-0.19298245614035092
2,0.3,57,0.6140350877192983,1.0,-0.38596491228070173
3,0.0,51,0.9607843137254902,1.0,-0.039215686274509776
3,0.15,51,0.8235294117647058,1.0,-0.17647058823529416
3,0.3,51,0.7450980392156863,0.9803921568627451,-0.23529411764705876
4,0.0,59,1.0,1.0,0.0
4,0.15,59,0.8983050847457628,1.0,-0.10169491525423724
4,0.3,59,0.7288135593220338,1.0,-0.27118644067796616
5,0.0,66,0.8939393939393939,1.0,-0.10606060606060608
5,0.15,66,0.5606060606060606,1.0,-0.43939393939393945
5,0.3,66,0.5151515151515151,0.9545454545454546,-0.43939393939393945
6,0.0,61,1.0,1.0,0.0
6,0.15,61,0.8688524590163934,1.0,-0.1311475409836066
6,0.3,61,0.7213114754098361,0.9836065573770492,-0.2622950819672131
7,0.0,65,0.9384615384615385,1.0,-0.06153846153846154
7,0.15,65,0.8307692307692308,1.0,-0.16923076923076918
7,0.3,65,0.7076923076923077,0.9692307692307692,-0.2615384615384615
