seed,utility_capture,writes,unresolved
0,0.8331267841062421,76,0
1,0.8457995807633806,76,2
2,0.8323320432557041,87,4
3,0.852930499061627,70,0
4,0.8475553735478935,83,0
5,0.8695216077657345,65,0
6,0.8176252713434785,89,0
7,0.8695913289671499,56,1
8,0.842909456652047,91,0
9,0.8429409502001072,81,0
10,0.8536592220205107,85,3
11,0.8255121807241416,82,0
12,0.8550566499989273,73,0
13,0.8457079470123078,77,0
14,0.7996213429509477,100,0
15,0.8496297154864566,68,0
16,0.7764205234376763,100,0
17,0.8367424771969336,76,0
18,0.8495573738641483,70,0
19,0.8451764127153822,68,1
20,0.8443750326432948,61,0
21,0.8659410356006978,63,0
22,0.8504482420633115,73,0
23,0.8289712295593696,80,0
24,0.8183365358065496,82,0
25,0.8210845929583981,92,0
26,0.8229171452075218,97,0
27,0.8515658281325897,78,0
28,0.8345091035467089,73,0
29,0.836674612272859,77,0
