seed,margin,hard_value,utility_capture,resolved_rate,address_precision,wrong_address_rate,writes,replacements,blocked,high_hit,critical_hit,junk_hit,distractor_hit,high_slots,critical_slots,junk_slots,distractor_slots
0,auto,False,0.8946780876322991,0.6,1.0,0.0,29,21,0,0.8793503480278422,0.9439252336448598,0.0,0.0,5,3,0,0
0,0.0,False,0.9021918808097749,0.60875,1.0,0.0,17,9,16,0.8955916473317865,0.9439252336448598,0.0,0.0,5,3,0,0
0,0.08,False,0.9011184817844212,0.6075,1.0,0.0,17,9,17,0.8932714617169374,0.9439252336448598,0.0,0.0,5,3,0,0
0,0.16,False,0.9054120778858359,0.6125,1.0,0.0,12,4,23,0.9025522041763341,0.9439252336448598,0.0,0.0,5,3,0,0
0,0.28,False,0.9032652798351285,0.61,1.0,0.0,12,4,25,0.8979118329466357,0.9439252336448598,0.0,0.0,5,3,0,0
1,auto,False,0.8892270652099866,0.59375,1.0,0.0,32,24,0,0.88558352402746,0.9361702127659575,0.0,0.0,5,3,0,0
1,0.0,False,0.9005837327094757,0.60625,1.0,0.0,11,3,26,0.9084668192219679,0.9361702127659575,0.0,0.0,5,3,0,0
1,0.08,False,0.9005837327094757,0.60625,1.0,0.0,11,3,26,0.9084668192219679,0.9361702127659575,0.0,0.0,5,3,0,0
1,0.16,False,0.9017193994594245,0.6075,1.0,0.0,10,2,27,0.9107551487414187,0.9361702127659575,0.0,0.0,5,3,0,0
1,0.28,False,0.9017193994594245,0.6075,1.0,0.0,10,2,27,0.9107551487414187,0.9361702127659575,0.0,0.0,5,3,0,0
2,auto,False,0.8962068673883647,0.6225,1.0,0.0,32,24,0,0.8811659192825112,0.9439252336448598,0.025477707006369428,0.0,5,3,0,0
2,0.0,False,0.8959531461434391,0.6175,1.0,0.0,17,9,27,0.8811659192825112,0.9439252336448598,0.0,0.0,5,3,0,0
2,0.08,False,0.8970103179972957,0.61875,1.0,0.0,15,7,29,0.8834080717488789,0.9439252336448598,0.0,0.0,5,3,0,0
2,0.16,False,0.893838802435726,0.615,1.0,0.0,15,7,32,0.8766816143497758,0.9439252336448598,0.0,0.0,5,3,0,0
2,0.28,False,0.9022961772665785,0.625,1.0,0.0,9,1,36,0.8946188340807175,0.9439252336448598,0.0,0.0,5,3,0,0
3,auto,False,0.901830855618427,0.6175,1.0,0.0,29,21,0,0.8960739030023095,0.9433962264150944,0.037037037037037035,0.0,5,3,0,0
3,0.0,False,0.9049934381790432,0.62,1.0,0.0,15,7,23,0.9030023094688222,0.9433962264150944,0.030864197530864196,0.0,5,3,0,0
3,0.08,False,0.9017663131171899,0.61625,1.0,0.0,13,5,30,0.8960739030023095,0.9433962264150944,0.030864197530864196,0.0,5,3,0,0
3,0.16,False,0.8996148964092878,0.61375,1.0,0.0,13,5,32,0.8914549653579676,0.9433962264150944,0.030864197530864196,0.0,5,3,0,0
3,0.28,False,0.9006906047632388,0.615,1.0,0.0,12,4,33,0.8937644341801386,0.9433962264150944,0.030864197530864196,0.0,5,3,0,0
4,auto,False,0.9025484605353334,0.6,1.0,0.0,26,18,0,0.9026128266033254,0.941747572815534,0.016574585635359115,0.0,5,3,0,0
4,0.0,False,0.9013770085980172,0.5975,1.0,0.0,16,8,22,0.9002375296912114,0.941747572815534,0.011049723756906077,0.0,5,3,0,0
4,0.08,False,0.9024821519351081,0.59875,1.0,0.0,14,6,24,0.9026128266033254,0.941747572815534,0.011049723756906077,0.0,5,3,0,0
4,0.16,False,0.9024821519351081,0.59875,1.0,0.0,14,6,24,0.9026128266033254,0.941747572815534,0.011049723756906077,0.0,5,3,0,0
4,0.28,False,0.8916959529651016,0.59125,1.0,0.0,12,4,37,0.8788598574821853,0.941747572815534,0.03314917127071823,0.0,5,3,0,0
5,auto,False,0.9022545544472856,0.62,1.0,0.0,28,20,0,0.8870967741935484,0.9478260869565217,0.013071895424836602,0.0,5,3,0,0
5,0.0,False,0.89388756079466,0.6075,1.0,0.0,16,8,32,0.868663594470046,0.9478260869565217,0.0,0.0,5,3,0,0
5,0.08,False,0.8949179787321755,0.60875,1.0,0.0,14,6,35,0.8709677419354839,0.9478260869565217,0.0,0.0,5,3,0,0
5,0.16,False,0.8887354711070827,0.60125,1.0,0.0,11,3,47,0.8571428571428571,0.9478260869565217,0.0,0.0,5,3,0,0
5,0.28,False,0.8980092325447219,0.6125,1.0,0.0,9,1,41,0.8778801843317973,0.9478260869565217,0.0,0.0,5,3,0,0
6,auto,False,0.8788285567264051,0.56,1.0,0.0,37,29,0,0.8533007334963325,0.941747572815534,0.010869565217391304,0.0,5,3,0,0
6,0.0,False,0.8888292279123909,0.57,1.0,0.0,21,13,20,0.8753056234718827,0.941747572815534,0.005434782608695652,0.0,5,3,0,0
6,0.08,False,0.8933038011499684,0.575,1.0,0.0,17,9,24,0.8850855745721271,0.941747572815534,0.005434782608695652,0.0,5,3,0,0
6,0.16,False,0.8888292279123909,0.57,1.0,0.0,12,4,37,0.8753056234718827,0.941747572815534,0.005434782608695652,0.0,5,3,0,0
6,0.28,False,0.9011343043157289,0.58375,1.0,0.0,11,3,28,0.902200488997555,0.941747572815534,0.005434782608695652,0.0,5,3,0,0
7,auto,False,0.8830805286114218,0.58875,1.0,0.0,42,34,0,0.8530120481927711,0.9444444444444444,0.08522727272727272,0.0,5,3,0,0
7,0.0,False,0.8900245209730303,0.585,1.0,0.0,25,17,21,0.8698795180722891,0.9444444444444444,0.028409090909090908,0.0,5,3,0,0
7,0.08,False,0.8974893127617595,0.59125,1.0,0.0,13,5,40,0.8867469879518072,0.9444444444444444,0.017045454545454544,0.0,5,3,0,0
7,0.16,False,0.8974893127617595,0.59125,1.0,0.0,13,5,40,0.8867469879518072,0.9444444444444444,0.017045454545454544,0.0,5,3,0,0
7,0.28,False,0.8974893127617595,0.59125,1.0,0.0,12,4,42,0.8867469879518072,0.9444444444444444,0.017045454545454544,0.0,5,3,0,0
8,auto,False,0.899312959014455,0.6,1.0,0.0,29,21,0,0.8888888888888888,0.9444444444444444,0.01098901098901099,0.0,5,3,0,0
8,0.0,False,0.9045680687471767,0.60375,1.0,0.0,19,11,18,0.900709219858156,0.9444444444444444,0.0,0.0,5,3,0,0
8,0.08,False,0.9045680687471767,0.60375,1.0,0.0,17,9,22,0.900709219858156,0.9444444444444444,0.0,0.0,5,3,0,0
8,0.16,False,0.9067218022441937,0.60625,1.0,0.0,14,6,26,0.9054373522458629,0.9444444444444444,0.0,0.0,5,3,0,0
8,0.28,False,0.9045680687471767,0.60375,1.0,0.0,14,6,28,0.900709219858156,0.9444444444444444,0.0,0.0,5,3,0,0
9,auto,False,0.9056937906299055,0.60875,1.0,0.0,20,12,0,0.9248826291079812,0.9292929292929293,0.0058823529411764705,0.0,5,3,0,0
9,0.0,False,0.912351490697155,0.615,1.0,0.0,10,2,11,0.9389671361502347,0.9292929292929293,0.0,0.0,5,3,0,0
9,0.08,False,0.903384891279984,0.605,1.0,0.0,12,4,16,0.92018779342723,0.9292929292929293,0.0,0.0,5,3,0,0
9,0.16,False,0.903384891279984,0.605,1.0,0.0,12,4,16,0.92018779342723,0.9292929292929293,0.0,0.0,5,3,0,0
9,0.28,False,0.9056265411342768,0.6075,1.0,0.0,10,2,18,0.9248826291079812,0.9292929292929293,0.0,0.0,5,3,0,0
10,auto,False,0.8967691095350692,0.6175,1.0,0.0,34,26,0,0.8848758465011287,0.9433962264150944,0.013245033112582781,0.0,5,3,0,0
10,0.0,False,0.8881221647179116,0.605,1.0,0.0,23,15,29,0.8668171557562077,0.9433962264150944,0.0,0.0,5,3,0,0
10,0.08,False,0.8913168487636595,0.60875,1.0,0.0,13,5,47,0.873589164785553,0.9433962264150944,0.0,0.0,5,3,0,0
10,0.16,False,0.8934466381274914,0.61125,1.0,0.0,13,5,44,0.8781038374717833,0.9433962264150944,0.0,0.0,5,3,0,0
10,0.28,False,0.8987711115370712,0.6175,1.0,0.0,10,2,45,0.8893905191873589,0.9433962264150944,0.0,0.0,5,3,0,0
11,auto,False,0.9013909208026742,0.61875,1.0,0.0,24,16,0,0.9107551487414187,0.9313725490196079,0.012987012987012988,0.0,5,3,0,0
11,0.0,False,0.901259907854228,0.61625,1.0,0.0,16,8,14,0.9107551487414187,0.9313725490196079,0.0,0.0,5,3,0,0
11,0.08,False,0.9099941044173216,0.62625,1.0,0.0,11,3,16,0.9290617848970252,0.9313725490196079,0.0,0.0,5,3,0,0
11,0.16,False,0.9067187807061615,0.6225,1.0,0.0,11,3,19,0.9221967963386728,0.9313725490196079,0.0,0.0,5,3,0,0
11,0.28,False,0.908902329846935,0.625,1.0,0.0,9,1,21,0.9267734553775744,0.9313725490196079,0.0,0.0,5,3,0,0
12,auto,False,0.8918006468824541,0.58625,1.0,0.0,29,21,0,0.8954869358669834,0.9333333333333333,0.041237113402061855,0.0,5,3,0,0
12,0.0,False,0.8971362466652527,0.5825,1.0,0.0,16,8,20,0.9073634204275535,0.9333333333333333,0.0,0.0,5,3,0,0
12,0.08,False,0.8994971315248981,0.585,1.0,0.0,12,4,25,0.9121140142517815,0.9333333333333333,0.0,0.0,5,3,0,0
12,0.16,False,0.9006775739547208,0.58625,1.0,0.0,10,2,28,0.9144893111638955,0.9333333333333333,0.0,0.0,5,3,0,0
12,0.28,False,0.8935949193757846,0.57875,1.0,0.0,12,4,31,0.9002375296912114,0.9333333333333333,0.0,0.0,5,3,0,0
13,auto,False,0.9178791567638619,0.6375,1.0,0.0,25,17,0,0.9054373522458629,0.9545454545454546,0.006211180124223602,0.0,4,3,1,0
13,0.0,False,0.921685699379749,0.64125,1.0,0.0,17,9,8,0.9148936170212766,0.9545454545454546,0.0,0.0,5,3,0,0
13,0.08,False,0.919753444244781,0.63875,1.0,0.0,13,5,18,0.9101654846335697,0.9545454545454546,0.0,0.0,5,3,0,0
13,0.16,False,0.921685699379749,0.64125,1.0,0.0,11,3,19,0.9148936170212766,0.9545454545454546,0.0,0.0,5,3,0,0
13,0.28,False,0.922651826947233,0.6425,1.0,0.0,10,2,20,0.91725768321513,0.9545454545454546,0.0,0.0,5,3,0,0
14,auto,False,0.8971099783412477,0.6075,1.0,0.0,25,17,0,0.9002320185614849,0.9320388349514563,0.011560693641618497,0.0,5,3,0,0
14,0.0,False,0.8969787131637116,0.605,1.0,0.0,19,11,12,0.9002320185614849,0.9320388349514563,0.0,0.0,5,3,0,0
14,0.08,False,0.8958848366842437,0.60375,1.0,0.0,18,10,15,0.8979118329466357,0.9320388349514563,0.0,0.0,5,3,0,0
14,0.16,False,0.8958848366842437,0.60375,1.0,0.0,16,8,19,0.8979118329466357,0.9320388349514563,0.0,0.0,5,3,0,0
14,0.28,False,0.9057297249994551,0.615,1.0,0.0,10,2,22,0.9187935034802784,0.9320388349514563,0.0,0.0,5,3,0,0
15,auto,False,0.8900782906198215,0.58125,1.0,0.0,35,27,0,0.8588807785888077,0.9482758620689655,0.010752688172043012,0.0,5,3,0,0
15,0.0,False,0.8993976030056916,0.59,1.0,0.0,24,16,10,0.8807785888077859,0.9482758620689655,0.0,0.0,5,3,0,0
15,0.08,False,0.9077933799298987,0.6,1.0,0.0,17,9,16,0.9002433090024331,0.9482758620689655,0.0,0.0,5,3,0,0
15,0.16,False,0.8983481308901656,0.58875,1.0,0.0,14,6,32,0.878345498783455,0.9482758620689655,0.0,0.0,5,3,0,0
15,0.28,False,0.9088428520454246,0.60125,1.0,0.0,10,2,29,0.902676399026764,0.9482758620689655,0.0,0.0,5,3,0,0
16,auto,False,0.8979367913771243,0.5975,1.0,0.0,31,23,0,0.8854415274463007,0.944954128440367,0.022598870056497175,0.0,4,3,1,0
16,0.0,False,0.9085647899141611,0.6075,1.0,0.0,15,7,24,0.9093078758949881,0.944954128440367,0.011299435028248588,0.0,5,3,0,0
16,0.08,False,0.9030571631419316,0.59875,1.0,0.0,16,8,28,0.8973747016706444,0.944954128440367,0.0,0.0,5,3,0,0
16,0.16,False,0.9052085798498337,0.60125,1.0,0.0,9,1,40,0.9021479713603818,0.944954128440367,0.0,0.0,5,3,0,0
16,0.28,False,0.9052085798498337,0.60125,1.0,0.0,9,1,40,0.9021479713603818,0.944954128440367,0.0,0.0,5,3,0,0
17,auto,False,0.8948410912037479,0.62,1.0,0.0,28,20,0,0.8947368421052632,0.9347826086956522,0.012048192771084338,0.0,5,3,0,0
17,0.0,False,0.898082290447468,0.62125,1.0,0.0,18,10,17,0.9013157894736842,0.9347826086956522,0.0,0.0,5,3,0,0
17,0.08,False,0.8969568740433985,0.62,1.0,0.0,16,8,21,0.8991228070175439,0.9347826086956522,0.0,0.0,5,3,0,0
17,0.16,False,0.8969568740433985,0.62,1.0,0.0,14,6,25,0.8991228070175439,0.9347826086956522,0.0,0.0,5,3,0,0
17,0.28,False,0.8992077068515375,0.6225,1.0,0.0,10,2,31,0.9035087719298246,0.9347826086956522,0.0,0.0,5,3,0,0
18,auto,False,0.8724897332912167,0.5675,1.0,0.0,39,31,0,0.8497536945812808,0.9313725490196079,0.07142857142857142,0.0,5,3,0,0
18,0.0,False,0.8726702468522985,0.55125,1.0,0.0,25,17,22,0.8522167487684729,0.9313725490196079,0.0,0.0,5,3,0,0
18,0.08,False,0.8783112956360885,0.5575,1.0,0.0,17,9,33,0.8645320197044335,0.9313725490196079,0.0,0.0,5,3,0,0
18,0.16,False,0.8850805541766363,0.565,1.0,0.0,11,3,39,0.8793103448275862,0.9313725490196079,0.0,0.0,5,3,0,0
18,0.28,False,0.8839523444198784,0.56375,1.0,0.0,11,3,40,0.8768472906403941,0.9313725490196079,0.0,0.0,5,3,0,0
19,auto,False,0.8835619498681941,0.595,1.0,0.0,35,27,0,0.8693693693693694,0.9375,0.0,0.0,5,3,0,0
19,0.0,False,0.8958491577677518,0.60875,1.0,0.0,20,12,18,0.8941441441441441,0.9375,0.0,0.0,5,3,0,0
19,0.08,False,0.8913810821679127,0.60375,1.0,0.0,18,10,26,0.8851351351351351,0.9375,0.0,0.0,5,3,0,0
19,0.16,False,0.8992002144676312,0.6125,1.0,0.0,11,3,33,0.9009009009009009,0.9375,0.0,0.0,5,3,0,0
19,0.28,False,0.9014342522675508,0.615,1.0,0.0,9,1,35,0.9054054054054054,0.9375,0.0,0.0,5,3,0,0
0,auto,True,0.8918443142053653,0.60375,1.0,0.0,43,35,0,0.8723897911832946,0.9439252336448598,0.03389830508474576,0.0,5,3,0,0
0,0.0,True,0.8992292994997985,0.61,1.0,0.0,27,19,25,0.888631090487239,0.9439252336448598,0.022598870056497175,0.0,5,3,0,0
0,0.08,True,0.8979626886498813,0.60625,0.9979381443298969,0.00125,24,16,36,0.8863109048723898,0.9439252336448598,0.005649717514124294,0.0,5,3,0,0
0,0.16,True,0.9001094867005887,0.60875,0.997946611909651,0.00125,19,11,43,0.8909512761020881,0.9439252336448598,0.005649717514124294,0.0,5,3,0,0
0,0.28,True,0.9021918808097749,0.60875,1.0,0.0,13,5,57,0.8955916473317865,0.9439252336448598,0.0,0.0,5,3,0,0
1,auto,True,0.8963817657346647,0.6075,1.0,0.0,32,24,0,0.8993135011441648,0.9361702127659575,0.031446540880503145,0.0,5,3,0,0
1,0.0,True,0.8995162059645236,0.60625,1.0,0.0,14,6,31,0.9061784897025171,0.9361702127659575,0.006289308176100629,0.0,5,3,0,0
1,0.08,True,0.8904308719649324,0.59625,1.0,0.0,16,8,35,0.8878718535469108,0.9361702127659575,0.006289308176100629,0.0,5,3,0,0
1,0.16,True,0.8961092057146769,0.6025,1.0,0.0,14,6,34,0.8993135011441648,0.9361702127659575,0.006289308176100629,0.0,5,3,0,0
1,0.28,True,0.8870238717150858,0.5925,1.0,0.0,12,4,46,0.8810068649885584,0.9361702127659575,0.006289308176100629,0.0,5,3,0,0
2,auto,True,0.8867557510148869,0.6125,1.0,0.0,41,33,0,0.8609865470852018,0.9439252336448598,0.03184713375796178,0.0,5,3,0,0
2,0.0,True,0.8927816305818694,0.61375,1.0,0.0,19,11,39,0.874439461883408,0.9439252336448598,0.0,0.0,5,3,0,0
2,0.08,True,0.8948959742895826,0.61625,1.0,0.0,13,5,47,0.8789237668161435,0.9439252336448598,0.0,0.0,5,3,0,0
2,0.16,True,0.893838802435726,0.615,1.0,0.0,13,5,48,0.8766816143497758,0.9439252336448598,0.0,0.0,5,3,0,0
2,0.28,True,0.901239005412722,0.62375,1.0,0.0,9,1,49,0.8923766816143498,0.9439252336448598,0.0,0.0,5,3,0,0
3,auto,True,0.8974634797013856,0.61125,1.0,0.0,38,30,0,0.8868360277136259,0.9433962264150944,0.030864197530864196,0.0,5,3,0,0
3,0.0,True,0.8971407671952003,0.605,1.0,0.0,19,11,36,0.8868360277136259,0.9433962264150944,0.0,0.0,5,3,0,0
3,0.08,True,0.8939136421333471,0.60125,1.0,0.0,19,11,39,0.8799076212471132,0.9433962264150944,0.0,0.0,5,3,0,0
3,0.16,True,0.892837933779396,0.6,1.0,0.0,17,9,44,0.8775981524249422,0.9433962264150944,0.0,0.0,5,3,0,0
3,0.28,True,0.8960650588412492,0.60375,1.0,0.0,13,5,49,0.8845265588914549,0.9433962264150944,0.0,0.0,5,3,0,0
4,auto,True,0.8807108281944189,0.58,1.0,0.0,44,36,0,0.8551068883610451,0.941747572815534,0.03867403314917127,0.0,4,3,1,0
4,0.0,True,0.8861702362796475,0.585,1.0,0.0,28,20,27,0.8669833729216152,0.941747572815534,0.03314917127071823,0.0,5,3,0,0
4,0.08,True,0.8850650929425565,0.58375,1.0,0.0,24,16,35,0.8646080760095012,0.941747572815534,0.03314917127071823,0.0,5,3,0,0
4,0.16,True,0.8905908096280106,0.59,1.0,0.0,20,12,39,0.8764845605700713,0.941747572815534,0.03314917127071823,0.0,5,3,0,0
4,0.28,True,0.8729085162345576,0.57,1.0,0.0,20,12,51,0.838479809976247,0.941747572815534,0.03314917127071823,0.0,5,3,0,0
5,auto,True,0.8945470282746695,0.62,1.0,0.0,43,35,0,0.868663594470046,0.9478260869565217,0.058823529411764705,0.01020408163265306,5,3,0,0
5,0.0,True,0.9021309042947837,0.6175,1.0,0.0,25,17,36,0.8870967741935484,0.9478260869565217,0.0,0.0,5,3,0,0
5,0.08,True,0.9083134119198765,0.625,1.0,0.0,13,5,56,0.9009216589861752,0.9478260869565217,0.0,0.0,5,3,0,0
5,0.16,True,0.9083134119198765,0.625,1.0,0.0,13,5,56,0.9009216589861752,0.9478260869565217,0.0,0.0,5,3,0,0
5,0.28,True,0.9124350836699383,0.63,1.0,0.0,9,1,60,0.9101382488479263,0.9478260869565217,0.0,0.0,5,3,0,0
6,auto,True,0.8867261784907293,0.57,1.0,0.0,38,30,0,0.8704156479217604,0.941747572815534,0.016304347826086956,0.0,5,3,0,0
6,0.0,True,0.8898807526232216,0.57,1.0,0.0,24,16,27,0.8777506112469438,0.941747572815534,0.0,0.0,5,3,0,0
6,0.08,True,0.8977112557889823,0.57875,1.0,0.0,16,8,35,0.8948655256723717,0.941747572815534,0.0,0.0,5,3,0,0
6,0.16,True,0.9033044723359541,0.585,1.0,0.0,10,2,42,0.9070904645476773,0.941747572815534,0.0,0.0,5,3,0,0
6,0.28,True,0.9033044723359541,0.585,1.0,0.0,10,2,42,0.9070904645476773,0.941747572815534,0.0,0.0,5,3,0,0
7,auto,True,0.8901547208298105,0.5875,1.0,0.0,37,29,0,0.8698795180722891,0.9444444444444444,0.03977272727272727,0.0,5,3,0,0
7,0.0,True,0.878979233122847,0.56875,1.0,0.0,31,23,28,0.8457831325301205,0.9444444444444444,0.011363636363636364,0.0,5,3,0,0
7,0.08,True,0.8777640344595655,0.565,1.0,0.0,24,16,44,0.8433734939759037,0.9444444444444444,0.0,0.0,5,3,0,0
7,0.16,True,0.8821040296855708,0.57,1.0,0.0,20,12,48,0.8530120481927711,0.9444444444444444,0.0,0.0,5,3,0,0
7,0.28,True,0.8994640105895918,0.59,1.0,0.0,14,6,47,0.891566265060241,0.9444444444444444,0.0,0.0,5,3,0,0
8,auto,True,0.8955223880597045,0.605,1.0,0.0,42,34,0,0.8794326241134752,0.9444444444444444,0.054945054945054944,0.0,5,3,0,0
8,0.0,True,0.9005190497727843,0.60375,1.0,0.0,25,17,29,0.8912529550827423,0.9444444444444444,0.02197802197802198,0.0,5,3,0,0
8,0.08,True,0.9017897525360243,0.60875,1.0,0.0,23,15,32,0.8936170212765957,0.9444444444444444,0.038461538461538464,0.0,4,3,1,0
8,0.16,True,0.9025435592599804,0.60375,1.0,0.0,19,11,41,0.8959810874704491,0.9444444444444444,0.01098901098901099,0.0,5,3,0,0
8,0.28,True,0.9078632809976127,0.60875,1.0,0.0,13,5,49,0.9078014184397163,0.9444444444444444,0.005494505494505495,0.0,5,3,0,0
9,auto,True,0.900560412463575,0.61125,1.0,0.0,26,18,0,0.9131455399061033,0.9292929292929293,0.047058823529411764,0.0,5,3,0,0
9,0.0,True,0.9047747141896455,0.61125,1.0,0.0,16,8,20,0.9225352112676056,0.9292929292929293,0.023529411764705882,0.0,5,3,0,0
9,0.08,True,0.909258013898231,0.61625,1.0,0.0,11,3,26,0.931924882629108,0.9292929292929293,0.023529411764705882,0.0,5,3,0,0
9,0.16,True,0.8969289396996208,0.6025,1.0,0.0,17,9,26,0.9061032863849765,0.9292929292929293,0.023529411764705882,0.0,5,3,0,0
9,0.28,True,0.8955391167899593,0.59625,1.0,0.0,15,7,34,0.903755868544601,0.9292929292929293,0.0,0.0,5,3,0,0
10,auto,True,0.8896130172725939,0.61375,1.0,0.0,36,28,0,0.8690744920993227,0.9433962264150944,0.033112582781456956,0.01,5,3,0,0
10,0.0,True,0.8957468106404298,0.61625,1.0,0.0,20,12,31,0.8826185101580135,0.9433962264150944,0.006622516556291391,0.01,5,3,0,0
10,0.08,True,0.8913807424445744,0.61,1.0,0.0,18,10,39,0.873589164785553,0.9433962264150944,0.006622516556291391,0.0,5,3,0,0
10,0.16,True,0.8924456371264904,0.61125,1.0,0.0,12,4,51,0.8758465011286681,0.9433962264150944,0.006622516556291391,0.0,5,3,0,0
10,0.28,True,0.8935105318084063,0.6125,1.0,0.0,10,2,54,0.8781038374717833,0.9433962264150944,0.006622516556291391,0.0,5,3,0,0
11,auto,True,0.8886826648033731,0.61125,1.0,0.0,39,31,0,0.8832951945080092,0.9313725490196079,0.05194805194805195,0.0,4,3,1,0
11,0.0,True,0.8938795117584138,0.6125,1.0,0.0,21,13,31,0.8947368421052632,0.9313725490196079,0.025974025974025976,0.0,5,3,0,0
11,0.08,True,0.8982466100399606,0.6175,1.0,0.0,15,7,39,0.9038901601830663,0.9313725490196079,0.025974025974025976,0.0,5,3,0,0
11,0.16,True,0.8949712863288005,0.61375,1.0,0.0,15,7,42,0.897025171624714,0.9313725490196079,0.025974025974025976,0.0,5,3,0,0
11,0.28,True,0.8916304561434173,0.60875,1.0,0.0,13,5,50,0.8901601830663616,0.9313725490196079,0.01948051948051948,0.0,5,3,0,0
12,auto,True,0.8813891446514177,0.57875,1.0,0.0,41,33,0,0.8741092636579573,0.9333333333333333,0.05670103092783505,0.0,5,3,0,0
12,0.0,True,0.8903368982694739,0.58,1.0,0.0,24,16,19,0.8931116389548693,0.9333333333333333,0.020618556701030927,0.0,5,3,0,0
12,0.08,True,0.8984583421866541,0.58625,1.0,0.0,18,10,28,0.9097387173396675,0.9333333333333333,0.010309278350515464,0.0,5,3,0,0
12,0.16,True,0.8879051868640392,0.57625,1.0,0.0,22,14,26,0.8883610451306413,0.9333333333333333,0.015463917525773196,0.0,5,3,0,0
12,0.28,True,0.9019288429303328,0.58875,1.0,0.0,12,4,38,0.9168646080760094,0.9333333333333333,0.005154639175257732,0.0,5,3,0,0
13,auto,True,0.90106853708964,0.6275,1.0,0.0,39,31,0,0.8628841607565012,0.9545454545454546,0.06832298136645963,0.0,5,3,0,0
13,0.0,True,0.9123722296292031,0.63625,1.0,0.0,22,14,23,0.8912529550827423,0.9545454545454546,0.037267080745341616,0.0,5,3,0,0
13,0.08,True,0.9133383571966871,0.6375,1.0,0.0,21,13,24,0.8936170212765957,0.9545454545454546,0.037267080745341616,0.0,5,3,0,0
13,0.16,True,0.9164686105153351,0.64625,1.0,0.0,17,9,31,0.900709219858156,0.9545454545454546,0.062111801242236024,0.0,5,3,0,0
13,0.28,True,0.904933047359576,0.6325,1.0,0.0,17,9,44,0.8723404255319149,0.9545454545454546,0.06832298136645963,0.0,5,3,0,0
14,auto,True,0.8843116235314729,0.59875,1.0,0.0,45,37,0,0.8723897911832946,0.9320388349514563,0.04046242774566474,0.0,5,3,0,0
14,0.0,True,0.9036076046292872,0.61375,1.0,0.0,17,9,48,0.91415313225058,0.9320388349514563,0.005780346820809248,0.0,4,3,1,0
14,0.08,True,0.9057297249994551,0.615,1.0,0.0,13,5,55,0.9187935034802784,0.9320388349514563,0.0,0.0,5,3,0,0
14,0.16,True,0.9057297249994551,0.615,1.0,0.0,12,4,57,0.9187935034802784,0.9320388349514563,0.0,0.0,5,3,0,0
14,0.28,True,0.909011354437859,0.61875,1.0,0.0,8,0,61,0.925754060324826,0.9320388349514563,0.0,0.0,5,3,0,0
15,auto,True,0.8908968788699317,0.5975,1.0,0.0,45,37,0,0.8588807785888077,0.9482758620689655,0.08064516129032258,0.0,5,3,0,0
15,0.0,True,0.8940452952165093,0.60125,1.0,0.0,24,16,38,0.8661800486618005,0.9482758620689655,0.08064516129032258,0.0,5,3,0,0
15,0.08,True,0.8898474067544058,0.59625,1.0,0.0,24,16,42,0.8564476885644768,0.9482758620689655,0.08064516129032258,0.0,5,3,0,0
15,0.16,True,0.8866989904078281,0.5925,1.0,0.0,22,14,50,0.8491484184914841,0.9482758620689655,0.08064516129032258,0.0,5,3,0,0
15,0.28,True,0.8931217597548464,0.6025,1.0,0.0,16,8,55,0.8637469586374696,0.9482758620689655,0.0913978494623656,0.0,5,3,0,0
16,auto,True,0.8873087928400876,0.5875,1.0,0.0,47,39,0,0.8615751789976134,0.944954128440367,0.03389830508474576,0.0,4,3,1,0
16,0.0,True,0.9009702889352664,0.5975,1.0,0.0,23,15,39,0.8926014319809069,0.944954128440367,0.005649717514124294,0.0,5,3,0,0
16,0.08,True,0.8998945805813153,0.59625,1.0,0.0,23,15,40,0.8902147971360382,0.944954128440367,0.005649717514124294,0.0,5,3,0,0
16,0.16,True,0.8998945805813153,0.59625,1.0,0.0,18,10,50,0.8902147971360382,0.944954128440367,0.005649717514124294,0.0,5,3,0,0
16,0.28,True,0.9052085798498337,0.60125,1.0,0.0,10,2,64,0.9021479713603818,0.944954128440367,0.0,0.0,5,3,0,0
17,auto,True,0.8907445754929347,0.6225,1.0,0.0,39,31,0,0.8859649122807017,0.9347826086956522,0.04819277108433735,0.0,4,3,1,0
17,0.0,True,0.8958989826235731,0.62,1.0,0.0,25,17,27,0.8969298245614035,0.9347826086956522,0.006024096385542169,0.0,5,3,0,0
17,0.08,True,0.8951111911407246,0.625,1.0,0.0,24,16,30,0.8947368421052632,0.9347826086956522,0.03614457831325301,0.0,5,3,0,0
17,0.16,True,0.8962366075447941,0.62625,1.0,0.0,20,12,35,0.8969298245614035,0.9347826086956522,0.03614457831325301,0.0,5,3,0,0
17,0.28,True,0.8928603583325855,0.6225,1.0,0.0,14,6,51,0.8903508771929824,0.9347826086956522,0.03614457831325301,0.0,5,3,0,0
18,auto,True,0.8686763843133752,0.555,1.0,0.0,54,46,0,0.8423645320197044,0.9313725490196079,0.030612244897959183,0.010416666666666666,4,3,0,1
18,0.0,True,0.8684733065571589,0.55125,1.0,0.0,36,28,35,0.8423645320197044,0.9313725490196079,0.015306122448979591,0.010416666666666666,5,3,0,0
18,0.08,True,0.8671420190441845,0.54625,1.0,0.0,27,19,64,0.8399014778325123,0.9313725490196079,0.0,0.010416666666666666,5,3,0,0
18,0.16,True,0.8693984385577005,0.54875,1.0,0.0,22,14,75,0.8448275862068966,0.9313725490196079,0.0,0.010416666666666666,5,3,0,0
18,0.28,True,0.8693984385577005,0.54875,1.0,0.0,14,6,91,0.8448275862068966,0.9313725490196079,0.0,0.010416666666666666,5,3,0,0
19,auto,True,0.8794960010723405,0.5975,1.0,0.0,41,33,0,0.8603603603603603,0.9375,0.03550295857988166,0.0,5,3,0,0
19,0.0,True,0.8903310844019504,0.60375,1.0,0.0,24,16,24,0.8828828828828829,0.9375,0.005917159763313609,0.0,5,3,0,0
19,0.08,True,0.8880970466020308,0.60125,1.0,0.0,24,16,25,0.8783783783783784,0.9375,0.005917159763313609,0.0,5,3,0,0
19,0.16,True,0.8905991689379408,0.60875,1.0,0.0,18,10,37,0.8828828828828829,0.9375,0.029585798816568046,0.0,5,3,0,0
19,0.28,True,0.8960502211697446,0.6125,1.0,0.0,13,5,47,0.8941441441441441,0.9375,0.01775147928994083,0.0,5,3,0,0
