hard_value,margin,utility_capture,utility_std,resolved_rate,address_precision,wrong_address_rate,writes,replacements,blocked,high_hit,critical_hit,junk_hit,distractor_hit,high_slots,critical_slots,junk_slots,distractor_slots
False,0.0,0.8987253447666192,0.010059697490832275,0.603,1.0,0.0,18.0,10.0,19.5,0.8939906912307961,0.9404245751864859,0.004352861491690271,0.0,5.0,3.0,0.0,0.0
False,0.08,0.8995285605384344,0.008370859886941553,0.6036875,1.0,0.0,14.7,6.7,25.4,0.8958390327041489,0.9404245751864859,0.0032197079220960233,0.0,5.0,3.0,0.0,0.0
False,0.16,0.8995717957855411,0.008031414697903963,0.6036875,1.0,0.0,12.3,4.3,30.1,0.8958150145650297,0.9404245751864859,0.0032197079220960233,0.0,5.0,3.0,0.0,0.0
False,0.28,0.901739526096692,0.007695328744139888,0.6065,1.0,0.0,10.55,2.55,31.45,0.9005684073496358,0.9404245751864859,0.004324680297786631,0.0,5.0,3.0,0.0,0.0
False,auto,0.8948759697249647,0.010208168643825472,0.6020000000000001,1.0,0.0,30.45,22.45,0.0,0.8853468554415436,0.9404245751864859,0.020359939133707466,0.0,4.9,3.0,0.1,0.0
True,0.0,0.8948392403092793,0.009589557304850935,0.6011875,1.0,0.0,23.2,15.2,30.65,0.8852159462843765,0.9404245751864859,0.016435660190473083,0.0010208333333333332,4.95,3.0,0.05,0.0
True,0.08,0.8952175379786486,0.01081161113071384,0.6014375,0.9998969072164948,6.25e-05,19.5,11.5,38.55,0.8860816278057021,0.9404245751864859,0.015780433284718773,0.0005208333333333333,4.95,3.0,0.05,0.0
True,0.16,0.895351444151155,0.01006705018187939,0.6018749999999999,0.9998973305954826,6.25e-05,17.0,9.0,43.75,0.8864438300337127,0.9404245751864859,0.017090206847362725,0.0005208333333333333,5.0,3.0,0.0,0.0
True,0.28,0.8967843943870374,0.010915490429475008,0.6028749999999999,1.0,0.0,12.75,4.75,51.95,0.8895387240127665,0.9404245751864859,0.0144903774292706,0.0005208333333333333,5.0,3.0,0.0,0.0
True,auto,0.8891427243453188,0.00781334163303616,0.5999375,1.0,0.0,40.5,32.5,0.0,0.872353417221164,0.9404245751864859,0.043151660454750336,0.0015310374149659863,4.75,3.0,0.2,0.05
