kind,T,address_accuracy,overlap_median,loop_winding_recovery
dropout35,1.6,1.0,0.9999629072502805,1.0
dropout35,2.4,1.0,0.9999993610403252,1.0
dropout35,3.2,1.0,0.9999999885478288,1.0
hard_mixed,1.6,0.9833333333333333,0.9999101420118597,0.9833333333333333
hard_mixed,2.4,0.9833333333333333,0.9999984557243402,0.9833333333333333
hard_mixed,3.2,0.9833333333333333,0.9999999723304254,0.9833333333333333
mixed,1.6,1.0,0.9999567443881987,1.0
mixed,2.4,1.0,0.9999992495903776,1.0
mixed,3.2,1.0,0.9999999865378311,1.0
phase_wipe,1.6,1.0,0.9999607943768337,1.0
phase_wipe,2.4,1.0,0.9999993200602997,1.0
phase_wipe,3.2,1.0,0.9999999878025334,1.0
