kind,T,correct_address,exact_loop_winding,overlap
phase_wipe,1.6,1,1,0.9999611021063721
phase_wipe,2.4,1,1,0.9999993253703078
phase_wipe,3.2,1,1,0.9999999878977259
dropout35,1.6,1,1,0.9999625967206871
dropout35,2.4,1,1,0.9999993558180461
dropout35,3.2,1,1,0.9999999884545266
mixed,1.6,1,1,0.999956758102929
mixed,2.4,1,1,0.9999992498234971
mixed,3.2,1,1,0.9999999865420014
hard_mixed,1.6,1,1,0.9999104957905302
hard_mixed,2.4,1,1,0.999998461444227
hard_mixed,3.2,1,1,0.9999999724320678
phase_wipe,1.6,1,1,0.9999612427045231
phase_wipe,2.4,1,1,0.9999993277968146
phase_wipe,3.2,1,1,0.9999999879412262
dropout35,1.6,1,1,0.9999623753042953
dropout35,2.4,1,1,0.9999993520990864
dropout35,3.2,1,1,0.9999999883880943
mixed,1.6,1,1,0.9999571529793191
mixed,2.4,1,1,0.9999992568036407
mixed,3.2,1,1,0.9999999866675287
hard_mixed,1.6,1,1,0.9999104523162266
hard_mixed,2.4,1,1,0.9999984606586712
hard_mixed,3.2,1,1,0.9999999724179042
phase_wipe,1.6,1,1,0.9999607943768337
phase_wipe,2.4,1,1,0.9999993200602997
phase_wipe,3.2,1,1,0.9999999878025334
dropout35,1.6,1,1,0.9999628363954294
dropout35,2.4,1,1,0.9999993598480923
dropout35,3.2,1,1,0.9999999885265268
mixed,1.6,1,1,0.9999541857803599
mixed,2.4,1,1,0.9999992053260119
mixed,3.2,1,1,0.9999999857440353
hard_mixed,1.6,1,1,0.9999081385409679
hard_mixed,2.4,1,1,0.9999984208189592
hard_mixed,3.2,1,1,0.9999999717039108
phase_wipe,1.6,1,1,0.9999588195249323
phase_wipe,2.4,1,1,0.9999992858707131
phase_wipe,3.2,1,1,0.999999987189347
dropout35,1.6,1,1,0.9999620060159
dropout35,2.4,1,1,0.999999345906112
dropout35,3.2,1,1,0.9999999882774927
mixed,1.6,1,1,0.9999538657359756
mixed,2.4,1,1,0.9999992000084166
mixed,3.2,1,1,0.999999985649192
hard_mixed,1.6,1,1,0.9999093511525147
hard_mixed,2.4,1,1,0.9999984423029591
hard_mixed,3.2,1,1,0.9999999720903495
phase_wipe,1.6,1,1,0.999962014815189
phase_wipe,2.4,1,1,0.9999993411657452
phase_wipe,3.2,1,1,0.9999999881810012
dropout35,1.6,1,1,0.9999632538544747
dropout35,2.4,1,1,0.9999993668774403
dropout35,3.2,1,1,0.9999999886521344
mixed,1.6,1,1,0.9999557192240277
mixed,2.4,1,1,0.9999992317874182
mixed,3.2,1,1,0.9999999862184105
hard_mixed,1.6,1,1,0.9999090691541923
hard_mixed,2.4,1,1,0.9999984363403669
hard_mixed,3.2,1,1,0.9999999719809012
phase_wipe,1.6,1,1,0.9999593715943956
phase_wipe,2.4,1,1,0.9999992954017127
phase_wipe,3.2,1,1,0.9999999873602208
dropout35,1.6,1,1,0.999963299406116
dropout35,2.4,1,1,0.9999993676451653
dropout35,3.2,1,1,0.9999999886658548
mixed,1.6,1,1,0.9999562145566783
mixed,2.4,1,1,0.9999992404236673
mixed,3.2,1,1,0.9999999863734428
hard_mixed,1.6,1,1,0.9999104962123183
hard_mixed,2.4,1,1,0.9999984613051601
hard_mixed,3.2,1,1,0.9999999724292313
phase_wipe,1.6,1,1,0.9999282289333685
phase_wipe,2.4,1,1,0.9999987602336231
phase_wipe,3.2,1,1,0.9999999777715388
dropout35,1.6,1,1,0.999962892731873
dropout35,2.4,1,1,0.9999993607959964
dropout35,3.2,1,1,0.9999999885434631
mixed,1.6,1,1,0.9999487880373611
mixed,2.4,1,1,0.9999991125189842
mixed,3.2,1,1,0.9999999840810799
hard_mixed,1.6,1,1,0.9999047767982101
hard_mixed,2.4,1,1,0.9999983662920059
hard_mixed,3.2,1,1,0.9999999707345316
phase_wipe,1.6,1,1,0.999961886157682
phase_wipe,2.4,1,1,0.9999993389457954
phase_wipe,3.2,1,1,0.9999999881412044
dropout35,1.6,1,1,0.9999626087705751
dropout35,2.4,1,1,0.9999993560205547
dropout35,3.2,1,1,0.9999999884581449
mixed,1.6,1,1,0.9999585051195689
mixed,2.4,1,1,0.9999992800299816
mixed,3.2,1,1,0.9999999870836573
hard_mixed,1.6,1,1,0.9999109299279381
hard_mixed,2.4,1,1,0.9999984688084849
hard_mixed,3.2,1,1,0.9999999725637881
phase_wipe,1.6,1,1,0.999961886157682
phase_wipe,2.4,1,1,0.9999993389457954
phase_wipe,3.2,1,1,0.9999999881412044
dropout35,1.6,1,1,0.9999623603487404
dropout35,2.4,1,1,0.9999993518480397
dropout35,3.2,1,1,0.9999999883836111
mixed,1.6,1,1,0.9999597132095434
mixed,2.4,1,1,0.9999993008467081
mixed,3.2,1,1,0.9999999874567682
hard_mixed,1.6,1,1,0.9999089308418093
hard_mixed,2.4,1,1,0.9999984341940474
hard_mixed,3.2,1,1,0.9999999719429863
phase_wipe,1.6,1,1,0.9999588195249323
phase_wipe,2.4,1,1,0.9999992858707131
phase_wipe,3.2,1,1,0.999999987189347
dropout35,1.6,1,1,0.9999632689636139
dropout35,2.4,1,1,0.9999993671320739
dropout35,3.2,1,1,0.999999988656685
mixed,1.6,1,1,0.9999555155328261
mixed,2.4,1,1,0.9999992286694224
mixed,3.2,1,1,0.9999999861634532
hard_mixed,1.6,1,1,0.9999111992171582
hard_mixed,2.4,1,1,0.9999984732945596
hard_mixed,3.2,1,1,0.9999999726438324
phase_wipe,1.6,1,1,0.9999611021063721
phase_wipe,2.4,1,1,0.9999993253703078
phase_wipe,3.2,1,1,0.9999999878977259
dropout35,1.6,1,1,0.9999633891690951
dropout35,2.4,1,1,0.999999369158411
dropout35,3.2,1,1,0.9999999886928985
mixed,1.6,1,1,0.9999582837826893
mixed,2.4,1,1,0.9999992762900991
mixed,3.2,1,1,0.9999999870168005
hard_mixed,1.6,1,1,0.999910066276024
hard_mixed,2.4,1,1,0.9999984543428142
hard_mixed,3.2,1,1,0.9999999723054857
phase_wipe,1.6,1,1,0.9999593715943956
phase_wipe,2.4,1,1,0.9999992954017127
phase_wipe,3.2,1,1,0.9999999873602208
dropout35,1.6,1,1,0.9999624842675408
dropout35,2.4,1,1,0.9999993539287483
dropout35,3.2,1,1,0.9999999884207774
mixed,1.6,1,1,0.9999557992428797
mixed,2.4,1,1,0.999999233400073
mixed,3.2,1,1,0.9999999862478693
hard_mixed,1.6,1,1,0.9999132624748166
hard_mixed,2.4,1,1,0.9999985098515218
hard_mixed,3.2,1,1,0.9999999733014054
phase_wipe,1.6,1,1,0.9999607943768337
phase_wipe,2.4,1,1,0.9999993200602997
phase_wipe,3.2,1,1,0.9999999878025334
dropout35,1.6,1,1,0.9999623440489647
dropout35,2.4,1,1,0.9999993515744505
dropout35,3.2,1,1,0.9999999883787242
mixed,1.6,1,1,0.9999583958817454
mixed,2.4,1,1,0.9999992780747755
mixed,3.2,1,1,0.999999987048439
hard_mixed,1.6,1,1,0.9999128744492864
hard_mixed,2.4,1,1,0.9999985023414143
hard_mixed,3.2,1,1,0.9999999731648755
phase_wipe,1.6,1,1,0.9999282289333685
phase_wipe,2.4,1,1,0.9999987602336231
phase_wipe,3.2,1,1,0.9999999777715388
dropout35,1.6,1,1,0.9999619096451002
dropout35,2.4,1,1,0.9999993442921553
dropout35,3.2,1,1,0.9999999882486741
mixed,1.6,1,1,0.9999508881308563
mixed,2.4,1,1,0.9999991488133778
mixed,3.2,1,1,0.9999999847318612
hard_mixed,1.6,1,1,0.9999052816399785
hard_mixed,2.4,1,1,0.9999983751892197
hard_mixed,3.2,1,1,0.9999999708944618
phase_wipe,1.6,1,1,0.999962014815189
phase_wipe,2.4,1,1,0.9999993411657452
phase_wipe,3.2,1,1,0.9999999881810012
dropout35,1.6,1,1,0.9999628105359253
dropout35,2.4,1,1,0.9999993594130643
dropout35,3.2,1,1,0.9999999885187544
mixed,1.6,1,1,0.9999569588782594
mixed,2.4,1,1,0.9999992535291976
mixed,3.2,1,1,0.999999986609006
hard_mixed,1.6,1,1,0.9999113247852222
hard_mixed,2.4,1,1,0.9999984759331645
hard_mixed,3.2,1,1,0.9999999726922366
phase_wipe,1.6,1,1,0.9999612427045231
phase_wipe,2.4,1,1,0.9999993277968146
phase_wipe,3.2,1,1,0.9999999879412262
dropout35,1.6,1,1,0.9999637328258333
dropout35,2.4,1,1,0.9999993749563783
dropout35,3.2,1,1,0.9999999887965296
mixed,1.6,1,1,0.9999558214099011
mixed,2.4,1,1,0.9999992336246283
mixed,3.2,1,1,0.9999999862515205
hard_mixed,1.6,1,1,0.9999080512845039
hard_mixed,2.4,1,1,0.9999984188281497
hard_mixed,3.2,1,1,0.9999999716670862
phase_wipe,1.6,1,1,0.9999611021063721
phase_wipe,2.4,1,1,0.9999993253703078
phase_wipe,3.2,1,1,0.9999999878977259
dropout35,1.6,1,1,0.999962212550184
dropout35,2.4,1,1,0.9999993493681291
dropout35,3.2,1,1,0.9999999883393175
mixed,1.6,1,1,0.9999583363834261
mixed,2.4,1,1,0.9999992771600498
mixed,3.2,1,1,0.9999999870323064
hard_mixed,1.6,1,1,0.9999132338896827
hard_mixed,2.4,1,1,0.9999985088917697
hard_mixed,3.2,1,1,0.9999999732831123
phase_wipe,1.6,1,1,0.9999612427045231
phase_wipe,2.4,1,1,0.9999993277968146
phase_wipe,3.2,1,1,0.9999999879412262
dropout35,1.6,1,1,0.999964109702533
dropout35,2.4,1,1,0.9999993813224765
dropout35,3.2,1,1,0.9999999889103335
mixed,1.6,1,1,0.99995542093884
mixed,2.4,1,1,0.9999992267047935
mixed,3.2,1,1,0.9999999861274461
hard_mixed,1.6,1,1,0.9999077352588848
hard_mixed,2.4,1,1,0.999998414230544
hard_mixed,3.2,1,1,0.9999999715866627
phase_wipe,1.6,1,1,0.9999607943768337
phase_wipe,2.4,1,1,0.9999993200602997
phase_wipe,3.2,1,1,0.9999999878025334
dropout35,1.6,1,1,0.9999632420140595
dropout35,2.4,1,1,0.9999993666779039
dropout35,3.2,1,1,0.9999999886485684
mixed,1.6,1,1,0.9999572889578758
mixed,2.4,1,1,0.9999992590151104
mixed,3.2,1,1,0.999999986706854
hard_mixed,1.6,1,1,0.9999068569144101
hard_mixed,2.4,1,1,0.9999983988002751
hard_mixed,3.2,1,1,0.9999999713094099
phase_wipe,1.6,1,1,0.9999282289333685
phase_wipe,2.4,1,1,0.9999987602336231
phase_wipe,3.2,1,1,0.9999999777715388
dropout35,1.6,1,1,0.9999615733175102
dropout35,2.4,1,1,0.9999993386675322
dropout35,3.2,1,1,0.9999999881482593
mixed,1.6,1,1,0.9999500440638863
mixed,2.4,1,1,0.9999991340901644
mixed,3.2,1,1,0.9999999844675429
hard_mixed,1.6,1,1,0.9999037295535885
hard_mixed,2.4,1,1,0.9999983477747496
hard_mixed,3.2,1,1,0.9999999704015392
phase_wipe,1.6,1,1,0.9999592009768311
phase_wipe,2.4,1,1,0.9999992924560137
phase_wipe,3.2,1,1,0.9999999873074098
dropout35,1.6,1,1,0.9999625528960002
dropout35,2.4,1,1,0.9999993550816363
dropout35,3.2,1,1,0.9999999884413721
mixed,1.6,1,1,0.9999552575072231
mixed,2.4,1,1,0.9999992237728001
mixed,3.2,1,1,0.9999999860746193
hard_mixed,1.6,1,1,0.9999096166578727
hard_mixed,2.4,1,1,0.9999984460960206
hard_mixed,3.2,1,1,0.9999999721565069
phase_wipe,1.6,1,1,0.999961886157682
phase_wipe,2.4,1,1,0.9999993389457954
phase_wipe,3.2,1,1,0.9999999881412044
dropout35,1.6,1,1,0.9999625246975629
dropout35,2.4,1,1,0.999999354607884
dropout35,3.2,1,1,0.9999999884329086
mixed,1.6,1,1,0.9999562772204137
mixed,2.4,1,1,0.9999992416221101
mixed,3.2,1,1,0.9999999863952059
hard_mixed,1.6,1,1,0.9999082960531385
hard_mixed,2.4,1,1,0.9999984242946851
hard_mixed,3.2,1,1,0.9999999717679828
phase_wipe,1.6,1,1,0.999962014815189
phase_wipe,2.4,1,1,0.9999993411657452
phase_wipe,3.2,1,1,0.9999999881810012
dropout35,1.6,1,1,0.9999632655048178
dropout35,2.4,1,1,0.999999367073782
dropout35,3.2,1,1,0.9999999886556438
mixed,1.6,1,1,0.9999570324973771
mixed,2.4,1,1,0.9999992546132644
mixed,3.2,1,1,0.9999999866279986
hard_mixed,1.6,1,1,0.9999129007474022
hard_mixed,2.4,1,1,0.99999850244437
hard_mixed,3.2,1,1,0.9999999731659015
phase_wipe,1.6,1,1,0.9999588195249323
phase_wipe,2.4,1,1,0.9999992858707131
phase_wipe,3.2,1,1,0.999999987189347
dropout35,1.6,1,1,0.9999630185334444
dropout35,2.4,1,1,0.9999993629135273
dropout35,3.2,1,1,0.9999999885812998
mixed,1.6,1,1,0.9999584152765334
mixed,2.4,1,1,0.9999992786429335
mixed,3.2,1,1,0.9999999870591781
hard_mixed,1.6,1,1,0.9999127883541897
hard_mixed,2.4,1,1,0.9999985007697403
hard_mixed,3.2,1,1,0.9999999731364981
phase_wipe,1.6,1,1,0.9999588195249323
phase_wipe,2.4,1,1,0.9999992858707131
phase_wipe,3.2,1,1,0.999999987189347
dropout35,1.6,1,1,0.9999624136490128
dropout35,2.4,1,1,0.9999993527428384
dropout35,3.2,1,1,0.9999999883995938
mixed,1.6,1,1,0.9999563503569189
mixed,2.4,1,1,0.9999992428304042
mixed,3.2,1,1,0.9999999864167382
hard_mixed,1.6,1,1,0.9999108734789663
hard_mixed,2.4,1,1,0.9999984668027153
hard_mixed,3.2,1,1,0.9999999725254212
phase_wipe,1.6,1,1,0.9999611021063721
phase_wipe,2.4,1,1,0.9999993253703078
phase_wipe,3.2,1,1,0.9999999878977259
dropout35,1.6,1,1,0.9999629590525863
dropout35,2.4,1,1,0.9999993619121867
dropout35,3.2,1,1,0.9999999885634064
mixed,1.6,1,1,0.9999595473171684
mixed,2.4,1,1,0.9999992981690741
mixed,3.2,1,1,0.9999999874092036
hard_mixed,1.6,1,1,0.999908562751178
hard_mixed,2.4,1,1,0.9999984293789725
hard_mixed,3.2,1,1,0.9999999718602514
phase_wipe,1.6,1,1,0.9999592009768311
phase_wipe,2.4,1,1,0.9999992924560137
phase_wipe,3.2,1,1,0.9999999873074098
dropout35,1.6,1,1,0.9999632928433132
dropout35,2.4,1,1,0.9999993675345479
dropout35,3.2,1,1,0.9999999886638774
mixed,1.6,1,1,0.9999562545174447
mixed,2.4,1,1,0.9999992413262531
mixed,3.2,1,1,0.9999999863901274
hard_mixed,1.6,1,1,0.9999088916271341
hard_mixed,2.4,1,1,0.9999984348681525
hard_mixed,3.2,1,1,0.9999999719582199
phase_wipe,1.6,1,1,0.9999612427045231
phase_wipe,2.4,1,1,0.9999993277968146
phase_wipe,3.2,1,1,0.9999999879412262
dropout35,1.6,1,1,0.9999632564906904
dropout35,2.4,1,1,0.9999993669218663
dropout35,3.2,1,1,0.9999999886529272
mixed,1.6,1,1,0.9999580182873259
mixed,2.4,1,1,0.9999992717108102
mixed,3.2,1,1,0.9999999869347117
hard_mixed,1.6,1,1,0.9999068307260861
hard_mixed,2.4,1,1,0.9999983992059804
hard_mixed,3.2,1,1,0.9999999713186817
phase_wipe,1.6,1,1,0.999961886157682
phase_wipe,2.4,1,1,0.9999993389457954
phase_wipe,3.2,1,1,0.9999999881412044
dropout35,1.6,1,1,0.9999632602144926
dropout35,2.4,1,1,0.9999993669846233
dropout35,3.2,1,1,0.9999999886540497
mixed,1.6,1,1,0.9999575734055115
mixed,2.4,1,1,0.9999992638702199
mixed,3.2,1,1,0.9999999867937657
hard_mixed,1.6,1,1,0.9999133482008445
hard_mixed,2.4,1,1,0.999998510656975
hard_mixed,3.2,1,1,0.9999999733142725
phase_wipe,1.6,1,1,0.9999607943768337
phase_wipe,2.4,1,1,0.9999993200602997
phase_wipe,3.2,1,1,0.9999999878025334
dropout35,1.6,1,1,0.9999628052999576
dropout35,2.4,1,1,0.9999993593249864
dropout35,3.2,1,1,0.9999999885171804
mixed,1.6,1,1,0.9999576915428853
mixed,2.4,1,1,0.9999992660437973
mixed,3.2,1,1,0.9999999868330516
hard_mixed,1.6,1,1,0.9999119568386868
hard_mixed,2.4,1,1,0.999998485914515
hard_mixed,3.2,1,1,0.9999999728690122
phase_wipe,1.6,1,1,0.9999282289333685
phase_wipe,2.4,1,1,0.9999987602336231
phase_wipe,3.2,1,1,0.9999999777715388
dropout35,1.6,1,1,0.9999619748903569
dropout35,2.4,1,1,0.9999993453847368
dropout35,3.2,1,1,0.999999988268183
mixed,1.6,1,1,0.9999498535274448
mixed,2.4,1,1,0.999999130830003
mixed,3.2,1,1,0.9999999844091644
hard_mixed,1.6,1,1,0.9999046851113722
hard_mixed,2.4,1,1,0.9999983645227645
hard_mixed,3.2,1,1,0.9999999707023847
phase_wipe,1.6,1,1,0.999962014815189
phase_wipe,2.4,1,1,0.9999993411657452
phase_wipe,3.2,1,1,0.9999999881810012
dropout35,1.6,1,1,0.9999638303528414
dropout35,2.4,1,1,0.9999993766030388
dropout35,3.2,1,1,0.9999999888259656
mixed,1.6,1,1,0.9999566166110927
mixed,2.4,1,1,0.9999992473835141
mixed,3.2,1,1,0.9999999864982645
hard_mixed,1.6,1,1,0.9999108927332983
hard_mixed,2.4,1,1,0.9999984679782613
hard_mixed,3.2,1,1,0.9999999725484644
phase_wipe,1.6,1,1,0.9999592009768311
phase_wipe,2.4,1,1,0.9999992924560137
phase_wipe,3.2,1,1,0.9999999873074098
dropout35,1.6,1,1,0.9999630969660737
dropout35,2.4,1,1,0.9999993642342884
dropout35,3.2,1,1,0.9999999886049006
mixed,1.6,1,1,0.9999583392994433
mixed,2.4,1,1,0.9999992771502472
mixed,3.2,1,1,0.9999999870319878
hard_mixed,1.6,1,1,0.9999100982546049
hard_mixed,2.4,1,1,0.9999984545989377
hard_mixed,3.2,1,1,0.9999999723093858
phase_wipe,1.6,1,1,0.9999611021063721
phase_wipe,2.4,1,1,0.9999993253703078
phase_wipe,3.2,1,1,0.9999999878977259
dropout35,1.6,1,1,0.9999634284959448
dropout35,2.4,1,1,0.9999993698215511
dropout35,3.2,1,1,0.9999999887047506
mixed,1.6,1,1,0.9999558219803114
mixed,2.4,1,1,0.9999992336748679
mixed,3.2,1,1,0.9999999862525168
hard_mixed,1.6,1,1,0.9999090226619968
hard_mixed,2.4,1,1,0.9999984369929746
hard_mixed,3.2,1,1,0.9999999719959951
phase_wipe,1.6,1,1,0.999962014815189
phase_wipe,2.4,1,1,0.9999993411657452
phase_wipe,3.2,1,1,0.9999999881810012
dropout35,1.6,1,1,0.99996433767081
dropout35,2.4,1,1,0.9999993851768477
dropout35,3.2,1,1,0.9999999889792464
mixed,1.6,1,1,0.9999560446398614
mixed,2.4,1,1,0.9999992375154526
mixed,3.2,1,1,0.9999999863213638
hard_mixed,1.6,1,1,0.9999091007123944
hard_mixed,2.4,1,1,0.9999984381507999
hard_mixed,3.2,1,1,0.9999999720163101
phase_wipe,1.6,1,1,0.999961886157682
phase_wipe,2.4,1,1,0.9999993389457954
phase_wipe,3.2,1,1,0.9999999881412044
dropout35,1.6,1,1,0.9999641478195316
dropout35,2.4,1,1,0.999999381966758
dropout35,3.2,1,1,0.9999999889218533
mixed,1.6,1,1,0.9999574160621197
mixed,2.4,1,1,0.9999992608761453
mixed,3.2,1,1,0.9999999867394289
hard_mixed,1.6,1,1,0.9999091981817444
hard_mixed,2.4,1,1,0.9999984389131372
hard_mixed,3.2,1,1,0.999999972027833
phase_wipe,1.6,1,1,0.9999593715943956
phase_wipe,2.4,1,1,0.9999992954017127
phase_wipe,3.2,1,1,0.9999999873602208
dropout35,1.6,1,1,0.9999618835156286
dropout35,2.4,1,1,0.9999993438547224
dropout35,3.2,1,1,0.9999999882408637
mixed,1.6,1,1,0.9999569779576322
mixed,2.4,1,1,0.9999992536247689
mixed,3.2,1,1,0.999999986610165
hard_mixed,1.6,1,1,0.9999086843897388
hard_mixed,2.4,1,1,0.9999984308613888
hard_mixed,3.2,1,1,0.9999999718853879
phase_wipe,1.6,1,1,0.9999612427045231
phase_wipe,2.4,1,1,0.9999993277968146
phase_wipe,3.2,1,1,0.9999999879412262
dropout35,1.6,1,1,0.9999634485416641
dropout35,2.4,1,1,0.9999993701596038
dropout35,3.2,1,1,0.9999999887107921
mixed,1.6,1,1,0.9999562264581994
mixed,2.4,1,1,0.9999992407446309
mixed,3.2,1,1,0.9999999863794702
hard_mixed,1.6,1,1,0.9999134488998863
hard_mixed,2.4,1,1,0.9999985125532781
hard_mixed,3.2,1,1,0.9999999733486425
phase_wipe,1.6,1,1,0.9999607943768337
phase_wipe,2.4,1,1,0.9999993200602997
phase_wipe,3.2,1,1,0.9999999878025334
dropout35,1.6,1,1,0.9999628694298247
dropout35,2.4,1,1,0.9999993604038937
dropout35,3.2,1,1,0.9999999885364571
mixed,1.6,1,1,0.999958801061862
mixed,2.4,1,1,0.9999992852761767
mixed,3.2,1,1,0.999999987178036
hard_mixed,1.6,1,1,0.9999090289504832
hard_mixed,2.4,1,1,0.9999984346282614
hard_mixed,3.2,1,1,0.9999999719478307
phase_wipe,1.6,1,1,0.9999282289333685
phase_wipe,2.4,1,1,0.9999987602336231
phase_wipe,3.2,1,1,0.9999999777715388
dropout35,1.6,1,1,0.9999628039642463
dropout35,2.4,1,1,0.9999993593025188
dropout35,3.2,1,1,0.9999999885167793
mixed,1.6,1,1,0.9999471495559138
mixed,2.4,1,1,0.9999990843498859
mixed,3.2,1,1,0.9999999835763415
hard_mixed,1.6,1,1,0.9999024392675419
hard_mixed,2.4,1,1,0.999998325879948
hard_mixed,3.2,1,1,0.9999999700099022
phase_wipe,1.6,1,1,0.9999611021063721
phase_wipe,2.4,1,1,0.9999993253703078
phase_wipe,3.2,1,1,0.9999999878977259
dropout35,1.6,1,1,0.9999625806904016
dropout35,2.4,1,1,0.9999993555486625
dropout35,3.2,1,1,0.9999999884497144
mixed,1.6,1,1,0.9999573095480131
mixed,2.4,1,1,0.999999259536875
mixed,3.2,1,1,0.9999999867166026
hard_mixed,1.6,1,1,0.9999068355328742
hard_mixed,2.4,1,1,0.9999983980419149
hard_mixed,3.2,1,1,0.9999999712949064
phase_wipe,1.6,1,1,0.999961886157682
phase_wipe,2.4,1,1,0.9999993389457954
phase_wipe,3.2,1,1,0.9999999881412044
dropout35,1.6,1,1,0.9999629581652533
dropout35,2.4,1,1,0.9999993618972511
dropout35,3.2,1,1,0.99999998856314
mixed,1.6,1,1,0.9999566541993509
mixed,2.4,1,1,0.9999992482222217
mixed,3.2,1,1,0.9999999865137499
hard_mixed,1.6,1,1,0.9999082829613724
hard_mixed,2.4,1,1,0.9999984234976034
hard_mixed,3.2,1,1,0.9999999717523644
phase_wipe,1.6,1,1,0.9999588195249323
phase_wipe,2.4,1,1,0.9999992858707131
phase_wipe,3.2,1,1,0.999999987189347
dropout35,1.6,1,1,0.9999633152767308
dropout35,2.4,1,1,0.9999993679126792
dropout35,3.2,1,1,0.999999988670636
mixed,1.6,1,1,0.9999563467039174
mixed,2.4,1,1,0.9999992428620909
mixed,3.2,1,1,0.9999999864175307
hard_mixed,1.6,1,1,0.9999143225338833
hard_mixed,2.4,1,1,0.9999985273843526
hard_mixed,3.2,1,1,0.9999999736139416
phase_wipe,1.6,1,1,0.9999607943768337
phase_wipe,2.4,1,1,0.9999993200602997
phase_wipe,3.2,1,1,0.9999999878025334
dropout35,1.6,1,1,0.99996382465135
dropout35,2.4,1,1,0.9999993765067595
dropout35,3.2,1,1,0.999999988824244
mixed,1.6,1,1,0.9999568321614848
mixed,2.4,1,1,0.9999992508703628
mixed,3.2,1,1,0.9999999865602217
hard_mixed,1.6,1,1,0.9999094310550147
hard_mixed,2.4,1,1,0.9999984429197538
hard_mixed,3.2,1,1,0.9999999720996304
phase_wipe,1.6,1,1,0.9999592009768311
phase_wipe,2.4,1,1,0.9999992924560137
phase_wipe,3.2,1,1,0.9999999873074098
dropout35,1.6,1,1,0.9999636737758999
dropout35,2.4,1,1,0.9999993739596321
dropout35,3.2,1,1,0.9999999887787135
mixed,1.6,1,1,0.9999558302963322
mixed,2.4,1,1,0.9999992339107753
mixed,3.2,1,1,0.9999999862569648
hard_mixed,1.6,1,1,0.9999105649218624
hard_mixed,2.4,1,1,0.9999984622454405
hard_mixed,3.2,1,1,0.9999999724455151
phase_wipe,1.6,1,1,0.9999282289333685
phase_wipe,2.4,1,1,0.9999987602336231
phase_wipe,3.2,1,1,0.9999999777715388
dropout35,1.6,1,1,0.9999623231258459
dropout35,2.4,1,1,0.9999993512232933
dropout35,3.2,1,1,0.9999999883724522
mixed,1.6,1,1,0.9999488497650041
mixed,2.4,1,1,0.9999991137189297
mixed,3.2,1,1,0.9999999841029115
hard_mixed,1.6,1,1,0.9999043225088176
hard_mixed,2.4,1,1,0.9999983576987421
hard_mixed,3.2,1,1,0.9999999705787319
phase_wipe,1.6,1,1,0.999962014815189
phase_wipe,2.4,1,1,0.9999993411657452
phase_wipe,3.2,1,1,0.9999999881810012
dropout35,1.6,1,1,0.9999625889621647
dropout35,2.4,1,1,0.9999993556876647
dropout35,3.2,1,1,0.999999988452198
mixed,1.6,1,1,0.9999586713787169
mixed,2.4,1,1,0.9999992829141003
mixed,3.2,1,1,0.9999999871353967
hard_mixed,1.6,1,1,0.9999121006064033
hard_mixed,2.4,1,1,0.9999984894346147
hard_mixed,3.2,1,1,0.9999999729345389
phase_wipe,1.6,1,1,0.9999612427045231
phase_wipe,2.4,1,1,0.9999993277968146
phase_wipe,3.2,1,1,0.9999999879412262
dropout35,1.6,1,1,0.9999633548987817
dropout35,2.4,1,1,0.9999993685806136
dropout35,3.2,1,1,0.9999999886825719
mixed,1.6,1,1,0.9999576778440215
mixed,2.4,1,1,0.9999992658798607
mixed,3.2,1,1,0.9999999868302839
hard_mixed,1.6,1,1,0.9999119175378763
hard_mixed,2.4,1,1,0.9999984854947861
hard_mixed,3.2,1,1,0.9999999728620893
phase_wipe,1.6,1,1,0.9999611021063721
phase_wipe,2.4,1,1,0.9999993253703078
phase_wipe,3.2,1,1,0.9999999878977259
dropout35,1.6,1,1,0.9999632987370939
dropout35,2.4,1,1,0.9999993676338884
dropout35,3.2,1,1,0.9999999886656529
mixed,1.6,1,1,0.9999582726466462
mixed,2.4,1,1,0.9999992759981357
mixed,3.2,1,1,0.99999998701133
hard_mixed,1.6,1,1,0.999912249268323
hard_mixed,2.4,1,1,0.9999984911307741
hard_mixed,3.2,1,1,0.9999999729629181
phase_wipe,1.6,1,1,0.9999607943768337
phase_wipe,2.4,1,1,0.9999993200602997
phase_wipe,3.2,1,1,0.9999999878025334
dropout35,1.6,1,1,0.999962737995322
dropout35,2.4,1,1,0.9999993581929973
dropout35,3.2,1,1,0.9999999884969558
mixed,1.6,1,1,0.9999588171963673
mixed,2.4,1,1,0.9999992855084647
mixed,3.2,1,1,0.9999999871820914
hard_mixed,1.6,1,1,0.9999110691465928
hard_mixed,2.4,1,1,0.999998470707169
hard_mixed,3.2,1,1,0.9999999725966484
phase_wipe,1.6,1,1,0.999962014815189
phase_wipe,2.4,1,1,0.9999993411657452
phase_wipe,3.2,1,1,0.9999999881810012
dropout35,1.6,1,1,0.9999621405362137
dropout35,2.4,1,1,0.9999993481605339
dropout35,3.2,1,1,0.9999999883177516
mixed,1.6,1,1,0.9999568304758144
mixed,2.4,1,1,0.9999992512734016
mixed,3.2,1,1,0.9999999865684706
hard_mixed,1.6,1,1,0.9999105322845343
hard_mixed,2.4,1,1,0.9999984621794126
hard_mixed,3.2,1,1,0.9999999724454928
phase_wipe,1.6,1,1,0.9999592009768311
phase_wipe,2.4,1,1,0.9999992924560137
phase_wipe,3.2,1,1,0.9999999873074098
dropout35,1.6,1,1,0.9999637077219522
dropout35,2.4,1,1,0.999999374532608
dropout35,3.2,1,1,0.9999999887889556
mixed,1.6,1,1,0.99995767943624
mixed,2.4,1,1,0.9999992658809795
mixed,3.2,1,1,0.9999999868302414
hard_mixed,1.6,1,1,0.9999056431220107
hard_mixed,2.4,1,1,0.9999983782052926
hard_mixed,3.2,1,1,0.9999999709410247
phase_wipe,1.6,1,1,0.9999588195249323
phase_wipe,2.4,1,1,0.9999992858707131
phase_wipe,3.2,1,1,0.999999987189347
dropout35,1.6,1,1,0.9999625550784079
dropout35,2.4,1,1,0.9999993551183044
dropout35,3.2,1,1,0.999999988442027
mixed,1.6,1,1,0.9999590642346445
mixed,2.4,1,1,0.9999992896874436
mixed,3.2,1,1,0.9999999872568085
hard_mixed,1.6,1,1,0.9999119580822413
hard_mixed,2.4,1,1,0.9999984861658205
hard_mixed,3.2,1,1,0.999999972874051
phase_wipe,1.6,1,1,0.9999593715943956
phase_wipe,2.4,1,1,0.9999992954017127
phase_wipe,3.2,1,1,0.9999999873602208
dropout35,1.6,1,1,0.9999627748357999
dropout35,2.4,1,1,0.9999993588125713
dropout35,3.2,1,1,0.9999999885080254
mixed,1.6,1,1,0.9999594220674907
mixed,2.4,1,1,0.9999992958465375
mixed,3.2,1,1,0.9999999873671856
hard_mixed,1.6,1,1,0.999910443028023
hard_mixed,2.4,1,1,0.9999984594960781
hard_mixed,3.2,1,1,0.9999999723947204
phase_wipe,1.6,1,1,0.9999282289333685
phase_wipe,2.4,1,1,0.9999987602336231
phase_wipe,3.2,1,1,0.9999999777715388
dropout35,1.6,1,1,0.9999629561796166
dropout35,2.4,1,1,0.9999993618638288
dropout35,3.2,1,1,0.999999988562543
mixed,1.6,1,1,0.9999488954751249
mixed,2.4,1,1,0.9999991140591169
mixed,3.2,1,1,0.9999999841079479
hard_mixed,1.6,1,1,0.9999060362182057
hard_mixed,2.4,1,1,0.9999983864631913
hard_mixed,3.2,1,1,0.9999999710925018
phase_wipe,1.6,1,1,0.999961886157682
phase_wipe,2.4,1,1,0.9999993389457954
phase_wipe,3.2,1,1,0.9999999881412044
dropout35,1.6,1,1,0.9999626052853142
dropout35,2.4,1,1,0.9999993559619809
dropout35,3.2,1,1,0.9999999884570983
mixed,1.6,1,1,0.9999578409334828
mixed,2.4,1,1,0.9999992686081179
mixed,3.2,1,1,0.9999999868789913
hard_mixed,1.6,1,1,0.9999103310150591
hard_mixed,2.4,1,1,0.9999984589064854
hard_mixed,3.2,1,1,0.9999999723872884
phase_wipe,1.6,1,1,0.9999607943768337
phase_wipe,2.4,1,1,0.9999993200602997
phase_wipe,3.2,1,1,0.9999999878025334
dropout35,1.6,1,1,0.9999636206359538
dropout35,2.4,1,1,0.9999993730628145
dropout35,3.2,1,1,0.9999999887626835
mixed,1.6,1,1,0.9999569616153096
mixed,2.4,1,1,0.9999992534874199
mixed,3.2,1,1,0.9999999866080466
hard_mixed,1.6,1,1,0.999913448232622
hard_mixed,2.4,1,1,0.9999985129751269
hard_mixed,3.2,1,1,0.9999999733572137
phase_wipe,1.6,1,1,0.9999611021063721
phase_wipe,2.4,1,1,0.9999993253703078
phase_wipe,3.2,1,1,0.9999999878977259
dropout35,1.6,1,1,0.9999626029578393
dropout35,2.4,1,1,0.9999993559228653
dropout35,3.2,1,1,0.9999999884563994
mixed,1.6,1,1,0.9999574360668461
mixed,2.4,1,1,0.9999992616553753
mixed,3.2,1,1,0.9999999867544279
hard_mixed,1.6,1,1,0.9999108173808493
hard_mixed,2.4,1,1,0.99999846593092
hard_mixed,3.2,1,1,0.9999999725100197
phase_wipe,1.6,1,1,0.9999593715943956
phase_wipe,2.4,1,1,0.9999992954017127
phase_wipe,3.2,1,1,0.9999999873602208
dropout35,1.6,1,1,0.9999627301847699
dropout35,2.4,1,1,0.9999993580616552
dropout35,3.2,1,1,0.9999999884946095
mixed,1.6,1,1,0.9999565568265593
mixed,2.4,1,1,0.9999992464300654
mixed,3.2,1,1,0.9999999864813569
hard_mixed,1.6,1,1,0.9999114069338984
hard_mixed,2.4,1,1,0.999998476183732
hard_mixed,3.2,1,1,0.999999972694003
phase_wipe,1.6,1,1,0.9999612427045231
phase_wipe,2.4,1,1,0.9999993277968146
phase_wipe,3.2,1,1,0.9999999879412262
dropout35,1.6,1,1,0.9999627859979894
dropout35,2.4,1,1,0.9999993590003136
dropout35,3.2,1,1,0.9999999885113787
mixed,1.6,1,1,0.9999565977106941
mixed,2.4,1,1,0.9999992472097942
mixed,3.2,1,1,0.9999999864955106
hard_mixed,1.6,1,1,0.9999090331223611
hard_mixed,2.4,1,1,0.9999984364428892
hard_mixed,3.2,1,1,0.9999999719844307
phase_wipe,1.6,1,1,0.999962014815189
phase_wipe,2.4,1,1,0.9999993411657452
phase_wipe,3.2,1,1,0.9999999881810012
dropout35,1.6,1,1,0.9999630138610849
dropout35,2.4,1,1,0.9999993628348608
dropout35,3.2,1,1,0.999999988579894
mixed,1.6,1,1,0.9999552184599778
mixed,2.4,1,1,0.9999992231877608
mixed,3.2,1,1,0.9999999860643423
hard_mixed,1.6,1,1,0.9999111892271438
hard_mixed,2.4,1,1,0.9999984729088213
hard_mixed,3.2,1,1,0.9999999726364216
phase_wipe,1.6,1,1,0.9999592009768311
phase_wipe,2.4,1,1,0.9999992924560137
phase_wipe,3.2,1,1,0.9999999873074098
dropout35,1.6,1,1,0.9999631288563923
dropout35,2.4,1,1,0.9999993647714233
dropout35,3.2,1,1,0.9999999886144993
mixed,1.6,1,1,0.9999559273919558
mixed,2.4,1,1,0.9999992356054536
mixed,3.2,1,1,0.9999999862873907
hard_mixed,1.6,1,1,0.9999112137305045
hard_mixed,2.4,1,1,0.9999984736020997
hard_mixed,3.2,1,1,0.9999999726494788
phase_wipe,1.6,1,1,0.9999282289333685
phase_wipe,2.4,1,1,0.9999987602336231
phase_wipe,3.2,1,1,0.9999999777715388
dropout35,1.6,1,1,0.9999616900174011
dropout35,2.4,1,1,0.999999340617703
dropout35,3.2,1,1,0.9999999881830718
mixed,1.6,1,1,0.9999487849631806
mixed,2.4,1,1,0.9999991123251869
mixed,3.2,1,1,0.999999984077274
hard_mixed,1.6,1,1,0.9999044693862849
hard_mixed,2.4,1,1,0.9999983601099713
hard_mixed,3.2,1,1,0.9999999706216707
phase_wipe,1.6,1,1,0.999961886157682
phase_wipe,2.4,1,1,0.9999993389457954
phase_wipe,3.2,1,1,0.9999999881412044
dropout35,1.6,1,1,0.9999625031236726
dropout35,2.4,1,1,0.9999993542454736
dropout35,3.2,1,1,0.999999988426435
mixed,1.6,1,1,0.9999568539841563
mixed,2.4,1,1,0.999999251440839
mixed,3.2,1,1,0.9999999865709089
hard_mixed,1.6,1,1,0.9999137305900276
hard_mixed,2.4,1,1,0.9999985180783106
hard_mixed,3.2,1,1,0.9999999734492332
phase_wipe,1.6,1,1,0.9999592009768311
phase_wipe,2.4,1,1,0.9999992924560137
phase_wipe,3.2,1,1,0.9999999873074098
dropout35,1.6,1,1,0.9999620988663444
dropout35,2.4,1,1,0.9999993474620006
dropout35,3.2,1,1,0.9999999883052771
mixed,1.6,1,1,0.9999579006385871
mixed,2.4,1,1,0.9999992696234042
mixed,3.2,1,1,0.999999986897155
hard_mixed,1.6,1,1,0.9999072597348131
hard_mixed,2.4,1,1,0.9999984055361203
hard_mixed,3.2,1,1,0.9999999714296582
phase_wipe,1.6,1,1,0.9999611021063721
phase_wipe,2.4,1,1,0.9999993253703078
phase_wipe,3.2,1,1,0.9999999878977259
dropout35,1.6,1,1,0.999964004825285
dropout35,2.4,1,1,0.999999379550156
dropout35,3.2,1,1,0.999999988878649
mixed,1.6,1,1,0.9999573262579993
mixed,2.4,1,1,0.9999992597529586
mixed,3.2,1,1,0.999999986720305
hard_mixed,1.6,1,1,0.9999102588458788
hard_mixed,2.4,1,1,0.9999984569505787
hard_mixed,3.2,1,1,0.9999999723505665
phase_wipe,1.6,1,1,0.9999612427045231
phase_wipe,2.4,1,1,0.9999993277968146
phase_wipe,3.2,1,1,0.9999999879412262
dropout35,1.6,1,1,0.9999626531644366
dropout35,2.4,1,1,0.9999993567667278
dropout35,3.2,1,1,0.9999999884714742
mixed,1.6,1,1,0.9999565182595086
mixed,2.4,1,1,0.9999992455503646
mixed,3.2,1,1,0.9999999864650787
hard_mixed,1.6,1,1,0.9999107006054528
hard_mixed,2.4,1,1,0.9999984657749554
hard_mixed,3.2,1,1,0.99999997251156
phase_wipe,1.6,1,1,0.999961886157682
phase_wipe,2.4,1,1,0.9999993389457954
phase_wipe,3.2,1,1,0.9999999881412044
dropout35,1.6,1,1,0.9999641420642599
dropout35,2.4,1,1,0.9999993818694729
dropout35,3.2,1,1,0.9999999889201133
mixed,1.6,1,1,0.9999585059590608
mixed,2.4,1,1,0.9999992801331228
mixed,3.2,1,1,0.9999999870857166
hard_mixed,1.6,1,1,0.9999101260955573
hard_mixed,2.4,1,1,0.9999984556710847
hard_mixed,3.2,1,1,0.9999999723299875
phase_wipe,1.6,1,1,0.9999607943768337
phase_wipe,2.4,1,1,0.9999993200602997
phase_wipe,3.2,1,1,0.9999999878025334
dropout35,1.6,1,1,0.9999624666599153
dropout35,2.4,1,1,0.9999993536330206
dropout35,3.2,1,1,0.9999999884154943
mixed,1.6,1,1,0.9999592052905621
mixed,2.4,1,1,0.9999992921368099
mixed,3.2,1,1,0.9999999873007556
hard_mixed,1.6,1,1,0.9999095110957725
hard_mixed,2.4,1,1,0.999998444443516
hard_mixed,3.2,1,1,0.999999972127279
phase_wipe,1.6,1,1,0.9999282289333685
phase_wipe,2.4,1,1,0.9999987602336231
phase_wipe,3.2,1,1,0.9999999777715388
dropout35,1.6,1,1,0.9999627122867282
dropout35,2.4,1,1,0.9999993577606984
dropout35,3.2,1,1,0.9999999884892325
mixed,1.6,1,1,0.9999496573148553
mixed,2.4,1,1,0.9999991277528499
mixed,3.2,1,1,0.9999999843547304
hard_mixed,1.6,1,1,0.9999049381531762
hard_mixed,2.4,1,1,0.9999983683339919
hard_mixed,3.2,1,1,0.9999999707694097
phase_wipe,1.6,1,1,0.9999588195249323
phase_wipe,2.4,1,1,0.9999992858707131
phase_wipe,3.2,1,1,0.999999987189347
dropout35,1.6,1,1,0.9999632039304707
dropout35,2.4,1,1,0.9999993660361773
dropout35,3.2,1,1,0.9999999886371007
mixed,1.6,1,1,0.9999559555132995
mixed,2.4,1,1,0.9999992359471028
mixed,3.2,1,1,0.9999999862931759
hard_mixed,1.6,1,1,0.9999121640545634
hard_mixed,2.4,1,1,0.99999849040285
hard_mixed,3.2,1,1,0.9999999729515997
phase_wipe,1.6,1,1,0.999962014815189
phase_wipe,2.4,1,1,0.9999993411657452
phase_wipe,3.2,1,1,0.9999999881810012
dropout35,1.6,1,1,0.9999630772465222
dropout35,2.4,1,1,0.9999993639021827
dropout35,3.2,1,1,0.9999999885989662
mixed,1.6,1,1,0.999956649379048
mixed,2.4,1,1,0.9999992478930276
mixed,3.2,1,1,0.999999986507266
hard_mixed,1.6,1,1,0.999911731054724
hard_mixed,2.4,1,1,0.9999984822373026
hard_mixed,3.2,1,1,0.9999999728036036
phase_wipe,1.6,1,1,0.999962014815189
phase_wipe,2.4,1,1,0.9999993411657452
phase_wipe,3.2,1,1,0.9999999881810012
dropout35,1.6,1,1,0.999963754792226
dropout35,2.4,1,1,0.999999375327216
dropout35,3.2,1,1,0.9999999888031592
mixed,1.6,1,1,0.9999595503550899
mixed,2.4,1,1,0.9999992982332786
mixed,3.2,1,1,0.9999999874103834
hard_mixed,1.6,0,0,
hard_mixed,2.4,0,0,
hard_mixed,3.2,0,0,
phase_wipe,1.6,1,1,0.9999611021063721
phase_wipe,2.4,1,1,0.9999993253703078
phase_wipe,3.2,1,1,0.9999999878977259
dropout35,1.6,1,1,0.9999640665791083
dropout35,2.4,1,1,0.9999993805936647
dropout35,3.2,1,1,0.9999999888973042
mixed,1.6,1,1,0.9999585157037345
mixed,2.4,1,1,0.9999992803729618
mixed,3.2,1,1,0.9999999870901856
hard_mixed,1.6,1,1,0.9999094751715485
hard_mixed,2.4,1,1,0.9999984433302722
hard_mixed,3.2,1,1,0.9999999721061731
phase_wipe,1.6,1,1,0.999961886157682
phase_wipe,2.4,1,1,0.9999993389457954
phase_wipe,3.2,1,1,0.9999999881412044
dropout35,1.6,1,1,0.9999633947387674
dropout35,2.4,1,1,0.9999993692523228
dropout35,3.2,1,1,0.9999999886945773
mixed,1.6,1,1,0.9999564113049647
mixed,2.4,1,1,0.9999992437548658
mixed,3.2,1,1,0.9999999864330098
hard_mixed,1.6,1,1,0.9999094432720023
hard_mixed,2.4,1,1,0.9999984430020374
hard_mixed,3.2,1,1,0.9999999721008049
phase_wipe,1.6,1,1,0.9999592009768311
phase_wipe,2.4,1,1,0.9999992924560137
phase_wipe,3.2,1,1,0.9999999873074098
dropout35,1.6,1,1,0.9999629686560807
dropout35,2.4,1,1,0.9999993620738424
dropout35,3.2,1,1,0.9999999885662957
mixed,1.6,1,1,0.9999572138829942
mixed,2.4,1,1,0.9999992579495737
mixed,3.2,1,1,0.9999999866882967
hard_mixed,1.6,1,1,0.9999088917955632
hard_mixed,2.4,1,1,0.9999984345207767
hard_mixed,3.2,1,1,0.9999999719511766
phase_wipe,1.6,1,1,0.9999607943768337
phase_wipe,2.4,1,1,0.9999993200602997
phase_wipe,3.2,1,1,0.9999999878025334
dropout35,1.6,1,1,0.9999623484862924
dropout35,2.4,1,1,0.9999993516489283
dropout35,3.2,1,1,0.9999999883800545
mixed,1.6,1,1,0.9999562773854332
mixed,2.4,1,1,0.9999992415265483
mixed,3.2,1,1,0.9999999863932592
hard_mixed,1.6,1,1,0.9999128170747557
hard_mixed,2.4,1,1,0.9999985013612204
hard_mixed,3.2,1,1,0.9999999731473256
phase_wipe,1.6,1,1,0.9999282289333685
phase_wipe,2.4,1,1,0.9999987602336231
phase_wipe,3.2,1,1,0.9999999777715388
dropout35,1.6,1,1,0.9999627916581215
dropout35,2.4,1,1,0.999999359095519
dropout35,3.2,1,1,0.9999999885130807
mixed,1.6,1,1,0.999947820426528
mixed,2.4,1,1,0.9999990959409844
mixed,3.2,1,1,0.9999999837841683
hard_mixed,1.6,1,1,0.999902800342435
hard_mixed,2.4,1,1,0.9999983316675616
hard_mixed,3.2,1,1,0.9999999701126229
phase_wipe,1.6,1,1,0.9999593715943956
phase_wipe,2.4,1,1,0.9999992954017127
phase_wipe,3.2,1,1,0.9999999873602208
dropout35,1.6,1,1,0.9999628479557284
dropout35,2.4,1,1,0.9999993600425843
dropout35,3.2,1,1,0.9999999885300017
mixed,1.6,1,1,0.9999580830292447
mixed,2.4,1,1,0.9999992727436258
mixed,3.2,1,1,0.9999999869530274
hard_mixed,1.6,1,1,0.9999109045138508
hard_mixed,2.4,1,1,0.9999984687273353
hard_mixed,3.2,1,1,0.9999999725631655
phase_wipe,1.6,1,1,0.9999612427045231
phase_wipe,2.4,1,1,0.9999993277968146
phase_wipe,3.2,1,1,0.9999999879412262
dropout35,1.6,1,1,0.9999634434176438
dropout35,2.4,1,1,0.9999993700731896
dropout35,3.2,1,1,0.9999999887092477
mixed,1.6,1,1,0.999955251965795
mixed,2.4,1,1,0.999999223752013
mixed,3.2,1,1,0.9999999860744239
hard_mixed,1.6,1,1,0.9999123401099494
hard_mixed,2.4,1,1,0.9999984928489747
hard_mixed,3.2,1,1,0.9999999729940708
phase_wipe,1.6,1,1,0.9999607943768337
phase_wipe,2.4,1,1,0.9999993200602997
phase_wipe,3.2,1,1,0.9999999878025334
dropout35,1.6,1,1,0.9999619888010765
dropout35,2.4,1,1,0.9999993456177386
dropout35,3.2,1,1,0.9999999882723434
mixed,1.6,1,1,0.9999566038917063
mixed,2.4,1,1,0.9999992473339525
mixed,3.2,1,1,0.9999999864977792
hard_mixed,1.6,1,1,0.9999112105147607
hard_mixed,2.4,1,1,0.9999984743056448
hard_mixed,3.2,1,1,0.9999999726638632
phase_wipe,1.6,1,1,0.9999612427045231
phase_wipe,2.4,1,1,0.9999993277968146
phase_wipe,3.2,1,1,0.9999999879412262
dropout35,1.6,1,1,0.99996347404488
dropout35,2.4,1,1,0.9999993705897275
dropout35,3.2,1,1,0.9999999887184796
mixed,1.6,1,1,0.9999583447360444
mixed,2.4,1,1,0.9999992774271916
mixed,3.2,1,1,0.9999999870373867
hard_mixed,1.6,1,1,0.9999047051091899
hard_mixed,2.4,1,1,0.9999983634649902
hard_mixed,3.2,1,1,0.9999999706801527
phase_wipe,1.6,1,1,0.9999611021063721
phase_wipe,2.4,1,1,0.9999993253703078
phase_wipe,3.2,1,1,0.9999999878977259
dropout35,1.6,1,1,0.9999625324432801
dropout35,2.4,1,1,0.99999935473801
dropout35,3.2,1,1,0.9999999884352329
mixed,1.6,1,1,0.9999560116508084
mixed,2.4,1,1,0.9999992369703096
mixed,3.2,1,1,0.9999999863116481
hard_mixed,1.6,1,1,0.9999113145915003
hard_mixed,2.4,1,1,0.9999984746851627
hard_mixed,3.2,1,1,0.9999999726673613
phase_wipe,1.6,1,1,0.9999593715943956
phase_wipe,2.4,1,1,0.9999992954017127
phase_wipe,3.2,1,1,0.9999999873602208
dropout35,1.6,1,1,0.99996385133738
dropout35,2.4,1,1,0.999999376957414
dropout35,3.2,1,1,0.9999999888323001
mixed,1.6,1,1,0.9999573515371574
mixed,2.4,1,1,0.9999992601309273
mixed,3.2,1,1,0.9999999867269427
hard_mixed,1.6,1,1,0.9999088431136445
hard_mixed,2.4,1,1,0.9999984326287047
hard_mixed,3.2,1,1,0.999999971914804
phase_wipe,1.6,1,1,0.999961886157682
phase_wipe,2.4,1,1,0.9999993389457954
phase_wipe,3.2,1,1,0.9999999881412044
dropout35,1.6,1,1,0.9999629748191924
dropout35,2.4,1,1,0.9999993621775882
dropout35,3.2,1,1,0.9999999885681491
mixed,1.6,1,1,0.9999561640717679
mixed,2.4,1,1,0.9999992395129493
mixed,3.2,1,1,0.9999999863570226
hard_mixed,1.6,1,1,0.9999093545022937
hard_mixed,2.4,1,1,0.9999984410623163
hard_mixed,3.2,1,1,0.9999999720650816
phase_wipe,1.6,1,1,0.9999592009768311
phase_wipe,2.4,1,1,0.9999992924560137
phase_wipe,3.2,1,1,0.9999999873074098
dropout35,1.6,1,1,0.9999635813523008
dropout35,2.4,1,1,0.9999993723999495
dropout35,3.2,1,1,0.9999999887508356
mixed,1.6,1,1,0.9999568699556832
mixed,2.4,1,1,0.9999992518541326
mixed,3.2,1,1,0.9999999865786431
hard_mixed,1.6,1,1,0.9999096979610874
hard_mixed,2.4,1,1,0.9999984476632562
hard_mixed,3.2,1,1,0.9999999721849862
phase_wipe,1.6,1,1,0.999962014815189
phase_wipe,2.4,1,1,0.9999993411657452
phase_wipe,3.2,1,1,0.9999999881810012
dropout35,1.6,1,1,0.9999628190633834
dropout35,2.4,1,1,0.9999993595565135
dropout35,3.2,1,1,0.9999999885213169
mixed,1.6,1,1,0.9999559524102245
mixed,2.4,1,1,0.9999992358004616
mixed,3.2,1,1,0.9999999862903269
hard_mixed,1.6,1,1,0.999910961520064
hard_mixed,2.4,1,1,0.9999984709674861
hard_mixed,3.2,1,1,0.9999999726062543
phase_wipe,1.6,1,1,0.9999282289333685
phase_wipe,2.4,1,1,0.9999987602336231
phase_wipe,3.2,1,1,0.9999999777715388
dropout35,1.6,1,1,0.9999626699306466
dropout35,2.4,1,1,0.9999993570485765
dropout35,3.2,1,1,0.9999999884765105
mixed,1.6,1,1,0.9999507283351683
mixed,2.4,1,1,0.9999991460452387
mixed,3.2,1,1,0.9999999846822113
hard_mixed,1.6,0,0,
hard_mixed,2.4,0,0,
hard_mixed,3.2,0,0,
phase_wipe,1.6,1,1,0.9999612427045231
phase_wipe,2.4,1,1,0.9999993277968146
phase_wipe,3.2,1,1,0.9999999879412262
dropout35,1.6,1,1,0.9999641641361878
dropout35,2.4,1,1,0.9999993822425755
dropout35,3.2,1,1,0.9999999889267837
mixed,1.6,1,1,0.9999571277376004
mixed,2.4,1,1,0.9999992561421066
mixed,3.2,1,1,0.9999999866551341
hard_mixed,1.6,1,1,0.9999083993997835
hard_mixed,2.4,1,1,0.9999984261591951
hard_mixed,3.2,1,1,0.9999999718015954
phase_wipe,1.6,1,1,0.9999611021063721
phase_wipe,2.4,1,1,0.9999993253703078
phase_wipe,3.2,1,1,0.9999999878977259
dropout35,1.6,1,1,0.9999631014728126
dropout35,2.4,1,1,0.9999993643101914
dropout35,3.2,1,1,0.9999999886062566
mixed,1.6,1,1,0.999958692247448
mixed,2.4,1,1,0.9999992834519319
mixed,3.2,1,1,0.99999998714546
hard_mixed,1.6,1,1,0.9999074589452381
hard_mixed,2.4,1,1,0.9999984083674631
hard_mixed,3.2,1,1,0.9999999714790004
phase_wipe,1.6,1,1,0.999962014815189
phase_wipe,2.4,1,1,0.9999993411657452
phase_wipe,3.2,1,1,0.9999999881810012
dropout35,1.6,1,1,0.9999627421585985
dropout35,2.4,1,1,0.9999993582630096
dropout35,3.2,1,1,0.999999988498207
mixed,1.6,1,1,0.9999600909745087
mixed,2.4,1,1,0.9999993074444047
mixed,3.2,1,1,0.9999999875752333
hard_mixed,1.6,1,1,0.9999105390788634
hard_mixed,2.4,1,1,0.9999984628670594
hard_mixed,3.2,1,1,0.9999999724591525
phase_wipe,1.6,1,1,0.9999282289333685
phase_wipe,2.4,1,1,0.9999987602336231
phase_wipe,3.2,1,1,0.9999999777715388
dropout35,1.6,1,1,0.9999627485807798
dropout35,2.4,1,1,0.9999993583710107
dropout35,3.2,1,1,0.9999999885001366
mixed,1.6,1,1,0.9999482854951793
mixed,2.4,1,1,0.9999991035210251
mixed,3.2,1,1,0.9999999839190039
hard_mixed,1.6,1,1,0.9999027274966952
hard_mixed,2.4,1,1,0.9999983308542442
hard_mixed,3.2,1,1,0.999999970099073
phase_wipe,1.6,1,1,0.9999588195249323
phase_wipe,2.4,1,1,0.9999992858707131
phase_wipe,3.2,1,1,0.999999987189347
dropout35,1.6,1,1,0.9999621429149683
dropout35,2.4,1,1,0.9999993482004151
dropout35,3.2,1,1,0.999999988318464
mixed,1.6,1,1,0.9999557943137123
mixed,2.4,1,1,0.9999992332364362
mixed,3.2,1,1,0.9999999862447495
hard_mixed,1.6,1,1,0.9999103827701414
hard_mixed,2.4,1,1,0.9999984593790752
hard_mixed,3.2,1,1,0.9999999723947768
phase_wipe,1.6,1,1,0.9999607943768337
phase_wipe,2.4,1,1,0.9999993200602997
phase_wipe,3.2,1,1,0.9999999878025334
dropout35,1.6,1,1,0.9999638533089746
dropout35,2.4,1,1,0.9999993769907102
dropout35,3.2,1,1,0.9999999888328949
mixed,1.6,1,1,0.9999576526809831
mixed,2.4,1,1,0.999999265282544
mixed,3.2,1,1,0.9999999868191896
hard_mixed,1.6,1,1,0.9999055660588071
hard_mixed,2.4,1,1,0.9999983776968763
hard_mixed,3.2,1,1,0.9999999709338271
phase_wipe,1.6,1,1,0.9999592009768311
phase_wipe,2.4,1,1,0.9999992924560137
phase_wipe,3.2,1,1,0.9999999873074098
dropout35,1.6,1,1,0.9999625454653845
dropout35,2.4,1,1,0.9999993549567908
dropout35,3.2,1,1,0.9999999884391417
mixed,1.6,1,1,0.9999565574700997
mixed,2.4,1,1,0.9999992464329318
mixed,3.2,1,1,0.9999999864813889
hard_mixed,1.6,1,1,0.9999101579281622
hard_mixed,2.4,1,1,0.9999984557775958
hard_mixed,3.2,1,1,0.9999999723308632
phase_wipe,1.6,1,1,0.999961886157682
phase_wipe,2.4,1,1,0.9999993389457954
phase_wipe,3.2,1,1,0.9999999881412044
dropout35,1.6,1,1,0.9999621485288017
dropout35,2.4,1,1,0.9999993482945365
dropout35,3.2,1,1,0.9999999883201447
mixed,1.6,1,1,0.999955596482705
mixed,2.4,1,1,0.9999992296187854
mixed,3.2,1,1,0.999999986179414
hard_mixed,1.6,1,1,0.9999117380030466
hard_mixed,2.4,1,1,0.9999984830961423
hard_mixed,3.2,1,1,0.9999999728207212
phase_wipe,1.6,1,1,0.9999611021063721
phase_wipe,2.4,1,1,0.9999993253703078
phase_wipe,3.2,1,1,0.9999999878977259
dropout35,1.6,1,1,0.9999643787551237
dropout35,2.4,1,1,0.9999993858717531
dropout35,3.2,1,1,0.9999999889916702
mixed,1.6,1,1,0.999955691394308
mixed,2.4,1,1,0.9999992314571373
mixed,3.2,1,1,0.9999999862128446
hard_mixed,1.6,1,1,0.9999078187192897
hard_mixed,2.4,1,1,0.9999984161592487
hard_mixed,3.2,1,1,0.9999999716223791
phase_wipe,1.6,1,1,0.9999282289333685
phase_wipe,2.4,1,1,0.9999987602336231
phase_wipe,3.2,1,1,0.9999999777715388
dropout35,1.6,1,1,0.9999630350561782
dropout35,2.4,1,1,0.9999993631917257
dropout35,3.2,1,1,0.9999999885862707
mixed,1.6,1,1,0.999947295816563
mixed,2.4,1,1,0.9999990867673682
mixed,3.2,1,1,0.9999999836194275
hard_mixed,1.6,1,1,0.9999044844150703
hard_mixed,2.4,1,1,0.9999983599944506
hard_mixed,3.2,1,1,0.9999999706187249
phase_wipe,1.6,1,1,0.9999612427045231
phase_wipe,2.4,1,1,0.9999993277968146
phase_wipe,3.2,1,1,0.9999999879412262
dropout35,1.6,1,1,0.9999625758627639
dropout35,2.4,1,1,0.999999355467539
dropout35,3.2,1,1,0.9999999884482645
mixed,1.6,1,1,0.9999576767427405
mixed,2.4,1,1,0.9999992658089335
mixed,3.2,1,1,0.999999986828889
hard_mixed,1.6,1,1,0.999909280513546
hard_mixed,2.4,1,1,0.9999984403192126
hard_mixed,3.2,1,1,0.9999999720530033
phase_wipe,1.6,1,1,0.9999607943768337
phase_wipe,2.4,1,1,0.9999993200602997
phase_wipe,3.2,1,1,0.9999999878025334
dropout35,1.6,1,1,0.9999623637419465
dropout35,2.4,1,1,0.9999993519049976
dropout35,3.2,1,1,0.9999999883846281
mixed,1.6,1,1,0.9999579808156362
mixed,2.4,1,1,0.9999992709400015
mixed,3.2,1,1,0.9999999869205995
hard_mixed,1.6,1,1,0.9999125003063406
hard_mixed,2.4,1,1,0.9999984957888476
hard_mixed,3.2,1,1,0.9999999730471838
phase_wipe,1.6,1,1,0.999962014815189
phase_wipe,2.4,1,1,0.9999993411657452
phase_wipe,3.2,1,1,0.9999999881810012
dropout35,1.6,1,1,0.9999633741381592
dropout35,2.4,1,1,0.9999993689049809
dropout35,3.2,1,1,0.99999998868837
mixed,1.6,1,1,0.9999574682723822
mixed,2.4,1,1,0.99999926209051
mixed,3.2,1,1,0.9999999867619429
hard_mixed,1.6,1,1,0.9999117343086257
hard_mixed,2.4,1,1,0.9999984822393677
hard_mixed,3.2,1,1,0.9999999728035117
phase_wipe,1.6,1,1,0.999961886157682
phase_wipe,2.4,1,1,0.9999993389457954
phase_wipe,3.2,1,1,0.9999999881412044
dropout35,1.6,1,1,0.9999624880202286
dropout35,2.4,1,1,0.9999993539917792
dropout35,3.2,1,1,0.9999999884219032
mixed,1.6,1,1,0.9999573288130238
mixed,2.4,1,1,0.9999992596463333
mixed,3.2,1,1,0.9999999867180375
hard_mixed,1.6,1,1,0.9999091770192352
hard_mixed,2.4,1,1,0.9999984386595904
hard_mixed,3.2,1,1,0.9999999720235475
phase_wipe,1.6,1,1,0.9999592009768311
phase_wipe,2.4,1,1,0.9999992924560137
phase_wipe,3.2,1,1,0.9999999873074098
dropout35,1.6,1,1,0.9999640615599591
dropout35,2.4,1,1,0.9999993805088452
dropout35,3.2,1,1,0.9999999888957887
mixed,1.6,1,1,0.9999561386861241
mixed,2.4,1,1,0.9999992392081455
mixed,3.2,1,1,0.9999999863518737
hard_mixed,1.6,1,1,0.9999125283622898
hard_mixed,2.4,1,1,0.9999984959219219
hard_mixed,3.2,1,1,0.9999999730487488
phase_wipe,1.6,1,1,0.9999588195249323
phase_wipe,2.4,1,1,0.9999992858707131
phase_wipe,3.2,1,1,0.999999987189347
dropout35,1.6,1,1,0.9999630625820711
dropout35,2.4,1,1,0.999999363655229
dropout35,3.2,1,1,0.999999988594553
mixed,1.6,1,1,0.9999568762230023
mixed,2.4,1,1,0.9999992519401463
mixed,3.2,1,1,0.9999999865801323
hard_mixed,1.6,1,1,0.9999072277975282
hard_mixed,2.4,1,1,0.9999984054298773
hard_mixed,3.2,1,1,0.9999999714287914
phase_wipe,1.6,1,1,0.9999607943768337
phase_wipe,2.4,1,1,0.9999993200602997
phase_wipe,3.2,1,1,0.9999999878025334
dropout35,1.6,1,1,0.9999633863431068
dropout35,2.4,1,1,0.9999993691107623
dropout35,3.2,1,1,0.9999999886920473
mixed,1.6,1,1,0.9999563045712446
mixed,2.4,1,1,0.9999992418396394
mixed,3.2,1,1,0.9999999863985014
hard_mixed,1.6,1,1,0.999908821077948
hard_mixed,2.4,1,1,0.9999984327246033
hard_mixed,3.2,1,1,0.999999971917636
phase_wipe,1.6,1,1,0.999961886157682
phase_wipe,2.4,1,1,0.9999993389457954
phase_wipe,3.2,1,1,0.9999999881412044
dropout35,1.6,1,1,0.9999633994573179
dropout35,2.4,1,1,0.9999993693318847
dropout35,3.2,1,1,0.9999999886959995
mixed,1.6,1,1,0.9999567306734682
mixed,2.4,1,1,0.9999992493572579
mixed,3.2,1,1,0.9999999865336608
hard_mixed,1.6,1,1,0.9999142820525355
hard_mixed,2.4,1,1,0.9999985262197064
hard_mixed,3.2,1,1,0.9999999735919781
phase_wipe,1.6,1,1,0.9999611021063721
phase_wipe,2.4,1,1,0.9999993253703078
phase_wipe,3.2,1,1,0.9999999878977259
dropout35,1.6,1,1,0.9999624515816531
dropout35,2.4,1,1,0.9999993533797956
dropout35,3.2,1,1,0.9999999884109707
mixed,1.6,1,1,0.9999557067710739
mixed,2.4,1,1,0.9999992317294484
mixed,3.2,1,1,0.9999999862177427
hard_mixed,1.6,1,1,0.9999146012239856
hard_mixed,2.4,1,1,0.9999985317412847
hard_mixed,3.2,1,1,0.9999999736909929
phase_wipe,1.6,1,1,0.9999612427045231
phase_wipe,2.4,1,1,0.9999993277968146
phase_wipe,3.2,1,1,0.9999999879412262
dropout35,1.6,1,1,0.99996338387295
dropout35,2.4,1,1,0.999999369069113
dropout35,3.2,1,1,0.9999999886913025
mixed,1.6,1,1,0.9999574530240722
mixed,2.4,1,1,0.999999261603787
mixed,3.2,1,1,0.9999999867526864
hard_mixed,1.6,1,1,0.9999070778260506
hard_mixed,2.4,1,1,0.99999840234881
hard_mixed,3.2,1,1,0.9999999713724093
phase_wipe,1.6,1,1,0.9999593715943956
phase_wipe,2.4,1,1,0.9999992954017127
phase_wipe,3.2,1,1,0.9999999873602208
dropout35,1.6,1,1,0.9999629217686878
dropout35,2.4,1,1,0.9999993612846539
dropout35,3.2,1,1,0.9999999885521945
mixed,1.6,1,1,0.9999582600836067
mixed,2.4,1,1,0.9999992761943116
mixed,3.2,1,1,0.9999999870158243
hard_mixed,1.6,1,1,0.999911253728889
hard_mixed,2.4,1,1,0.9999984753510885
hard_mixed,3.2,1,1,0.9999999726833017
phase_wipe,1.6,1,1,0.9999592009768311
phase_wipe,2.4,1,1,0.9999992924560137
phase_wipe,3.2,1,1,0.9999999873074098
dropout35,1.6,1,1,0.9999621086290831
dropout35,2.4,1,1,0.9999993476256434
dropout35,3.2,1,1,0.9999999883081997
mixed,1.6,1,1,0.9999584450636693
mixed,2.4,1,1,0.9999992788820075
mixed,3.2,1,1,0.999999987062812
hard_mixed,1.6,1,1,0.9999113206758243
hard_mixed,2.4,1,1,0.9999984750837023
hard_mixed,3.2,1,1,0.9999999726751901
phase_wipe,1.6,1,1,0.999962014815189
phase_wipe,2.4,1,1,0.9999993411657452
phase_wipe,3.2,1,1,0.9999999881810012
dropout35,1.6,1,1,0.9999636975338673
dropout35,2.4,1,1,0.9999993743606367
dropout35,3.2,1,1,0.9999999887858816
mixed,1.6,1,1,0.9999578935773407
mixed,2.4,1,1,0.9999992695409098
mixed,3.2,1,1,0.9999999868957697
hard_mixed,1.6,1,1,0.9999143256077738
hard_mixed,2.4,1,1,0.9999985267648996
hard_mixed,3.2,1,1,0.9999999736012696
phase_wipe,1.6,1,1,0.9999282289333685
phase_wipe,2.4,1,1,0.9999987602336231
phase_wipe,3.2,1,1,0.9999999777715388
dropout35,1.6,1,1,0.9999625860944537
dropout35,2.4,1,1,0.9999993556394742
dropout35,3.2,1,1,0.9999999884513371
mixed,1.6,1,1,0.9999478709382066
mixed,2.4,1,1,0.9999990967779462
mixed,3.2,1,1,0.9999999837990907
hard_mixed,1.6,1,1,0.9999035987189083
hard_mixed,2.4,1,1,0.999998345845041
hard_mixed,3.2,1,1,0.9999999703677096
phase_wipe,1.6,1,1,0.9999607943768337
phase_wipe,2.4,1,1,0.9999993200602997
phase_wipe,3.2,1,1,0.9999999878025334
dropout35,1.6,1,1,0.9999636697465517
dropout35,2.4,1,1,0.9999993738916249
dropout35,3.2,1,1,0.9999999887774977
mixed,1.6,1,1,0.9999570201368801
mixed,2.4,1,1,0.9999992545204631
mixed,3.2,1,1,0.9999999866266202
hard_mixed,1.6,1,1,0.9999128295507107
hard_mixed,2.4,1,1,0.9999984998782285
hard_mixed,3.2,1,1,0.9999999731167767
phase_wipe,1.6,1,1,0.9999612427045231
phase_wipe,2.4,1,1,0.9999993277968146
phase_wipe,3.2,1,1,0.9999999879412262
dropout35,1.6,1,1,0.9999629862376471
dropout35,2.4,1,1,0.9999993623698067
dropout35,3.2,1,1,0.999999988571583
mixed,1.6,1,1,0.9999571143672097
mixed,2.4,1,1,0.9999992559111416
mixed,3.2,1,1,0.9999999866509931
hard_mixed,1.6,1,1,0.9999103053677254
hard_mixed,2.4,1,1,0.99999845887677
hard_mixed,3.2,1,1,0.9999999723877162
phase_wipe,1.6,1,1,0.9999611021063721
phase_wipe,2.4,1,1,0.9999993253703078
phase_wipe,3.2,1,1,0.9999999878977259
dropout35,1.6,1,1,0.999962127665639
dropout35,2.4,1,1,0.9999993479447598
dropout35,3.2,1,1,0.9999999883138978
mixed,1.6,1,1,0.999955881296434
mixed,2.4,1,1,0.9999992344739657
mixed,3.2,1,1,0.9999999862663115
hard_mixed,1.6,1,1,0.9999089283897615
hard_mixed,2.4,1,1,0.9999984342566153
hard_mixed,3.2,1,1,0.9999999719443535
phase_wipe,1.6,1,1,0.999961886157682
phase_wipe,2.4,1,1,0.9999993389457954
phase_wipe,3.2,1,1,0.9999999881412044
dropout35,1.6,1,1,0.9999626467835054
dropout35,2.4,1,1,0.9999993566594675
dropout35,3.2,1,1,0.9999999884695586
mixed,1.6,1,1,0.9999592221148805
mixed,2.4,1,1,0.9999992926425605
mixed,3.2,1,1,0.9999999873103322
hard_mixed,1.6,1,1,0.9999115195768464
hard_mixed,2.4,1,1,0.9999984793234048
hard_mixed,3.2,1,1,0.9999999727530787
phase_wipe,1.6,1,1,0.999962014815189
phase_wipe,2.4,1,1,0.9999993411657452
phase_wipe,3.2,1,1,0.9999999881810012
dropout35,1.6,1,1,0.9999622632180325
dropout35,2.4,1,1,0.9999993502180627
dropout35,3.2,1,1,0.9999999883544983
mixed,1.6,1,1,0.9999552801283628
mixed,2.4,1,1,0.999999224192219
mixed,3.2,1,1,0.9999999860822076
hard_mixed,1.6,1,1,0.999914018832225
hard_mixed,2.4,1,1,0.9999985223092839
hard_mixed,3.2,1,1,0.9999999735233502
phase_wipe,1.6,1,1,0.9999593715943956
phase_wipe,2.4,1,1,0.9999992954017127
phase_wipe,3.2,1,1,0.9999999873602208
dropout35,1.6,1,1,0.999963347423807
dropout35,2.4,1,1,0.9999993684545966
dropout35,3.2,1,1,0.9999999886803206
mixed,1.6,1,1,0.9999550795784067
mixed,2.4,1,1,0.9999992209265939
mixed,3.2,1,1,0.9999999860241267
hard_mixed,1.6,1,1,0.9999115868956199
hard_mixed,2.4,1,1,0.9999984806289579
hard_mixed,3.2,1,1,0.999999972776819
phase_wipe,1.6,1,1,0.9999282289333685
phase_wipe,2.4,1,1,0.9999987602336231
phase_wipe,3.2,1,1,0.9999999777715388
dropout35,1.6,1,1,0.9999640967267547
dropout35,2.4,1,1,0.999999381103169
dropout35,3.2,1,1,0.9999999889064134
mixed,1.6,1,1,0.9999491941127734
mixed,2.4,1,1,0.9999991193053883
mixed,3.2,1,1,0.9999999842022192
hard_mixed,1.6,1,1,0.9999045641548698
hard_mixed,2.4,1,1,0.9999983615682521
hard_mixed,3.2,1,1,0.9999999706473968
phase_wipe,1.6,1,1,0.9999592009768311
phase_wipe,2.4,1,1,0.9999992924560137
phase_wipe,3.2,1,1,0.9999999873074098
dropout35,1.6,1,1,0.9999626217647327
dropout35,2.4,1,1,0.9999993562389453
dropout35,3.2,1,1,0.9999999884620467
mixed,1.6,1,1,0.9999564983593722
mixed,2.4,1,1,0.999999245515044
mixed,3.2,1,1,0.9999999864651753
hard_mixed,1.6,1,1,0.9999082942196426
hard_mixed,2.4,1,1,0.9999984237691275
hard_mixed,3.2,1,1,0.9999999717574086
