seed,kind,T,correct_address,overlap,exact_topology
20,phase_wipe,1.6,1,0.9999611021063721,1
20,phase_wipe,2.4,1,0.9999993253703078,1
20,phase_wipe,3.2,1,0.9999999878977259,1
20,phase_wipe,4.0,1,0.9999999997827936,1
20,dropout35,1.6,1,0.9999623344995253,1
20,dropout35,2.4,1,0.9999993514141748,1
20,dropout35,3.2,1,0.9999999883758611,1
20,dropout35,4.0,1,0.9999999997914009,1
20,mixed,1.6,1,0.9999556432047398,0
20,mixed,2.4,1,0.9999992306214792,0
20,mixed,3.2,1,0.9999999861978534,0
20,mixed,4.0,1,0.9999999997522844,0
20,hard_mixed,1.6,1,0.9999172023825958,0
20,hard_mixed,2.4,1,0.9999985770678481,0
20,hard_mixed,3.2,1,0.9999999745045814,0
20,hard_mixed,4.0,1,0.9999999995424927,0
20,phase_wipe,1.6,1,0.9999612427045231,1
20,phase_wipe,2.4,1,0.9999993277968146,1
20,phase_wipe,3.2,1,0.9999999879412262,1
20,phase_wipe,4.0,1,0.9999999997835741,1
20,dropout35,1.6,1,0.9999627007391284,1
20,dropout35,2.4,1,0.9999993575665369,1
20,dropout35,3.2,1,0.9999999884857631,1
20,dropout35,4.0,1,0.9999999997933718,1
20,mixed,1.6,1,0.9999543936802772,0
20,mixed,2.4,1,0.9999992089094065,0
20,mixed,3.2,1,0.9999999858082644,0
20,mixed,4.0,1,0.9999999997452914,0
20,hard_mixed,1.6,1,0.9999098164223765,0
20,hard_mixed,2.4,1,0.9999984504621368,0
20,hard_mixed,3.2,1,0.9999999722369208,0
20,hard_mixed,4.0,1,0.9999999995018016,0
20,phase_wipe,1.6,1,0.9999607943768337,1
20,phase_wipe,2.4,1,0.9999993200602997,1
20,phase_wipe,3.2,1,0.9999999878025334,1
20,phase_wipe,4.0,1,0.9999999997810853,1
20,dropout35,1.6,1,0.9999628881746834,1
20,dropout35,2.4,1,0.9999993607193097,1
20,dropout35,3.2,1,0.9999999885420928,1
20,dropout35,4.0,1,0.9999999997943833,1
20,mixed,1.6,1,0.9999579796511954,0
20,mixed,2.4,1,0.9999992710308142,0
20,mixed,3.2,1,0.999999986922491,0
20,mixed,4.0,1,0.9999999997652891,0
20,hard_mixed,1.6,1,0.9999104632839455,0
20,hard_mixed,2.4,1,0.9999984610494412,0
20,hard_mixed,3.2,1,0.9999999724253767,0
20,hard_mixed,4.0,1,0.9999999995051813,0
20,phase_wipe,1.6,1,0.9999588195249323,1
20,phase_wipe,2.4,1,0.9999992858707131,1
20,phase_wipe,3.2,1,0.999999987189347,1
20,phase_wipe,4.0,1,0.9999999997700801,1
20,dropout35,1.6,1,0.9999622581234779,1
20,dropout35,2.4,1,0.9999993501325936,1
20,dropout35,3.2,1,0.9999999883529722,1
20,dropout35,4.0,1,0.9999999997909912,1
20,mixed,1.6,1,0.9999581879898989,0
20,mixed,2.4,1,0.9999992745246049,0
20,mixed,3.2,1,0.9999999869848827,0
20,mixed,4.0,1,0.9999999997664082,0
20,hard_mixed,1.6,1,0.999914082406154,0
20,hard_mixed,2.4,1,0.9999985223794523,0
20,hard_mixed,3.2,1,0.9999999735222097,0
20,hard_mixed,4.0,1,0.999999999524859,0
20,phase_wipe,1.6,1,0.999962014815189,1
20,phase_wipe,2.4,1,0.9999993411657452,1
20,phase_wipe,3.2,1,0.9999999881810012,1
20,phase_wipe,4.0,1,0.999999999787878,1
20,dropout35,1.6,1,0.9999622896442703,1
20,dropout35,2.4,1,0.9999993506614455,1
20,dropout35,3.2,1,0.9999999883624172,1
20,dropout35,4.0,1,0.9999999997911602,1
20,mixed,1.6,1,0.9999576845783332,0
20,mixed,2.4,1,0.9999992660203572,0
20,mixed,3.2,1,0.9999999868328608,0
20,mixed,4.0,1,0.9999999997636818,0
20,hard_mixed,1.6,1,0.9999148885621785,0
20,hard_mixed,2.4,1,0.9999985368587847,0
20,hard_mixed,3.2,1,0.9999999737831048,0
20,hard_mixed,4.0,1,0.9999999995295441,0
20,phase_wipe,1.6,1,0.9999593715943956,1
20,phase_wipe,2.4,1,0.9999992954017127,1
20,phase_wipe,3.2,1,0.9999999873602208,1
20,phase_wipe,4.0,1,0.9999999997731474,1
20,dropout35,1.6,1,0.9999631498226582,1
20,dropout35,2.4,1,0.9999993651245994,1
20,dropout35,3.2,1,0.9999999886208107,1
20,dropout35,4.0,1,0.9999999997957956,1
20,mixed,1.6,1,0.9999555300246002,0
20,mixed,2.4,1,0.9999992287127527,0
20,mixed,3.2,1,0.999999986163741,0
20,mixed,4.0,1,0.9999999997516728,0
20,hard_mixed,1.6,0,,0
20,hard_mixed,2.4,0,,0
20,hard_mixed,3.2,0,,0
20,hard_mixed,4.0,0,,0
20,phase_wipe,1.6,1,0.9999282289333685,1
20,phase_wipe,2.4,1,0.9999987602336231,1
20,phase_wipe,3.2,1,0.9999999777715388,1
20,phase_wipe,4.0,1,0.9999999996010813,1
20,dropout35,1.6,1,0.9999626966594484,1
20,dropout35,2.4,1,0.9999993574979448,1
20,dropout35,3.2,1,0.9999999884845385,1
20,dropout35,4.0,1,0.9999999997933509,1
20,mixed,1.6,1,0.9999492031822015,0
20,mixed,2.4,1,0.9999991194815749,0
20,mixed,3.2,1,0.9999999842054238,0
20,mixed,4.0,1,0.9999999997165291,0
20,hard_mixed,1.6,1,0.9999065195174909,0
20,hard_mixed,2.4,1,0.999998393518279,0
20,hard_mixed,3.2,1,0.9999999712159812,0
20,hard_mixed,4.0,1,0.9999999994834806,0
20,phase_wipe,1.6,1,0.999961886157682,1
20,phase_wipe,2.4,1,0.9999993389457954,1
20,phase_wipe,3.2,1,0.9999999881412044,1
20,phase_wipe,4.0,1,0.9999999997871635,1
20,dropout35,1.6,1,0.9999630923874107,1
20,dropout35,2.4,1,0.9999993641571744,1
20,dropout35,3.2,1,0.9999999886035222,1
20,dropout35,4.0,1,0.999999999795485,1
20,mixed,1.6,1,0.9999562476373355,0
20,mixed,2.4,1,0.9999992410223588,0
20,mixed,3.2,1,0.9999999863842415,0
20,mixed,4.0,1,0.9999999997556297,0
20,hard_mixed,1.6,1,0.9999077090977504,0
20,hard_mixed,2.4,1,0.999998414224052,0
20,hard_mixed,3.2,1,0.9999999715875838,0
20,hard_mixed,4.0,1,0.9999999994901498,0
21,phase_wipe,1.6,1,0.999961886157682,1
21,phase_wipe,2.4,1,0.9999993389457954,1
21,phase_wipe,3.2,1,0.9999999881412044,1
21,phase_wipe,4.0,1,0.9999999997871635,1
21,dropout35,1.6,1,0.9999630542395932,1
21,dropout35,2.4,1,0.999999363514746,1
21,dropout35,3.2,1,0.9999999885920424,1
21,dropout35,4.0,1,0.9999999997952791,1
21,mixed,1.6,1,0.9999571045104011,0
21,mixed,2.4,1,0.9999992558051584,0
21,mixed,3.2,1,0.9999999866492455,0
21,mixed,4.0,1,0.999999999760385,0
21,hard_mixed,1.6,0,,0
21,hard_mixed,2.4,0,,0
21,hard_mixed,3.2,0,,0
21,hard_mixed,4.0,0,,0
21,phase_wipe,1.6,1,0.9999588195249323,1
21,phase_wipe,2.4,1,0.9999992858707131,1
21,phase_wipe,3.2,1,0.999999987189347,1
21,phase_wipe,4.0,1,0.9999999997700801,1
21,dropout35,1.6,1,0.9999628580604382,1
21,dropout35,2.4,1,0.9999993602125954,1
21,dropout35,3.2,1,0.9999999885330397,1
21,dropout35,4.0,1,0.9999999997942212,1
21,mixed,1.6,1,0.9999581298077537,0
21,mixed,2.4,1,0.9999992735272,0
21,mixed,3.2,1,0.9999999869670184,0
21,mixed,4.0,1,0.9999999997660879,0
21,hard_mixed,1.6,1,0.9999099209501415,0
21,hard_mixed,2.4,1,0.9999984511684142,0
21,hard_mixed,3.2,1,0.999999972247022,0
21,hard_mixed,4.0,1,0.9999999995019777,0
21,phase_wipe,1.6,1,0.9999611021063721,1
21,phase_wipe,2.4,1,0.9999993253703078,1
21,phase_wipe,3.2,1,0.9999999878977259,1
21,phase_wipe,4.0,1,0.9999999997827936,1
21,dropout35,1.6,1,0.9999630340515275,1
21,dropout35,2.4,1,0.9999993631748091,1
21,dropout35,3.2,1,0.999999988585968,1
21,dropout35,4.0,1,0.9999999997951697,1
21,mixed,1.6,1,0.999956911639078,0
21,mixed,2.4,1,0.9999992524811467,0
21,mixed,3.2,1,0.9999999865896654,0
21,mixed,4.0,1,0.9999999997593155,0
21,hard_mixed,1.6,1,0.9999109256533314,0
21,hard_mixed,2.4,1,0.9999984695254246,0
21,hard_mixed,3.2,1,0.9999999725784843,0
21,hard_mixed,4.0,1,0.9999999995079318,0
21,phase_wipe,1.6,1,0.9999593715943956,1
21,phase_wipe,2.4,1,0.9999992954017127,1
21,phase_wipe,3.2,1,0.9999999873602208,1
21,phase_wipe,4.0,1,0.9999999997731474,1
21,dropout35,1.6,1,0.9999623959521713,1
21,dropout35,2.4,1,0.9999993524457195,1
21,dropout35,3.2,1,0.9999999883942872,1
21,dropout35,4.0,1,0.9999999997917324,1
21,mixed,1.6,1,0.9999567298782477,0
21,mixed,2.4,1,0.9999992490958355,0
21,mixed,3.2,1,0.9999999865283868,0
21,mixed,4.0,1,0.9999999997582152,0
21,hard_mixed,1.6,1,0.9999125015052356,0
21,hard_mixed,2.4,1,0.9999984966157055,0
21,hard_mixed,3.2,1,0.9999999730638857,0
21,hard_mixed,4.0,1,0.9999999995166421,0
21,phase_wipe,1.6,1,0.9999607943768337,1
21,phase_wipe,2.4,1,0.9999993200602997,1
21,phase_wipe,3.2,1,0.9999999878025334,1
21,phase_wipe,4.0,1,0.9999999997810853,1
21,dropout35,1.6,1,0.9999628670956741,1
21,dropout35,2.4,1,0.9999993603646189,1
21,dropout35,3.2,1,0.9999999885357553,1
21,dropout35,4.0,1,0.9999999997942693,1
21,mixed,1.6,1,0.9999579293711287,0
21,mixed,2.4,1,0.9999992700992323,0
21,mixed,3.2,1,0.9999999869056384,0
21,mixed,4.0,1,0.9999999997649865,0
21,hard_mixed,1.6,1,0.9999056336351674,0
21,hard_mixed,2.4,1,0.999998379080333,0
21,hard_mixed,3.2,1,0.999999970959133,0
21,hard_mixed,4.0,1,0.9999999994788759,0
21,phase_wipe,1.6,1,0.9999282289333685,1
21,phase_wipe,2.4,1,0.9999987602336231,1
21,phase_wipe,3.2,1,0.9999999777715388,1
21,phase_wipe,4.0,1,0.9999999996010813,1
21,dropout35,1.6,1,0.9999618015163113,1
21,dropout35,2.4,1,0.9999993424824518,1
21,dropout35,3.2,1,0.9999999882163626,1
21,dropout35,4.0,1,0.9999999997885405,1
21,mixed,1.6,1,0.999950829948521,0
21,mixed,2.4,1,0.9999991477738119,0
21,mixed,3.2,1,0.9999999847131408,0
21,mixed,4.0,1,0.9999999997256412,0
21,hard_mixed,1.6,1,0.9999039911220192,0
21,hard_mixed,2.4,1,0.9999983512842797,0
21,hard_mixed,3.2,1,0.9999999704621176,0
21,hard_mixed,4.0,1,0.9999999994699599,0
21,phase_wipe,1.6,1,0.999962014815189,1
21,phase_wipe,2.4,1,0.9999993411657452,1
21,phase_wipe,3.2,1,0.9999999881810012,1
21,phase_wipe,4.0,1,0.999999999787878,1
21,dropout35,1.6,1,0.9999640252679647,1
21,dropout35,2.4,1,0.9999993798955721,1
21,dropout35,3.2,1,0.999999988884825,1
21,dropout35,4.0,1,0.9999999998005314,1
21,mixed,1.6,1,0.9999594720145858,0
21,mixed,2.4,1,0.9999992967191629,0
21,mixed,3.2,1,0.9999999873828553,0
21,mixed,4.0,1,0.9999999997735507,0
21,hard_mixed,1.6,1,0.9999114086855039,0
21,hard_mixed,2.4,1,0.9999984775119264,0
21,hard_mixed,3.2,1,0.9999999727208452,0
21,hard_mixed,4.0,1,0.999999999510485,0
21,phase_wipe,1.6,1,0.9999612427045231,1
21,phase_wipe,2.4,1,0.9999993277968146,1
21,phase_wipe,3.2,1,0.9999999879412262,1
21,phase_wipe,4.0,1,0.9999999997835741,1
21,dropout35,1.6,1,0.9999632146064231,1
21,dropout35,2.4,1,0.9999993662160622,1
21,dropout35,3.2,1,0.9999999886403141,1
21,dropout35,4.0,1,0.9999999997961444,1
21,mixed,1.6,1,0.9999574094050185,0
21,mixed,2.4,1,0.9999992613182532,0
21,mixed,3.2,1,0.9999999867486755,0
21,mixed,4.0,1,0.9999999997621706,0
21,hard_mixed,1.6,1,0.9999106489750164,0
21,hard_mixed,2.4,1,0.9999984647775151,0
21,hard_mixed,3.2,1,0.9999999724934322,0
21,hard_mixed,4.0,1,0.9999999995064051,0
22,phase_wipe,1.6,1,0.9999611021063721,1
22,phase_wipe,2.4,1,0.9999993253703078,1
22,phase_wipe,3.2,1,0.9999999878977259,1
22,phase_wipe,4.0,1,0.9999999997827936,1
22,dropout35,1.6,1,0.9999621872530935,1
22,dropout35,2.4,1,0.9999993489438689,1
22,dropout35,3.2,1,0.9999999883317411,1
22,dropout35,4.0,1,0.9999999997906094,1
22,mixed,1.6,1,0.9999574335436249,0
22,mixed,2.4,1,0.9999992614750455,0
22,mixed,3.2,1,0.9999999867508709,0
22,mixed,4.0,1,0.9999999997622088,0
22,hard_mixed,1.6,1,0.999907912391707,0
22,hard_mixed,2.4,1,0.9999984178031219,0
22,hard_mixed,3.2,1,0.9999999716519097,0
22,hard_mixed,4.0,1,0.9999999994913049,0
22,phase_wipe,1.6,1,0.9999612427045231,1
22,phase_wipe,2.4,1,0.9999993277968146,1
22,phase_wipe,3.2,1,0.9999999879412262,1
22,phase_wipe,4.0,1,0.9999999997835741,1
22,dropout35,1.6,1,0.9999628804370744,1
22,dropout35,2.4,1,0.9999993605891065,1
22,dropout35,3.2,1,0.9999999885397657,1
22,dropout35,4.0,1,0.9999999997943406,1
22,mixed,1.6,1,0.9999578138661093,0
22,mixed,2.4,1,0.9999992679567828,0
22,mixed,3.2,1,0.9999999868668769,0
22,mixed,4.0,1,0.9999999997642897,0
22,hard_mixed,1.6,1,0.9999130950755633,0
22,hard_mixed,2.4,1,0.9999985056850925,0
22,hard_mixed,3.2,1,0.9999999732237332,0
22,hard_mixed,4.0,1,0.9999999995195039,0
22,phase_wipe,1.6,1,0.9999607943768337,1
22,phase_wipe,2.4,1,0.9999993200602997,1
22,phase_wipe,3.2,1,0.9999999878025334,1
22,phase_wipe,4.0,1,0.9999999997810853,1
22,dropout35,1.6,1,0.9999625273876722,1
22,dropout35,2.4,1,0.9999993546530767,1
22,dropout35,3.2,1,0.999999988433716,1
22,dropout35,4.0,1,0.9999999997924388,1
22,mixed,1.6,1,0.9999567787066123,0
22,mixed,2.4,1,0.9999992503812374,0
22,mixed,3.2,1,0.99999998655248,0
22,mixed,4.0,1,0.9999999997586495,0
22,hard_mixed,1.6,1,0.9999129057599975,0
22,hard_mixed,2.4,1,0.9999985026809459,0
22,hard_mixed,3.2,1,0.9999999731704923,0
22,hard_mixed,4.0,1,0.9999999995185501,0
22,phase_wipe,1.6,1,0.9999282289333685,1
22,phase_wipe,2.4,1,0.9999987602336231,1
22,phase_wipe,3.2,1,0.9999999777715388,1
22,phase_wipe,4.0,1,0.9999999996010813,1
22,dropout35,1.6,1,0.9999636253266024,1
22,dropout35,2.4,1,0.9999993731419698,1
22,dropout35,3.2,1,0.9999999887640986,1
22,dropout35,4.0,1,0.9999999997983654,1
22,mixed,1.6,1,0.9999486628037499,0
22,mixed,2.4,1,0.9999991102996194,0
22,mixed,3.2,1,0.9999999840411564,0
22,mixed,4.0,1,0.9999999997135819,0
22,hard_mixed,1.6,1,0.9999016372392632,0
22,hard_mixed,2.4,1,0.9999983119369318,0
22,hard_mixed,3.2,1,0.9999999697597081,0
22,hard_mixed,4.0,1,0.9999999994573617,0
22,phase_wipe,1.6,1,0.9999592009768311,1
22,phase_wipe,2.4,1,0.9999992924560137,1
22,phase_wipe,3.2,1,0.9999999873074098,1
22,phase_wipe,4.0,1,0.9999999997721998,1
22,dropout35,1.6,1,0.9999620655792331,1
22,dropout35,2.4,1,0.9999993469041127,1
22,dropout35,3.2,1,0.9999999882953144,1
22,dropout35,4.0,1,0.9999999997899568,1
22,mixed,1.6,1,0.9999578909778445,0
22,mixed,2.4,1,0.9999992694780296,0
22,mixed,3.2,1,0.9999999868945992,0
22,mixed,4.0,1,0.9999999997647891,0
22,hard_mixed,1.6,1,0.9999068072178088,0
22,hard_mixed,2.4,1,0.9999983974034399,0
22,hard_mixed,3.2,1,0.9999999712831092,0
22,hard_mixed,4.0,1,0.9999999994846794,0
22,phase_wipe,1.6,1,0.999961886157682,1
22,phase_wipe,2.4,1,0.9999993389457954,1
22,phase_wipe,3.2,1,0.9999999881412044,1
22,phase_wipe,4.0,1,0.9999999997871635,1
22,dropout35,1.6,1,0.9999640562265082,1
22,dropout35,2.4,1,0.9999993804187141,1
22,dropout35,3.2,1,0.999999988894177,1
22,dropout35,4.0,1,0.9999999998006992,1
22,mixed,1.6,1,0.9999552084592707,0
22,mixed,2.4,1,0.9999992231178607,0
22,mixed,3.2,1,0.9999999860633324,0
22,mixed,4.0,1,0.9999999997498702,0
22,hard_mixed,1.6,1,0.9999114755335521,0
22,hard_mixed,2.4,1,0.9999984775263678,0
22,hard_mixed,3.2,1,0.9999999727184435,0
22,hard_mixed,4.0,1,0.9999999995104354,0
22,phase_wipe,1.6,1,0.999962014815189,1
22,phase_wipe,2.4,1,0.9999993411657452,1
22,phase_wipe,3.2,1,0.9999999881810012,1
22,phase_wipe,4.0,1,0.999999999787878,1
22,dropout35,1.6,1,0.9999640998069812,1
22,dropout35,2.4,1,0.9999993811552282,1
22,dropout35,3.2,1,0.9999999889073447,1
22,dropout35,4.0,1,0.9999999998009356,1
22,mixed,1.6,1,0.9999578327834382,0
22,mixed,2.4,1,0.9999992683803465,0
22,mixed,3.2,1,0.9999999868747008,0
22,mixed,4.0,1,0.9999999997644313,0
22,hard_mixed,1.6,1,0.9999105513699562,0
22,hard_mixed,2.4,1,0.9999984618377314,0
22,hard_mixed,3.2,1,0.9999999724378011,0
22,hard_mixed,4.0,1,0.9999999995054003,0
22,phase_wipe,1.6,1,0.9999588195249323,1
22,phase_wipe,2.4,1,0.9999992858707131,1
22,phase_wipe,3.2,1,0.999999987189347,1
22,phase_wipe,4.0,1,0.9999999997700801,1
22,dropout35,1.6,1,0.9999632565261555,1
22,dropout35,2.4,1,0.999999366922465,1
22,dropout35,3.2,1,0.9999999886529392,1
22,dropout35,4.0,1,0.999999999796372,1
22,mixed,1.6,1,0.9999533454239173,0
22,mixed,2.4,1,0.9999991907991522,0
22,mixed,3.2,1,0.9999999854835512,0
22,mixed,4.0,1,0.999999999739465,0
22,hard_mixed,1.6,1,0.9999101706344928,0
22,hard_mixed,2.4,1,0.9999984554811446,0
22,hard_mixed,3.2,1,0.9999999723243458,0
22,hard_mixed,4.0,1,0.9999999995033654,0
23,phase_wipe,1.6,1,0.9999588195249323,1
23,phase_wipe,2.4,1,0.9999992858707131,1
23,phase_wipe,3.2,1,0.999999987189347,1
23,phase_wipe,4.0,1,0.9999999997700801,1
23,dropout35,1.6,1,0.999963585255115,1
23,dropout35,2.4,1,0.999999372465801,1
23,dropout35,3.2,1,0.9999999887520126,1
23,dropout35,4.0,1,0.9999999997981492,1
23,mixed,1.6,1,0.9999551460366003,0
23,mixed,2.4,1,0.9999992219615933,0
23,mixed,3.2,1,0.9999999860424165,0
23,mixed,4.0,1,0.9999999997494945,0
23,hard_mixed,1.6,1,0.9999097093107727,0
23,hard_mixed,2.4,1,0.9999984476596262,0
23,hard_mixed,3.2,1,0.9999999721844556,0
23,hard_mixed,4.0,1,0.9999999995008556,0
23,phase_wipe,1.6,1,0.9999611021063721,1
23,phase_wipe,2.4,1,0.9999993253703078,1
23,phase_wipe,3.2,1,0.9999999878977259,1
23,phase_wipe,4.0,1,0.9999999997827936,1
23,dropout35,1.6,1,0.9999642986378817,1
23,dropout35,2.4,1,0.9999993845167149,1
23,dropout35,3.2,1,0.999999988967443,1
23,dropout35,4.0,1,0.9999999998020132,1
23,mixed,1.6,1,0.9999562329359817,0
23,mixed,2.4,1,0.9999992405634794,0
23,mixed,3.2,1,0.9999999863755293,0
23,mixed,4.0,1,0.9999999997554713,0
23,hard_mixed,1.6,1,0.999910557584241,0
23,hard_mixed,2.4,1,0.9999984627014359,0
23,hard_mixed,3.2,1,0.9999999724550503,0
23,hard_mixed,4.0,1,0.9999999995057137,0
23,phase_wipe,1.6,1,0.9999592009768311,1
23,phase_wipe,2.4,1,0.9999992924560137,1
23,phase_wipe,3.2,1,0.9999999873074098,1
23,phase_wipe,4.0,1,0.9999999997721998,1
23,dropout35,1.6,1,0.9999622428388041,1
23,dropout35,2.4,1,0.9999993498761813,1
23,dropout35,3.2,1,0.9999999883483924,1
23,dropout35,4.0,1,0.9999999997909088,1
23,mixed,1.6,1,0.9999550791817015,0
23,mixed,2.4,1,0.999999220710364,0
23,mixed,3.2,1,0.9999999860197538,0
23,mixed,4.0,1,0.9999999997490874,0
23,hard_mixed,1.6,1,0.9999157578308167,0
23,hard_mixed,2.4,1,0.9999985530422711,0
23,hard_mixed,3.2,1,0.9999999740759812,0
23,hard_mixed,4.0,1,0.9999999995348063,0
23,phase_wipe,1.6,1,0.9999612427045231,1
23,phase_wipe,2.4,1,0.9999993277968146,1
23,phase_wipe,3.2,1,0.9999999879412262,1
23,phase_wipe,4.0,1,0.9999999997835741,1
23,dropout35,1.6,1,0.9999626888287033,1
23,dropout35,2.4,1,0.9999993573662864,1
23,dropout35,3.2,1,0.9999999884821853,1
23,dropout35,4.0,1,0.9999999997933078,1
23,mixed,1.6,1,0.9999548481099383,0
23,mixed,2.4,1,0.9999992169494946,0
23,mixed,3.2,1,0.9999999859528699,0
23,mixed,4.0,1,0.9999999997478874,0
23,hard_mixed,1.6,1,0.9999083245441585,0
23,hard_mixed,2.4,1,0.9999984241955333,0
23,hard_mixed,3.2,1,0.9999999717648271,0
23,hard_mixed,4.0,1,0.9999999994933266,0
23,phase_wipe,1.6,1,0.999961886157682,1
23,phase_wipe,2.4,1,0.9999993389457954,1
23,phase_wipe,3.2,1,0.9999999881412044,1
23,phase_wipe,4.0,1,0.9999999997871635,1
23,dropout35,1.6,1,0.9999631656220097,1
23,dropout35,2.4,1,0.9999993653907573,1
23,dropout35,3.2,1,0.999999988625566,1
23,dropout35,4.0,1,0.9999999997958806,1
23,mixed,1.6,1,0.9999570418454856,0
23,mixed,2.4,1,0.999999254822006,0
23,mixed,3.2,1,0.9999999866318527,0
23,mixed,4.0,1,0.9999999997600731,0
23,hard_mixed,1.6,1,0.9999115001435389,0
23,hard_mixed,2.4,1,0.9999984791612327,0
23,hard_mixed,3.2,1,0.9999999727505777,0
23,hard_mixed,4.0,1,0.9999999995110185,0
23,phase_wipe,1.6,1,0.9999607943768337,1
23,phase_wipe,2.4,1,0.9999993200602997,1
23,phase_wipe,3.2,1,0.9999999878025334,1
23,phase_wipe,4.0,1,0.9999999997810853,1
23,dropout35,1.6,1,0.9999623826720785,1
23,dropout35,2.4,1,0.9999993522227715,1
23,dropout35,3.2,1,0.9999999883903046,1
23,dropout35,4.0,1,0.9999999997916605,1
23,mixed,1.6,1,0.9999586863419874,0
23,mixed,2.4,1,0.9999992830834996,0
23,mixed,3.2,1,0.9999999871382228,0
23,mixed,4.0,1,0.99999999976916,0
23,hard_mixed,1.6,1,0.9999107672058378,0
23,hard_mixed,2.4,1,0.9999984657565143,0
23,hard_mixed,3.2,1,0.999999972508506,0
23,hard_mixed,4.0,1,0.9999999995066707,0
23,phase_wipe,1.6,1,0.9999282289333685,1
23,phase_wipe,2.4,1,0.9999987602336231,1
23,phase_wipe,3.2,1,0.9999999777715388,1
23,phase_wipe,4.0,1,0.9999999996010813,1
23,dropout35,1.6,1,0.9999632124046403,1
23,dropout35,2.4,1,0.9999993661789632,1
23,dropout35,3.2,1,0.9999999886396522,1
23,dropout35,4.0,1,0.9999999997961332,1
23,mixed,1.6,1,0.9999496148772916,0
23,mixed,2.4,1,0.9999991265749983,0
23,mixed,3.2,1,0.9999999843325624,0
23,mixed,4.0,1,0.9999999997188105,0
23,hard_mixed,1.6,1,0.9999020953498036,0
23,hard_mixed,2.4,1,0.9999983191012294,0
23,hard_mixed,3.2,1,0.9999999698864157,0
23,hard_mixed,4.0,1,0.9999999994596308,0
23,phase_wipe,1.6,1,0.999962014815189,1
23,phase_wipe,2.4,1,0.9999993411657452,1
23,phase_wipe,3.2,1,0.9999999881810012,1
23,phase_wipe,4.0,1,0.999999999787878,1
23,dropout35,1.6,1,0.9999625403622835,1
23,dropout35,2.4,1,0.9999993548710535,1
23,dropout35,3.2,1,0.9999999884376102,1
23,dropout35,4.0,1,0.9999999997925089,1
23,mixed,1.6,1,0.9999559312651702,0
23,mixed,2.4,1,0.9999992354981124,0
23,mixed,3.2,1,0.9999999862850547,0
23,mixed,4.0,1,0.9999999997538497,0
23,hard_mixed,1.6,1,0.9999051006693366,0
23,hard_mixed,2.4,1,0.9999983689969646,0
23,hard_mixed,3.2,1,0.9999999707763063,0
23,hard_mixed,4.0,1,0.9999999994755902,0
24,phase_wipe,1.6,1,0.9999592009768311,1
24,phase_wipe,2.4,1,0.9999992924560137,1
24,phase_wipe,3.2,1,0.9999999873074098,1
24,phase_wipe,4.0,1,0.9999999997721998,1
24,dropout35,1.6,1,0.9999622939985615,1
24,dropout35,2.4,1,0.9999993507345085,1
24,dropout35,3.2,1,0.9999999883637225,1
24,dropout35,4.0,1,0.999999999791184,1
24,mixed,1.6,1,0.9999567398494522,0
24,mixed,2.4,1,0.999999249717538,0
24,mixed,3.2,1,0.9999999865405973,0
24,mixed,4.0,1,0.9999999997584367,0
24,hard_mixed,1.6,1,0.9999104271777753,0
24,hard_mixed,2.4,1,0.9999984604476537,0
24,hard_mixed,3.2,1,0.9999999724146382,0
24,hard_mixed,4.0,1,0.999999999504989,0
24,phase_wipe,1.6,1,0.9999611021063721,1
24,phase_wipe,2.4,1,0.9999993253703078,1
24,phase_wipe,3.2,1,0.9999999878977259,1
24,phase_wipe,4.0,1,0.9999999997827936,1
24,dropout35,1.6,1,0.9999625690323422,1
24,dropout35,2.4,1,0.9999993553527653,1
24,dropout35,3.2,1,0.9999999884462146,1
24,dropout35,4.0,1,0.9999999997926629,1
24,mixed,1.6,1,0.9999575536309446,0
24,mixed,2.4,1,0.9999992636628693,0
24,mixed,3.2,1,0.9999999867903654,0
24,mixed,4.0,1,0.9999999997629175,0
24,hard_mixed,1.6,1,0.9999090788053173,0
24,hard_mixed,2.4,1,0.9999984366687841,0
24,hard_mixed,3.2,1,0.9999999719871671,0
24,hard_mixed,4.0,1,0.9999999994973141,0
24,phase_wipe,1.6,1,0.999962014815189,1
24,phase_wipe,2.4,1,0.9999993411657452,1
24,phase_wipe,3.2,1,0.9999999881810012,1
24,phase_wipe,4.0,1,0.999999999787878,1
24,dropout35,1.6,1,0.9999632153665311,1
24,dropout35,2.4,1,0.9999993662288706,1
24,dropout35,3.2,1,0.999999988640544,1
24,dropout35,4.0,1,0.9999999997961492,1
24,mixed,1.6,1,0.9999576278771305,0
24,mixed,2.4,1,0.9999992650923287,0
24,mixed,3.2,1,0.9999999868163439,0
24,mixed,4.0,1,0.9999999997633855,0
24,hard_mixed,1.6,1,0.999912133785986,0
24,hard_mixed,2.4,1,0.9999984893558944,0
24,hard_mixed,3.2,1,0.9999999729316087,0
24,hard_mixed,4.0,1,0.999999999514263,0
24,phase_wipe,1.6,1,0.999961886157682,1
24,phase_wipe,2.4,1,0.9999993389457954,1
24,phase_wipe,3.2,1,0.9999999881412044,1
24,phase_wipe,4.0,1,0.9999999997871635,1
24,dropout35,1.6,1,0.9999620799565939,1
24,dropout35,2.4,1,0.9999993471450619,1
24,dropout35,3.2,1,0.9999999882996169,1
24,dropout35,4.0,1,0.9999999997900336,1
24,mixed,1.6,1,0.9999566072413093,0
24,mixed,2.4,1,0.9999992472559599,0
24,mixed,3.2,1,0.9999999864960586,0
24,mixed,4.0,1,0.9999999997576363,0
24,hard_mixed,1.6,1,0.9999131902973278,0
24,hard_mixed,2.4,1,0.9999985079325328,0
24,hard_mixed,3.2,1,0.9999999732654373,0
24,hard_mixed,4.0,1,0.9999999995202564,0
24,phase_wipe,1.6,1,0.9999593715943956,1
24,phase_wipe,2.4,1,0.9999992954017127,1
24,phase_wipe,3.2,1,0.9999999873602208,1
24,phase_wipe,4.0,1,0.9999999997731474,1
24,dropout35,1.6,1,0.9999634600154331,1
24,dropout35,2.4,1,0.9999993703531107,1
24,dropout35,3.2,1,0.9999999887142516,1
24,dropout35,4.0,1,0.9999999997974719,1
24,mixed,1.6,1,0.9999585192018886,0
24,mixed,2.4,1,0.9999992801862329,0
24,mixed,3.2,1,0.9999999870862523,0
24,mixed,4.0,1,0.9999999997682275,0
24,hard_mixed,1.6,1,0.9999127277992017,0
24,hard_mixed,2.4,1,0.9999984998196135,0
24,hard_mixed,3.2,1,0.9999999731196872,0
24,hard_mixed,4.0,1,0.99999999951764,0
24,phase_wipe,1.6,1,0.9999612427045231,1
24,phase_wipe,2.4,1,0.9999993277968146,1
24,phase_wipe,3.2,1,0.9999999879412262,1
24,phase_wipe,4.0,1,0.9999999997835741,1
24,dropout35,1.6,1,0.9999627671541919,1
24,dropout35,2.4,1,0.9999993586833749,1
24,dropout35,3.2,1,0.9999999885057164,1
24,dropout35,4.0,1,0.99999999979373,1
24,mixed,1.6,1,0.9999578658278379,0
24,mixed,2.4,1,0.9999992689030901,0
24,mixed,3.2,1,0.9999999868839584,0
24,mixed,4.0,1,0.9999999997645962,0
24,hard_mixed,1.6,1,0.9999127039131349,1
24,hard_mixed,2.4,1,0.9999984986358196,1
24,hard_mixed,3.2,1,0.9999999730966648,1
24,hard_mixed,4.0,1,0.9999999995172217,1
24,phase_wipe,1.6,1,0.9999607943768337,1
24,phase_wipe,2.4,1,0.9999993200602997,1
24,phase_wipe,3.2,1,0.9999999878025334,1
24,phase_wipe,4.0,1,0.9999999997810853,1
24,dropout35,1.6,1,0.9999638282166801,1
24,dropout35,2.4,1,0.9999993765669659,1
24,dropout35,3.2,1,0.9999999888253199,1
24,dropout35,4.0,1,0.9999999997994639,1
24,mixed,1.6,1,0.9999564252475084,0
24,mixed,2.4,1,0.9999992440852135,0
24,mixed,3.2,1,0.9999999864391448,0
24,mixed,4.0,1,0.9999999997566149,0
24,hard_mixed,1.6,1,0.9999083495518316,0
24,hard_mixed,2.4,1,0.9999984252382744,0
24,hard_mixed,3.2,1,0.9999999717849466,0
24,hard_mixed,4.0,1,0.9999999994936921,0
24,phase_wipe,1.6,1,0.9999282289333685,1
24,phase_wipe,2.4,1,0.9999987602336231,1
24,phase_wipe,3.2,1,0.9999999777715388,1
24,phase_wipe,4.0,1,0.9999999996010813,1
24,dropout35,1.6,1,0.9999632103789309,1
24,dropout35,2.4,1,0.9999993661448306,1
24,dropout35,3.2,1,0.9999999886390422,1
24,dropout35,4.0,1,0.9999999997961225,1
24,mixed,1.6,1,0.9999502888319842,0
24,mixed,2.4,1,0.999999138440574,0
24,mixed,3.2,1,0.9999999845458332,0
24,mixed,4.0,1,0.9999999997226389,0
24,hard_mixed,1.6,1,0.9999036416746302,0
24,hard_mixed,2.4,1,0.9999983455045204,0
24,hard_mixed,3.2,1,0.9999999703590874,0
24,hard_mixed,4.0,1,0.9999999994681125,0
25,phase_wipe,1.6,1,0.9999611021063721,1
25,phase_wipe,2.4,1,0.9999993253703078,1
25,phase_wipe,3.2,1,0.9999999878977259,1
25,phase_wipe,4.0,1,0.9999999997827936,1
25,dropout35,1.6,1,0.9999624926858712,1
25,dropout35,2.4,1,0.9999993540701461,1
25,dropout35,3.2,1,0.9999999884233026,1
25,dropout35,4.0,1,0.9999999997922518,1
25,mixed,1.6,1,0.9999576827799314,0
25,mixed,2.4,1,0.999999265745388,0
25,mixed,3.2,1,0.9999999868273531,0
25,mixed,4.0,1,0.9999999997635808,0
25,hard_mixed,1.6,1,0.9999103056580546,0
25,hard_mixed,2.4,1,0.9999984580245773,0
25,hard_mixed,3.2,1,0.9999999723704411,0
25,hard_mixed,4.0,1,0.999999999504193,0
25,phase_wipe,1.6,1,0.999961886157682,1
25,phase_wipe,2.4,1,0.9999993389457954,1
25,phase_wipe,3.2,1,0.9999999881412044,1
25,phase_wipe,4.0,1,0.9999999997871635,1
25,dropout35,1.6,1,0.999962513266049,1
25,dropout35,2.4,1,0.9999993544158459,1
25,dropout35,3.2,1,0.9999999884294783,1
25,dropout35,4.0,1,0.9999999997923629,1
25,mixed,1.6,1,0.999956202482972,0
25,mixed,2.4,1,0.99999924011364,0
25,mixed,3.2,1,0.9999999863676444,0
25,mixed,4.0,1,0.9999999997553305,0
25,hard_mixed,1.6,1,0.9999106695379254,0
25,hard_mixed,2.4,1,0.999998463839282,0
25,hard_mixed,3.2,1,0.9999999724735967,0
25,hard_mixed,4.0,1,0.9999999995060425,0
25,phase_wipe,1.6,1,0.9999588195249323,1
25,phase_wipe,2.4,1,0.9999992858707131,1
25,phase_wipe,3.2,1,0.999999987189347,1
25,phase_wipe,4.0,1,0.9999999997700801,1
25,dropout35,1.6,1,0.999964380901559,1
25,dropout35,2.4,1,0.9999993859080609,1
25,dropout35,3.2,1,0.9999999889923201,1
25,dropout35,4.0,1,0.9999999998024598,1
25,mixed,1.6,1,0.9999567554147669,0
25,mixed,2.4,1,0.9999992496724476,0
25,mixed,3.2,1,0.9999999865390458,0
25,mixed,4.0,1,0.9999999997584069,0
25,hard_mixed,1.6,1,0.9999130352138531,0
25,hard_mixed,2.4,1,0.9999985046152948,0
25,hard_mixed,3.2,1,0.9999999732044699,0
25,hard_mixed,4.0,1,0.9999999995191586,0
25,phase_wipe,1.6,1,0.9999607943768337,1
25,phase_wipe,2.4,1,0.9999993200602997,1
25,phase_wipe,3.2,1,0.9999999878025334,1
25,phase_wipe,4.0,1,0.9999999997810853,1
25,dropout35,1.6,1,0.9999621976815838,1
25,dropout35,2.4,1,0.9999993491187597,1
25,dropout35,3.2,1,0.9999999883348645,1
25,dropout35,4.0,1,0.9999999997906658,1
25,mixed,1.6,1,0.9999574925810469,0
25,mixed,2.4,1,0.999999262397821,0
25,mixed,3.2,1,0.9999999867671862,0
25,mixed,4.0,1,0.999999999762501,0
25,hard_mixed,1.6,0,,0
25,hard_mixed,2.4,0,,0
25,hard_mixed,3.2,0,,0
25,hard_mixed,4.0,0,,0
25,phase_wipe,1.6,1,0.9999592009768311,1
25,phase_wipe,2.4,1,0.9999992924560137,1
25,phase_wipe,3.2,1,0.9999999873074098,1
25,phase_wipe,4.0,1,0.9999999997721998,1
25,dropout35,1.6,1,0.9999636398982139,1
25,dropout35,2.4,1,0.9999993733878758,1
25,dropout35,3.2,1,0.9999999887684943,1
25,dropout35,4.0,1,0.9999999997984446,1
25,mixed,1.6,1,0.9999566494782685,0
25,mixed,2.4,1,0.9999992479706096,0
25,mixed,3.2,1,0.999999986508836,0
25,mixed,4.0,1,0.9999999997578654,0
25,hard_mixed,1.6,1,0.9999100886782647,0
25,hard_mixed,2.4,1,0.9999984545006109,0
25,hard_mixed,3.2,1,0.9999999723077794,0
25,hard_mixed,4.0,1,0.9999999995030707,0
25,phase_wipe,1.6,1,0.9999282289333685,1
25,phase_wipe,2.4,1,0.9999987602336231,1
25,phase_wipe,3.2,1,0.9999999777715388,1
25,phase_wipe,4.0,1,0.9999999996010813,1
25,dropout35,1.6,1,0.9999640501857228,1
25,dropout35,2.4,1,0.9999993803166323,1
25,dropout35,3.2,1,0.9999999888923525,1
25,dropout35,4.0,1,0.9999999998006663,1
25,mixed,1.6,1,0.9999496466232033,0
25,mixed,2.4,1,0.9999991272763301,0
25,mixed,3.2,1,0.9999999843454977,0
25,mixed,4.0,1,0.9999999997190433,0
25,hard_mixed,1.6,1,0.9999039858113103,0
25,hard_mixed,2.4,1,0.9999983513432807,0
25,hard_mixed,3.2,1,0.9999999704635321,0
25,hard_mixed,4.0,1,0.9999999994699863,0
25,phase_wipe,1.6,1,0.999962014815189,1
25,phase_wipe,2.4,1,0.9999993411657452,1
25,phase_wipe,3.2,1,0.9999999881810012,1
25,phase_wipe,4.0,1,0.999999999787878,1
25,dropout35,1.6,1,0.9999623641981417,1
25,dropout35,2.4,1,0.999999351912655,1
25,dropout35,3.2,1,0.9999999883847651,1
25,dropout35,4.0,1,0.9999999997915613,1
25,mixed,1.6,1,0.9999559496273054,0
25,mixed,2.4,1,0.9999992357645459,0
25,mixed,3.2,1,0.9999999862897117,0
25,mixed,4.0,1,0.9999999997539325,0
25,hard_mixed,1.6,1,0.9999117872046472,0
25,hard_mixed,2.4,1,0.9999984844109987,0
25,hard_mixed,3.2,1,0.9999999728453786,0
25,hard_mixed,4.0,1,0.9999999995127219,0
25,phase_wipe,1.6,1,0.9999612427045231,1
25,phase_wipe,2.4,1,0.9999993277968146,1
25,phase_wipe,3.2,1,0.9999999879412262,1
25,phase_wipe,4.0,1,0.9999999997835741,1
25,dropout35,1.6,1,0.9999624591285536,1
25,dropout35,2.4,1,0.9999993535065357,1
25,dropout35,3.2,1,0.9999999884132347,1
25,dropout35,4.0,1,0.999999999792071,1
25,mixed,1.6,1,0.999955710584535,0
25,mixed,2.4,1,0.9999992317390629,0
25,mixed,3.2,1,0.9999999862177819,0
25,mixed,4.0,1,0.9999999997526416,0
25,hard_mixed,1.6,1,0.9999122734464259,0
25,hard_mixed,2.4,1,0.9999984915459333,0
25,hard_mixed,3.2,1,0.9999999729703569,0
25,hard_mixed,4.0,1,0.9999999995149572,0
26,phase_wipe,1.6,1,0.9999611021063721,1
26,phase_wipe,2.4,1,0.9999993253703078,1
26,phase_wipe,3.2,1,0.9999999878977259,1
26,phase_wipe,4.0,1,0.9999999997827936,1
26,dropout35,1.6,1,0.9999616488194023,1
26,dropout35,2.4,1,0.9999993399290561,1
26,dropout35,3.2,1,0.9999999881707773,1
26,dropout35,4.0,1,0.9999999997877226,1
26,mixed,1.6,1,0.9999568293968131,0
26,mixed,2.4,1,0.9999992510921426,0
26,mixed,3.2,1,0.999999986564836,0
26,mixed,4.0,1,0.9999999997588704,0
26,hard_mixed,1.6,1,0.999908631077169,0
26,hard_mixed,2.4,1,0.9999984303710927,0
26,hard_mixed,3.2,1,0.9999999718776017,0
26,hard_mixed,4.0,1,0.999999999495356,0
26,phase_wipe,1.6,1,0.9999607943768337,1
26,phase_wipe,2.4,1,0.9999993200602997,1
26,phase_wipe,3.2,1,0.9999999878025334,1
26,phase_wipe,4.0,1,0.9999999997810853,1
26,dropout35,1.6,1,0.9999620477635363,1
26,dropout35,2.4,1,0.9999993466055681,1
26,dropout35,3.2,1,0.9999999882899828,1
26,dropout35,4.0,1,0.9999999997898608,1
26,mixed,1.6,1,0.9999578724357245,0
26,mixed,2.4,1,0.999999269249735,0
26,mixed,3.2,1,0.9999999868907238,0
26,mixed,4.0,1,0.9999999997647199,0
26,hard_mixed,1.6,1,0.9999080728418454,0
26,hard_mixed,2.4,1,0.9999984191756711,0
26,hard_mixed,3.2,1,0.9999999716732607,0
26,hard_mixed,4.0,1,0.9999999994916805,0
26,phase_wipe,1.6,1,0.999962014815189,1
26,phase_wipe,2.4,1,0.9999993411657452,1
26,phase_wipe,3.2,1,0.9999999881810012,1
26,phase_wipe,4.0,1,0.999999999787878,1
26,dropout35,1.6,1,0.9999613555412272,1
26,dropout35,2.4,1,0.9999993350328846,1
26,dropout35,3.2,1,0.9999999880833887,1
26,dropout35,4.0,1,0.9999999997861557,1
26,mixed,1.6,1,0.9999567538011914,0
26,mixed,2.4,1,0.9999992497971009,0
26,mixed,3.2,1,0.9999999865416433,0
26,mixed,4.0,1,0.9999999997584542,0
26,hard_mixed,1.6,1,0.9999109205305318,0
26,hard_mixed,2.4,1,0.9999984687346937,0
26,hard_mixed,3.2,1,0.9999999725626709,0
26,hard_mixed,4.0,1,0.9999999995076438,0
26,phase_wipe,1.6,1,0.9999592009768311,1
26,phase_wipe,2.4,1,0.9999992924560137,1
26,phase_wipe,3.2,1,0.9999999873074098,1
26,phase_wipe,4.0,1,0.9999999997721998,1
26,dropout35,1.6,1,0.9999626768596636,1
26,dropout35,2.4,1,0.9999993571650629,1
26,dropout35,3.2,1,0.9999999884785914,1
26,dropout35,4.0,1,0.9999999997932443,1
26,mixed,1.6,1,0.9999554803844944,0
26,mixed,2.4,1,0.9999992279547921,0
26,mixed,3.2,1,0.9999999861503865,0
26,mixed,4.0,1,0.9999999997514338,0
26,hard_mixed,1.6,1,0.9999084143435807,0
26,hard_mixed,2.4,1,0.9999984265252078,0
26,hard_mixed,3.2,1,0.9999999718084087,0
26,hard_mixed,4.0,1,0.9999999994941143,0
26,phase_wipe,1.6,1,0.9999588195249323,1
26,phase_wipe,2.4,1,0.9999992858707131,1
26,phase_wipe,3.2,1,0.999999987189347,1
26,phase_wipe,4.0,1,0.9999999997700801,1
26,dropout35,1.6,1,0.9999626421131711,1
26,dropout35,2.4,1,0.9999993565809638,1
26,dropout35,3.2,1,0.9999999884681564,1
26,dropout35,4.0,1,0.9999999997930571,1
26,mixed,1.6,1,0.9999561491288174,0
26,mixed,2.4,1,0.999999239281307,0
26,mixed,3.2,1,0.9999999863529312,0
26,mixed,4.0,1,0.999999999755067,0
26,hard_mixed,1.6,1,0.9999110508850253,0
26,hard_mixed,2.4,1,0.9999984709172486,0
26,hard_mixed,3.2,1,0.9999999726016408,0
26,hard_mixed,4.0,1,0.9999999995083431,0
26,phase_wipe,1.6,1,0.9999593715943956,1
26,phase_wipe,2.4,1,0.9999992954017127,1
26,phase_wipe,3.2,1,0.9999999873602208,1
26,phase_wipe,4.0,1,0.9999999997731474,1
26,dropout35,1.6,1,0.99996400438204,1
26,dropout35,2.4,1,0.9999993795426673,1
26,dropout35,3.2,1,0.9999999888785159,1
26,dropout35,4.0,1,0.9999999998004186,1
26,mixed,1.6,1,0.9999589656099224,0
26,mixed,2.4,1,0.9999992878332056,0
26,mixed,3.2,1,0.9999999872232064,0
26,mixed,4.0,1,0.9999999997706852,0
26,hard_mixed,1.6,1,0.9999122025958022,0
26,hard_mixed,2.4,1,0.9999984915356065,0
26,hard_mixed,3.2,1,0.9999999729729974,0
26,hard_mixed,4.0,1,0.9999999995150115,0
26,phase_wipe,1.6,1,0.9999282289333685,1
26,phase_wipe,2.4,1,0.9999987602336231,1
26,phase_wipe,3.2,1,0.9999999777715388,1
26,phase_wipe,4.0,1,0.9999999996010813,1
26,dropout35,1.6,1,0.9999630115953436,1
26,dropout35,2.4,1,0.9999993627967142,1
26,dropout35,3.2,1,0.999999988579212,1
26,dropout35,4.0,1,0.9999999997950488,1
26,mixed,1.6,1,0.9999493595572304,0
26,mixed,2.4,1,0.9999991221690346,0
26,mixed,3.2,1,0.9999999842535743,0
26,mixed,4.0,1,0.999999999717393,0
26,hard_mixed,1.6,1,0.9999020832299945,0
26,hard_mixed,2.4,1,0.9999983191910674,0
26,hard_mixed,3.2,1,0.9999999698887235,0
26,hard_mixed,4.0,1,0.9999999994596742,0
26,phase_wipe,1.6,1,0.999961886157682,1
26,phase_wipe,2.4,1,0.9999993389457954,1
26,phase_wipe,3.2,1,0.9999999881412044,1
26,phase_wipe,4.0,1,0.9999999997871635,1
26,dropout35,1.6,1,0.9999622482931515,1
26,dropout35,2.4,1,0.9999993499676795,1
26,dropout35,3.2,1,0.9999999883500262,1
26,dropout35,4.0,1,0.9999999997909382,1
26,mixed,1.6,1,0.9999589404910395,0
26,mixed,2.4,1,0.9999992876894392,0
26,mixed,3.2,1,0.999999987221316,0
26,mixed,4.0,1,0.9999999997706527,0
26,hard_mixed,1.6,1,0.9999121544409514,0
26,hard_mixed,2.4,1,0.9999984897776262,0
26,hard_mixed,3.2,1,0.9999999729393231,0
26,hard_mixed,4.0,1,0.9999999995144024,0
27,phase_wipe,1.6,1,0.9999607943768337,1
27,phase_wipe,2.4,1,0.9999993200602997,1
27,phase_wipe,3.2,1,0.9999999878025334,1
27,phase_wipe,4.0,1,0.9999999997810853,1
27,dropout35,1.6,1,0.9999628021105075,1
27,dropout35,2.4,1,0.9999993592713358,1
27,dropout35,3.2,1,0.9999999885162218,1
27,dropout35,4.0,1,0.999999999793919,1
27,mixed,1.6,1,0.999957557891426,0
27,mixed,2.4,1,0.9999992637510692,0
27,mixed,3.2,1,0.9999999867919823,0
27,mixed,4.0,1,0.9999999997629476,0
27,hard_mixed,1.6,1,0.9999145623229254,0
27,hard_mixed,2.4,1,0.9999985303820867,0
27,hard_mixed,3.2,1,0.9999999736650218,0
27,hard_mixed,4.0,1,0.9999999995274198,0
27,phase_wipe,1.6,1,0.9999611021063721,1
27,phase_wipe,2.4,1,0.9999993253703078,1
27,phase_wipe,3.2,1,0.9999999878977259,1
27,phase_wipe,4.0,1,0.9999999997827936,1
27,dropout35,1.6,1,0.9999621653836729,1
27,dropout35,2.4,1,0.9999993485771428,1
27,dropout35,3.2,1,0.9999999883251913,1
27,dropout35,4.0,1,0.9999999997904916,1
27,mixed,1.6,1,0.9999584073088951,0
27,mixed,2.4,1,0.9999992781912121,0
27,mixed,3.2,1,0.9999999870503361,0
27,mixed,4.0,1,0.999999999767582,0
27,hard_mixed,1.6,1,0.9999086809760092,1
27,hard_mixed,2.4,1,0.9999984310084061,1
27,hard_mixed,3.2,1,0.9999999718885045,1
27,hard_mixed,4.0,1,0.9999999994955505,1
27,phase_wipe,1.6,1,0.9999593715943956,1
27,phase_wipe,2.4,1,0.9999992954017127,1
27,phase_wipe,3.2,1,0.9999999873602208,1
27,phase_wipe,4.0,1,0.9999999997731474,1
27,dropout35,1.6,1,0.999962988853639,1
27,dropout35,2.4,1,0.9999993624138473,1
27,dropout35,3.2,1,0.9999999885723708,1
27,dropout35,4.0,1,0.9999999997949264,1
27,mixed,1.6,1,0.9999595375723238,0
27,mixed,2.4,1,0.9999992978477565,0
27,mixed,3.2,1,0.9999999874030809,0
27,mixed,4.0,1,0.9999999997739137,0
27,hard_mixed,1.6,1,0.9999125852337462,0
27,hard_mixed,2.4,1,0.999998496869536,0
27,hard_mixed,3.2,1,0.9999999730656578,0
27,hard_mixed,4.0,1,0.9999999995166677,0
27,phase_wipe,1.6,1,0.9999612427045231,1
27,phase_wipe,2.4,1,0.9999993277968146,1
27,phase_wipe,3.2,1,0.9999999879412262,1
27,phase_wipe,4.0,1,0.9999999997835741,1
27,dropout35,1.6,1,0.9999626548187414,1
27,dropout35,2.4,1,0.9999993567945361,1
27,dropout35,3.2,1,0.9999999884719708,1
27,dropout35,4.0,1,0.9999999997931245,1
27,mixed,1.6,1,0.9999592418412815,0
27,mixed,2.4,1,0.9999992930498494,0
27,mixed,3.2,1,0.9999999873177913,0
27,mixed,4.0,1,0.9999999997723842,0
27,hard_mixed,1.6,1,0.9999092302551538,0
27,hard_mixed,2.4,1,0.9999984399787323,0
27,hard_mixed,3.2,1,0.9999999720481274,0
27,hard_mixed,4.0,1,0.999999999498412,0
27,phase_wipe,1.6,1,0.999962014815189,1
27,phase_wipe,2.4,1,0.9999993411657452,1
27,phase_wipe,3.2,1,0.9999999881810012,1
27,phase_wipe,4.0,1,0.999999999787878,1
27,dropout35,1.6,1,0.999962693879113,1
27,dropout35,2.4,1,0.9999993574511986,1
27,dropout35,3.2,1,0.9999999884837033,1
27,dropout35,4.0,1,0.999999999793336,1
27,mixed,1.6,1,0.9999549311038075,0
27,mixed,2.4,1,0.9999992183393113,0
27,mixed,3.2,1,0.9999999859776859,0
27,mixed,4.0,1,0.999999999748334,0
27,hard_mixed,1.6,1,0.9999144936690879,0
27,hard_mixed,2.4,1,0.9999985298901476,0
27,hard_mixed,3.2,1,0.9999999736578212,0
27,hard_mixed,4.0,1,0.9999999995272949,0
27,phase_wipe,1.6,1,0.9999592009768311,1
27,phase_wipe,2.4,1,0.9999992924560137,1
27,phase_wipe,3.2,1,0.9999999873074098,1
27,phase_wipe,4.0,1,0.9999999997721998,1
27,dropout35,1.6,1,0.9999631867632855,1
27,dropout35,2.4,1,0.9999993657469334,1
27,dropout35,3.2,1,0.9999999886319315,1
27,dropout35,4.0,1,0.9999999997959947,1
27,mixed,1.6,1,0.9999569062858917,0
27,mixed,2.4,1,0.9999992524716114,0
27,mixed,3.2,1,0.9999999865896901,0
27,mixed,4.0,1,0.9999999997593167,0
27,hard_mixed,1.6,1,0.9999135340627737,0
27,hard_mixed,2.4,1,0.99999851402353,0
27,hard_mixed,3.2,1,0.999999973374996,0
27,hard_mixed,4.0,1,0.9999999995222232,0
27,phase_wipe,1.6,1,0.9999282289333685,1
27,phase_wipe,2.4,1,0.9999987602336231,1
27,phase_wipe,3.2,1,0.9999999777715388,1
27,phase_wipe,4.0,1,0.9999999996010813,1
27,dropout35,1.6,1,0.9999634012608359,1
27,dropout35,2.4,1,0.9999993693622956,1
27,dropout35,3.2,1,0.9999999886965429,1
27,dropout35,4.0,1,0.9999999997971537,1
27,mixed,1.6,1,0.9999505431599209,0
27,mixed,2.4,1,0.9999991427881245,0
27,mixed,3.2,1,0.9999999846236748,0
27,mixed,4.0,1,0.9999999997240357,0
27,hard_mixed,1.6,1,0.9999015108611511,0
27,hard_mixed,2.4,1,0.9999983083671574,0
27,hard_mixed,3.2,1,0.9999999696924798,0
27,hard_mixed,4.0,1,0.9999999994561471,0
27,phase_wipe,1.6,1,0.999961886157682,1
27,phase_wipe,2.4,1,0.9999993389457954,1
27,phase_wipe,3.2,1,0.9999999881412044,1
27,phase_wipe,4.0,1,0.9999999997871635,1
27,dropout35,1.6,1,0.9999630204142462,1
27,dropout35,2.4,1,0.9999993629451935,1
27,dropout35,3.2,1,0.9999999885818651,1
27,dropout35,4.0,1,0.9999999997950961,1
27,mixed,1.6,1,0.9999563224833085,0
27,mixed,2.4,1,0.9999992424206443,0
27,mixed,3.2,1,0.9999999864095622,0
27,mixed,4.0,1,0.9999999997560846,0
27,hard_mixed,1.6,1,0.9999115961076686,0
27,hard_mixed,2.4,1,0.9999984804541922,0
27,hard_mixed,3.2,1,0.9999999727729099,0
27,hard_mixed,4.0,1,0.999999999511417,0
28,phase_wipe,1.6,1,0.9999592009768311,1
28,phase_wipe,2.4,1,0.9999992924560137,1
28,phase_wipe,3.2,1,0.9999999873074098,1
28,phase_wipe,4.0,1,0.9999999997721998,1
28,dropout35,1.6,1,0.9999622603121736,1
28,dropout35,2.4,1,0.9999993501693121,1
28,dropout35,3.2,1,0.9999999883536274,1
28,dropout35,4.0,1,0.9999999997910027,1
28,mixed,1.6,1,0.9999557249272458,0
28,mixed,2.4,1,0.9999992320308166,0
28,mixed,3.2,1,0.9999999862231166,0
28,mixed,4.0,1,0.9999999997527381,0
28,hard_mixed,1.6,1,0.999908044987419,0
28,hard_mixed,2.4,1,0.9999984187089948,0
28,hard_mixed,3.2,1,0.9999999716649247,0
28,hard_mixed,4.0,1,0.9999999994915312,0
28,phase_wipe,1.6,1,0.9999611021063721,1
28,phase_wipe,2.4,1,0.9999993253703078,1
28,phase_wipe,3.2,1,0.9999999878977259,1
28,phase_wipe,4.0,1,0.9999999997827936,1
28,dropout35,1.6,1,0.999962674754262,1
28,dropout35,2.4,1,0.999999357129667,1
28,dropout35,3.2,1,0.9999999884779587,1
28,dropout35,4.0,1,0.9999999997932323,1
28,mixed,1.6,1,0.999957254348171,0
28,mixed,2.4,1,0.999999258444238,0
28,mixed,3.2,1,0.9999999866966826,0
28,mixed,4.0,1,0.9999999997612364,0
28,hard_mixed,1.6,1,0.9999105533370611,0
28,hard_mixed,2.4,1,0.9999984619031599,0
28,hard_mixed,3.2,1,0.999999972439047,0
28,hard_mixed,4.0,1,0.9999999995054222,0
28,phase_wipe,1.6,1,0.9999612427045231,1
28,phase_wipe,2.4,1,0.9999993277968146,1
28,phase_wipe,3.2,1,0.9999999879412262,1
28,phase_wipe,4.0,1,0.9999999997835741,1
28,dropout35,1.6,1,0.9999624872020708,1
28,dropout35,2.4,1,0.9999993539780363,1
28,dropout35,3.2,1,0.9999999884216567,1
28,dropout35,4.0,1,0.999999999792222,1
28,mixed,1.6,1,0.999955516486764,0
28,mixed,2.4,1,0.9999992283573542,0
28,mixed,3.2,1,0.9999999861570807,0
28,mixed,4.0,1,0.9999999997515521,0
28,hard_mixed,1.6,1,0.999911630413234,0
28,hard_mixed,2.4,1,0.9999984809137215,0
28,hard_mixed,3.2,1,0.9999999727808362,0
28,hard_mixed,4.0,1,0.9999999995115589,0
28,phase_wipe,1.6,1,0.999961886157682,1
28,phase_wipe,2.4,1,0.9999993389457954,1
28,phase_wipe,3.2,1,0.9999999881412044,1
28,phase_wipe,4.0,1,0.9999999997871635,1
28,dropout35,1.6,1,0.9999630767039871,1
28,dropout35,2.4,1,0.999999363893046,1
28,dropout35,3.2,1,0.9999999885988027,1
28,dropout35,4.0,1,0.9999999997954008,1
28,mixed,1.6,1,0.9999588686373143,0
28,mixed,2.4,1,0.9999992864377083,0
28,mixed,3.2,1,0.9999999871988492,0
28,mixed,4.0,1,0.9999999997702491,0
28,hard_mixed,1.6,1,0.9999091243839874,0
28,hard_mixed,2.4,1,0.9999984375697083,0
28,hard_mixed,3.2,1,0.9999999720035853,0
28,hard_mixed,4.0,1,0.9999999994976098,0
28,phase_wipe,1.6,1,0.9999607943768337,1
28,phase_wipe,2.4,1,0.9999993200602997,1
28,phase_wipe,3.2,1,0.9999999878025334,1
28,phase_wipe,4.0,1,0.9999999997810853,1
28,dropout35,1.6,1,0.9999625989628508,1
28,dropout35,2.4,1,0.999999355855727,1
28,dropout35,3.2,1,0.9999999884552,1
28,dropout35,4.0,1,0.9999999997928245,1
28,mixed,1.6,1,0.9999563522925167,0
28,mixed,2.4,1,0.9999992429237575,0
28,mixed,3.2,1,0.9999999864185546,0
28,mixed,4.0,1,0.9999999997562458,0
28,hard_mixed,1.6,1,0.9999095974731148,0
28,hard_mixed,2.4,1,0.9999984457534855,0
28,hard_mixed,3.2,1,0.9999999721503441,0
28,hard_mixed,4.0,1,0.9999999995002442,0
28,phase_wipe,1.6,1,0.9999282289333685,1
28,phase_wipe,2.4,1,0.9999987602336231,1
28,phase_wipe,3.2,1,0.9999999777715388,1
28,phase_wipe,4.0,1,0.9999999996010813,1
28,dropout35,1.6,1,0.999962322484645,1
28,dropout35,2.4,1,0.9999993512125327,1
28,dropout35,3.2,1,0.9999999883722601,1
28,dropout35,4.0,1,0.9999999997913366,1
28,mixed,1.6,1,0.9999505726601305,0
28,mixed,2.4,1,0.9999991432536427,0
28,mixed,3.2,1,0.9999999846319173,0
28,mixed,4.0,1,0.9999999997241834,0
28,hard_mixed,1.6,1,0.9999033752327915,1
28,hard_mixed,2.4,1,0.9999983417589149,1
28,hard_mixed,3.2,1,0.9999999702939272,1
28,hard_mixed,4.0,1,0.9999999994669477,1
28,phase_wipe,1.6,1,0.9999588195249323,1
28,phase_wipe,2.4,1,0.9999992858707131,1
28,phase_wipe,3.2,1,0.999999987189347,1
28,phase_wipe,4.0,1,0.9999999997700801,1
28,dropout35,1.6,1,0.999963557900488,1
28,dropout35,2.4,1,0.9999993720042708,1
28,dropout35,3.2,1,0.9999999887437634,1
28,dropout35,4.0,1,0.999999999798001,1
28,mixed,1.6,1,0.9999546433974099,0
28,mixed,2.4,1,0.9999992134022387,0
28,mixed,3.2,1,0.9999999858892429,0
28,mixed,4.0,1,0.9999999997467462,0
28,hard_mixed,1.6,1,0.999909972279069,0
28,hard_mixed,2.4,1,0.9999984520254267,0
28,hard_mixed,3.2,1,0.9999999722623192,0
28,hard_mixed,4.0,1,0.9999999995022525,0
28,phase_wipe,1.6,1,0.999962014815189,1
28,phase_wipe,2.4,1,0.9999993411657452,1
28,phase_wipe,3.2,1,0.9999999881810012,1
28,phase_wipe,4.0,1,0.999999999787878,1
28,dropout35,1.6,1,0.9999623753280815,1
28,dropout35,2.4,1,0.9999993520994868,1
28,dropout35,3.2,1,0.9999999883881026,1
28,dropout35,4.0,1,0.9999999997916212,1
28,mixed,1.6,1,0.9999573704406498,0
28,mixed,2.4,1,0.9999992603941587,0
28,mixed,3.2,1,0.9999999867315127,0
28,mixed,4.0,1,0.9999999997618613,0
28,hard_mixed,1.6,1,0.9999150107165984,0
28,hard_mixed,2.4,1,0.9999985393173983,0
28,hard_mixed,3.2,1,0.9999999738279987,0
28,hard_mixed,4.0,1,0.9999999995303515,0
29,phase_wipe,1.6,1,0.999962014815189,1
29,phase_wipe,2.4,1,0.9999993411657452,1
29,phase_wipe,3.2,1,0.9999999881810012,1
29,phase_wipe,4.0,1,0.999999999787878,1
29,dropout35,1.6,1,0.999962280658962,1
29,dropout35,2.4,1,0.9999993505106817,1
29,dropout35,3.2,1,0.9999999883597245,1
29,dropout35,4.0,1,0.9999999997911121,1
29,mixed,1.6,1,0.9999565995780564,0
29,mixed,2.4,1,0.9999992471702095,0
29,mixed,3.2,1,0.9999999864946315,0
29,mixed,4.0,1,0.9999999997576113,0
29,hard_mixed,1.6,1,0.9999097082034653,0
29,hard_mixed,2.4,1,0.9999984469421931,0
29,hard_mixed,3.2,1,0.9999999721699655,0
29,hard_mixed,4.0,1,0.9999999995005918,0
29,phase_wipe,1.6,1,0.9999611021063721,1
29,phase_wipe,2.4,1,0.9999993253703078,1
29,phase_wipe,3.2,1,0.9999999878977259,1
29,phase_wipe,4.0,1,0.9999999997827936,1
29,dropout35,1.6,1,0.9999621853755153,1
29,dropout35,2.4,1,0.9999993489123823,1
29,dropout35,3.2,1,0.9999999883311785,1
29,dropout35,4.0,1,0.9999999997905996,1
29,mixed,1.6,1,0.9999575497372095,0
29,mixed,2.4,1,0.9999992635446446,0
29,mixed,3.2,1,0.9999999867881261,0
29,mixed,4.0,1,0.9999999997628775,0
29,hard_mixed,1.6,1,0.999909559778285,0
29,hard_mixed,2.4,1,0.9999984459993931,0
29,hard_mixed,3.2,1,0.99999997215684,0
29,hard_mixed,4.0,1,0.9999999995003649,0
29,phase_wipe,1.6,1,0.999961886157682,1
29,phase_wipe,2.4,1,0.9999993389457954,1
29,phase_wipe,3.2,1,0.9999999881412044,1
29,phase_wipe,4.0,1,0.9999999997871635,1
29,dropout35,1.6,1,0.9999620425329652,1
29,dropout35,2.4,1,0.9999993465179237,1
29,dropout35,3.2,1,0.9999999882884182,1
29,dropout35,4.0,1,0.999999999789833,1
29,mixed,1.6,1,0.9999559186950857,0
29,mixed,2.4,1,0.9999992354370872,0
29,mixed,3.2,1,0.9999999862843291,0
29,mixed,4.0,1,0.9999999997538368,0
29,hard_mixed,1.6,1,0.9999114268485381,0
29,hard_mixed,2.4,1,0.9999984773986264,0
29,hard_mixed,3.2,1,0.9999999727178177,0
29,hard_mixed,4.0,1,0.9999999995104286,0
29,phase_wipe,1.6,1,0.9999592009768311,1
29,phase_wipe,2.4,1,0.9999992924560137,1
29,phase_wipe,3.2,1,0.9999999873074098,1
29,phase_wipe,4.0,1,0.9999999997721998,1
29,dropout35,1.6,1,0.9999633799335292,1
29,dropout35,2.4,1,0.9999993690026927,1
29,dropout35,3.2,1,0.9999999886901162,1
29,dropout35,4.0,1,0.999999999797039,1
29,mixed,1.6,1,0.9999560414709586,0
29,mixed,2.4,1,0.9999992375396637,0
29,mixed,3.2,1,0.9999999863219843,0
29,mixed,4.0,1,0.9999999997545124,0
29,hard_mixed,1.6,1,0.9999127461337624,0
29,hard_mixed,2.4,1,0.9999985002308028,0
29,hard_mixed,3.2,1,0.9999999731272787,0
29,hard_mixed,4.0,1,0.9999999995177766,0
29,phase_wipe,1.6,1,0.9999607943768337,1
29,phase_wipe,2.4,1,0.9999993200602997,1
29,phase_wipe,3.2,1,0.9999999878025334,1
29,phase_wipe,4.0,1,0.9999999997810853,1
29,dropout35,1.6,1,0.9999632081820653,1
29,dropout35,2.4,1,0.9999993661078139,1
29,dropout35,3.2,1,0.9999999886383802,1
29,dropout35,4.0,1,0.9999999997961102,1
29,mixed,1.6,1,0.9999581442781527,0
29,mixed,2.4,1,0.9999992739649461,0
29,mixed,3.2,1,0.9999999869753121,0
29,mixed,4.0,1,0.999999999766238,0
29,hard_mixed,1.6,1,0.9999119994945995,1
29,hard_mixed,2.4,1,0.9999984872679301,1
29,hard_mixed,3.2,1,0.9999999728947134,1
29,hard_mixed,4.0,1,0.9999999995136025,1
29,phase_wipe,1.6,1,0.9999282289333685,1
29,phase_wipe,2.4,1,0.9999987602336231,1
29,phase_wipe,3.2,1,0.9999999777715388,1
29,phase_wipe,4.0,1,0.9999999996010813,1
29,dropout35,1.6,1,0.9999636139577256,1
29,dropout35,2.4,1,0.9999993729501215,1
29,dropout35,3.2,1,0.9999999887606693,1
29,dropout35,4.0,1,0.999999999798304,1
29,mixed,1.6,1,0.9999472223543997,0
29,mixed,2.4,1,0.9999990855205925,0
29,mixed,3.2,1,0.9999999835971259,0
29,mixed,4.0,1,0.999999999705613,0
29,hard_mixed,1.6,1,0.999902411559885,0
29,hard_mixed,2.4,1,0.9999983253890352,0
29,hard_mixed,3.2,1,0.9999999700010705,0
29,hard_mixed,4.0,1,0.9999999994616937,0
29,phase_wipe,1.6,1,0.9999593715943956,1
29,phase_wipe,2.4,1,0.9999992954017127,1
29,phase_wipe,3.2,1,0.9999999873602208,1
29,phase_wipe,4.0,1,0.9999999997731474,1
29,dropout35,1.6,1,0.9999635156479053,1
29,dropout35,2.4,1,0.9999993712914687,1
29,dropout35,3.2,1,0.999999988731023,1
29,dropout35,4.0,1,0.9999999997977722,1
29,mixed,1.6,1,0.9999574972660509,0
29,mixed,2.4,1,0.9999992628705627,0
29,mixed,3.2,1,0.9999999867765892,0
29,mixed,4.0,1,0.9999999997626721,0
29,hard_mixed,1.6,1,0.9999161012227754,0
29,hard_mixed,2.4,1,0.9999985566521798,0
29,hard_mixed,3.2,1,0.9999999741352933,0
29,hard_mixed,4.0,1,0.9999999995358576,0
29,phase_wipe,1.6,1,0.9999612427045231,1
29,phase_wipe,2.4,1,0.9999993277968146,1
29,phase_wipe,3.2,1,0.9999999879412262,1
29,phase_wipe,4.0,1,0.9999999997835741,1
29,dropout35,1.6,1,0.9999619432319047,1
29,dropout35,2.4,1,0.9999993448545353,1
29,dropout35,3.2,1,0.9999999882587148,1
29,dropout35,4.0,1,0.9999999997892992,1
29,mixed,1.6,1,0.9999569521209127,0
29,mixed,2.4,1,0.9999992533741339,0
29,mixed,3.2,1,0.9999999866061346,0
29,mixed,4.0,1,0.9999999997596123,0
29,hard_mixed,1.6,1,0.9999088932697298,0
29,hard_mixed,2.4,1,0.9999984338490795,0
29,hard_mixed,3.2,1,0.9999999719375111,0
29,hard_mixed,4.0,1,0.9999999994964248,0
30,phase_wipe,1.6,1,0.9999607943768337,1
30,phase_wipe,2.4,1,0.9999993200602997,1
30,phase_wipe,3.2,1,0.9999999878025334,1
30,phase_wipe,4.0,1,0.9999999997810853,1
30,dropout35,1.6,1,0.9999629395784357,1
30,dropout35,2.4,1,0.9999993615844011,1
30,dropout35,3.2,1,0.9999999885575501,1
30,dropout35,4.0,1,0.9999999997946604,1
30,mixed,1.6,1,0.9999574173700865,0
30,mixed,2.4,1,0.9999992612579011,0
30,mixed,3.2,1,0.9999999867471249,0
30,mixed,4.0,1,0.9999999997621422,0
30,hard_mixed,1.6,1,0.9999098738550225,0
30,hard_mixed,2.4,1,0.9999984505656937,0
30,hard_mixed,3.2,1,0.9999999722367096,0
30,hard_mixed,4.0,1,0.9999999995017935,0
30,phase_wipe,1.6,1,0.9999612427045231,1
30,phase_wipe,2.4,1,0.9999993277968146,1
30,phase_wipe,3.2,1,0.9999999879412262,1
30,phase_wipe,4.0,1,0.9999999997835741,1
30,dropout35,1.6,1,0.9999622365075986,1
30,dropout35,2.4,1,0.9999993497699753,1
30,dropout35,3.2,1,0.9999999883464944,1
30,dropout35,4.0,1,0.9999999997908736,1
30,mixed,1.6,1,0.9999584857281204,0
30,mixed,2.4,1,0.9999992796744929,0
30,mixed,3.2,1,0.9999999870772341,0
30,mixed,4.0,1,0.9999999997680654,0
30,hard_mixed,1.6,1,0.999913494572744,0
30,hard_mixed,2.4,1,0.9999985138590742,0
30,hard_mixed,3.2,1,0.9999999733732533,0
30,hard_mixed,4.0,1,0.9999999995221942,0
30,phase_wipe,1.6,1,0.9999611021063721,1
30,phase_wipe,2.4,1,0.9999993253703078,1
30,phase_wipe,3.2,1,0.9999999878977259,1
30,phase_wipe,4.0,1,0.9999999997827936,1
30,dropout35,1.6,1,0.9999625332167187,1
30,dropout35,2.4,1,0.999999354751004,1
30,dropout35,3.2,1,0.9999999884354652,1
30,dropout35,4.0,1,0.9999999997924698,1
30,mixed,1.6,1,0.9999567695471904,0
30,mixed,2.4,1,0.9999992498680667,0
30,mixed,3.2,1,0.9999999865424385,0
30,mixed,4.0,1,0.9999999997584671,0
30,hard_mixed,1.6,1,0.9999091777347543,0
30,hard_mixed,2.4,1,0.999998438922028,0
30,hard_mixed,3.2,1,0.9999999720288348,0
30,hard_mixed,4.0,1,0.9999999994980648,0
30,phase_wipe,1.6,1,0.9999593715943956,1
30,phase_wipe,2.4,1,0.9999992954017127,1
30,phase_wipe,3.2,1,0.9999999873602208,1
30,phase_wipe,4.0,1,0.9999999997731474,1
30,dropout35,1.6,1,0.9999619103327483,1
30,dropout35,2.4,1,0.999999344303668,1
30,dropout35,3.2,1,0.9999999882488791,1
30,dropout35,4.0,1,0.9999999997891239,1
30,mixed,1.6,1,0.9999587359189974,0
30,mixed,2.4,1,0.9999992840808574,0
30,mixed,3.2,1,0.9999999871564385,0
30,mixed,4.0,1,0.9999999997694877,0
30,hard_mixed,1.6,1,0.9999135587995839,0
30,hard_mixed,2.4,1,0.9999985139775384,0
30,hard_mixed,3.2,1,0.9999999733730689,0
30,hard_mixed,4.0,1,0.9999999995221857,0
30,phase_wipe,1.6,1,0.999961886157682,1
30,phase_wipe,2.4,1,0.9999993389457954,1
30,phase_wipe,3.2,1,0.9999999881412044,1
30,phase_wipe,4.0,1,0.9999999997871635,1
30,dropout35,1.6,1,0.9999634207421435,1
30,dropout35,2.4,1,0.9999993696907968,1
30,dropout35,3.2,1,0.9999999887024142,1
30,dropout35,4.0,1,0.9999999997972592,1
30,mixed,1.6,1,0.9999592951943043,0
30,mixed,2.4,1,0.9999992936610973,0
30,mixed,3.2,1,0.999999987328017,0
30,mixed,4.0,1,0.9999999997725671,0
30,hard_mixed,1.6,1,0.9999087682287378,0
30,hard_mixed,2.4,1,0.9999984316696198,0
30,hard_mixed,3.2,1,0.9999999718983896,0
30,hard_mixed,4.0,1,0.9999999994957237,0
30,phase_wipe,1.6,1,0.9999592009768311,1
30,phase_wipe,2.4,1,0.9999992924560137,1
30,phase_wipe,3.2,1,0.9999999873074098,1
30,phase_wipe,4.0,1,0.9999999997721998,1
30,dropout35,1.6,1,0.9999626860240566,1
30,dropout35,2.4,1,0.9999993573191345,1
30,dropout35,3.2,1,0.9999999884813439,1
30,dropout35,4.0,1,0.9999999997932938,1
30,mixed,1.6,1,0.9999562814003474,0
30,mixed,2.4,1,0.9999992414954094,0
30,mixed,3.2,1,0.999999986392462,0
30,mixed,4.0,1,0.9999999997557766,0
30,hard_mixed,1.6,1,0.9999113218817606,0
30,hard_mixed,2.4,1,0.9999984748973416,0
30,hard_mixed,3.2,1,0.999999972671366,0
30,hard_mixed,4.0,1,0.9999999995095907,0
30,phase_wipe,1.6,1,0.999962014815189,1
30,phase_wipe,2.4,1,0.9999993411657452,1
30,phase_wipe,3.2,1,0.9999999881810012,1
30,phase_wipe,4.0,1,0.999999999787878,1
30,dropout35,1.6,1,0.9999629555237785,1
30,dropout35,2.4,1,0.9999993618527888,1
30,dropout35,3.2,1,0.9999999885623461,1
30,dropout35,4.0,1,0.9999999997947465,1
30,mixed,1.6,1,0.9999571932979885,0
30,mixed,2.4,1,0.9999992572720668,0
30,mixed,3.2,1,0.9999999866753875,0
30,mixed,4.0,1,0.999999999760854,0
30,hard_mixed,1.6,1,0.9999102779916352,0
30,hard_mixed,2.4,1,0.9999984573236982,0
30,hard_mixed,3.2,1,0.9999999723573562,0
30,hard_mixed,4.0,1,0.9999999995039578,0
30,phase_wipe,1.6,1,0.9999282289333685,1
30,phase_wipe,2.4,1,0.9999987602336231,1
30,phase_wipe,3.2,1,0.9999999777715388,1
30,phase_wipe,4.0,1,0.9999999996010813,1
30,dropout35,1.6,1,0.9999638207411906,1
30,dropout35,2.4,1,0.9999993764407311,1
30,dropout35,3.2,1,0.9999999888230638,1
30,dropout35,4.0,1,0.9999999997994234,1
30,mixed,1.6,1,0.9999484170562536,0
30,mixed,2.4,1,0.99999910592977,0
30,mixed,3.2,1,0.9999999839625129,0
30,mixed,4.0,1,0.9999999997121694,0
30,hard_mixed,1.6,1,0.9999059444293306,0
30,hard_mixed,2.4,1,0.9999983858037853,0
30,hard_mixed,3.2,1,0.9999999710828316,0
30,hard_mixed,4.0,1,0.9999999994811033,0
31,phase_wipe,1.6,1,0.9999612427045231,1
31,phase_wipe,2.4,1,0.9999993277968146,1
31,phase_wipe,3.2,1,0.9999999879412262,1
31,phase_wipe,4.0,1,0.9999999997835741,1
31,dropout35,1.6,1,0.999962589086979,1
31,dropout35,2.4,1,0.9999993556897614,1
31,dropout35,3.2,1,0.9999999884522348,1
31,dropout35,4.0,1,0.9999999997927705,1
31,mixed,1.6,1,0.9999583320749472,0
31,mixed,2.4,1,0.9999992772374892,0
31,mixed,3.2,1,0.9999999870340539,0
31,mixed,4.0,1,0.999999999767292,0
31,hard_mixed,1.6,1,0.9999089942475627,0
31,hard_mixed,2.4,1,0.9999984349030299,0
31,hard_mixed,3.2,1,0.9999999719547958,0
31,hard_mixed,4.0,1,0.999999999496731,0
31,phase_wipe,1.6,1,0.9999611021063721,1
31,phase_wipe,2.4,1,0.9999993253703078,1
31,phase_wipe,3.2,1,0.9999999878977259,1
31,phase_wipe,4.0,1,0.9999999997827936,1
31,dropout35,1.6,1,0.9999629174418124,1
31,dropout35,2.4,1,0.9999993612118322,1
31,dropout35,3.2,1,0.9999999885508924,1
31,dropout35,4.0,1,0.9999999997945404,1
31,mixed,1.6,1,0.9999575288280983,0
31,mixed,2.4,1,0.9999992632426756,0
31,mixed,3.2,1,0.9999999867828511,0
31,mixed,4.0,1,0.999999999762783,0
31,hard_mixed,1.6,1,0.9999108827024805,0
31,hard_mixed,2.4,1,0.9999984681619793,0
31,hard_mixed,3.2,1,0.9999999725525909,0
31,hard_mixed,4.0,1,0.9999999995074635,0
31,phase_wipe,1.6,1,0.999962014815189,1
31,phase_wipe,2.4,1,0.9999993411657452,1
31,phase_wipe,3.2,1,0.9999999881810012,1
31,phase_wipe,4.0,1,0.999999999787878,1
31,dropout35,1.6,1,0.9999627460487833,1
31,dropout35,2.4,1,0.9999993583284301,1
31,dropout35,3.2,1,0.9999999884993759,1
31,dropout35,4.0,1,0.9999999997936172,1
31,mixed,1.6,1,0.999959579114306,0
31,mixed,2.4,1,0.9999992987541415,0
31,mixed,3.2,1,0.9999999874197796,0
31,mixed,4.0,1,0.9999999997742148,0
31,hard_mixed,1.6,1,0.9999095998322629,0
31,hard_mixed,2.4,1,0.999998446607628,0
31,hard_mixed,3.2,1,0.9999999721675512,0
31,hard_mixed,4.0,1,0.9999999995005575,0
31,phase_wipe,1.6,1,0.9999282289333685,1
31,phase_wipe,2.4,1,0.9999987602336231,1
31,phase_wipe,3.2,1,0.9999999777715388,1
31,phase_wipe,4.0,1,0.9999999996010813,1
31,dropout35,1.6,1,0.9999625550337582,1
31,dropout35,2.4,1,0.9999993551175543,1
31,dropout35,3.2,1,0.9999999884420137,1
31,dropout35,4.0,1,0.999999999792588,1
31,mixed,1.6,1,0.9999493372096702,0
31,mixed,2.4,1,0.9999991221529866,0
31,mixed,3.2,1,0.9999999842541617,0
31,mixed,4.0,1,0.9999999997174054,0
31,hard_mixed,1.6,1,0.9999030318964184,0
31,hard_mixed,2.4,1,0.9999983358937781,0
31,hard_mixed,3.2,1,0.9999999701889221,0
31,hard_mixed,4.0,1,0.9999999994650632,0
31,phase_wipe,1.6,1,0.9999588195249323,1
31,phase_wipe,2.4,1,0.9999992858707131,1
31,phase_wipe,3.2,1,0.999999987189347,1
31,phase_wipe,4.0,1,0.9999999997700801,1
31,dropout35,1.6,1,0.9999626347352153,1
31,dropout35,2.4,1,0.9999993564569508,1
31,dropout35,3.2,1,0.9999999884659411,1
31,dropout35,4.0,1,0.9999999997930175,1
31,mixed,1.6,1,0.999955881366894,0
31,mixed,2.4,1,0.9999992345266531,0
31,mixed,3.2,1,0.999999986267377,0
31,mixed,4.0,1,0.9999999997535316,0
31,hard_mixed,1.6,1,0.9999145599824444,0
31,hard_mixed,2.4,1,0.9999985311183137,0
31,hard_mixed,3.2,1,0.999999973680031,0
31,hard_mixed,4.0,1,0.9999999995276938,0
31,phase_wipe,1.6,1,0.9999607943768337,1
31,phase_wipe,2.4,1,0.9999993200602997,1
31,phase_wipe,3.2,1,0.9999999878025334,1
31,phase_wipe,4.0,1,0.9999999997810853,1
31,dropout35,1.6,1,0.9999631130729305,1
31,dropout35,2.4,1,0.9999993645055705,1
31,dropout35,3.2,1,0.9999999886097481,1
31,dropout35,4.0,1,0.9999999997955968,1
31,mixed,1.6,1,0.999957826252178,0
31,mixed,2.4,1,0.9999992685398038,0
31,mixed,3.2,1,0.999999986878204,0
31,mixed,4.0,1,0.9999999997644953,0
31,hard_mixed,1.6,1,0.9999133472237107,0
31,hard_mixed,2.4,1,0.9999985108000571,0
31,hard_mixed,3.2,1,0.9999999733172119,0
31,hard_mixed,4.0,1,0.999999999521186,0
31,phase_wipe,1.6,1,0.9999592009768311,1
31,phase_wipe,2.4,1,0.9999992924560137,1
31,phase_wipe,3.2,1,0.9999999873074098,1
31,phase_wipe,4.0,1,0.9999999997721998,1
31,dropout35,1.6,1,0.9999621358683242,1
31,dropout35,2.4,1,0.9999993480822755,1
31,dropout35,3.2,1,0.999999988316354,1
31,dropout35,4.0,1,0.9999999997903342,1
31,mixed,1.6,1,0.9999558258631187,0
31,mixed,2.4,1,0.999999233679184,0
31,mixed,3.2,1,0.9999999862524457,0
31,mixed,4.0,1,0.9999999997532637,0
31,hard_mixed,1.6,1,0.9999083549534533,0
31,hard_mixed,2.4,1,0.9999984243298388,0
31,hard_mixed,3.2,1,0.9999999717663234,0
31,hard_mixed,4.0,1,0.999999999493352,0
31,phase_wipe,1.6,1,0.999961886157682,1
31,phase_wipe,2.4,1,0.9999993389457954,1
31,phase_wipe,3.2,1,0.9999999881412044,1
31,phase_wipe,4.0,1,0.9999999997871635,1
31,dropout35,1.6,1,0.9999630863107728,1
31,dropout35,2.4,1,0.999999364054834,1
31,dropout35,3.2,1,0.9999999886016936,1
31,dropout35,4.0,1,0.9999999997954522,1
31,mixed,1.6,1,0.9999570085824628,0
31,mixed,2.4,1,0.999999254126203,0
31,mixed,3.2,1,0.9999999866190906,0
31,mixed,4.0,1,0.9999999997598439,0
31,hard_mixed,1.6,1,0.9999097522489574,0
31,hard_mixed,2.4,1,0.9999984476194544,0
31,hard_mixed,3.2,1,0.9999999721819134,0
31,hard_mixed,4.0,1,0.9999999995008056,0
32,phase_wipe,1.6,1,0.9999611021063721,1
32,phase_wipe,2.4,1,0.9999993253703078,1
32,phase_wipe,3.2,1,0.9999999878977259,1
32,phase_wipe,4.0,1,0.9999999997827936,1
32,dropout35,1.6,1,0.9999626875050556,1
32,dropout35,2.4,1,0.999999357344033,1
32,dropout35,3.2,1,0.9999999884817881,1
32,dropout35,4.0,1,0.9999999997933007,1
32,mixed,1.6,1,0.9999566707935046,0
32,mixed,2.4,1,0.9999992483905314,0
32,mixed,3.2,1,0.9999999865164871,0
32,mixed,4.0,1,0.9999999997580028,0
32,hard_mixed,1.6,1,0.9999129609442554,0
32,hard_mixed,2.4,1,0.9999985031694839,0
32,hard_mixed,3.2,1,0.9999999731781681,0
32,hard_mixed,4.0,1,0.999999999518685,0
32,phase_wipe,1.6,1,0.9999282289333685,1
32,phase_wipe,2.4,1,0.9999987602336231,1
32,phase_wipe,3.2,1,0.9999999777715388,1
32,phase_wipe,4.0,1,0.9999999996010813,1
32,dropout35,1.6,1,0.9999626297004177,1
32,dropout35,2.4,1,0.9999993563723255,1
32,dropout35,3.2,1,0.9999999884644292,1
32,dropout35,4.0,1,0.9999999997929905,1
32,mixed,1.6,1,0.9999484909051813,0
32,mixed,2.4,1,0.9999991076235965,0
32,mixed,3.2,1,0.9999999839938702,0
32,mixed,4.0,1,0.9999999997127348,0
32,hard_mixed,1.6,0,,0
32,hard_mixed,2.4,0,,0
32,hard_mixed,3.2,0,,0
32,hard_mixed,4.0,0,,0
32,phase_wipe,1.6,1,0.9999612427045231,1
32,phase_wipe,2.4,1,0.9999993277968146,1
32,phase_wipe,3.2,1,0.9999999879412262,1
32,phase_wipe,4.0,1,0.9999999997835741,1
32,dropout35,1.6,1,0.9999633186576764,1
32,dropout35,2.4,1,0.9999993679696687,1
32,dropout35,3.2,1,0.9999999886716532,1
32,dropout35,4.0,1,0.9999999997967064,1
32,mixed,1.6,1,0.9999570718608475,0
32,mixed,2.4,1,0.9999992552900756,0
32,mixed,3.2,1,0.9999999866401253,0
32,mixed,4.0,1,0.9999999997602209,0
32,hard_mixed,1.6,1,0.9999068394592849,0
32,hard_mixed,2.4,1,0.999998399317701,0
32,hard_mixed,3.2,1,0.9999999713205946,0
32,hard_mixed,4.0,1,0.999999999485359,0
32,phase_wipe,1.6,1,0.9999607943768337,1
32,phase_wipe,2.4,1,0.9999993200602997,1
32,phase_wipe,3.2,1,0.9999999878025334,1
32,phase_wipe,4.0,1,0.9999999997810853,1
32,dropout35,1.6,1,0.9999630091885059,1
32,dropout35,2.4,1,0.999999362756192,1
32,dropout35,3.2,1,0.9999999885784886,1
32,dropout35,4.0,1,0.9999999997950361,1
32,mixed,1.6,1,0.9999564234735003,0
32,mixed,2.4,1,0.999999243833251,0
32,mixed,3.2,1,0.999999986434103,0
32,mixed,4.0,1,0.9999999997565227,0
32,hard_mixed,1.6,1,0.9999101035484668,0
32,hard_mixed,2.4,1,0.9999984544944934,0
32,hard_mixed,3.2,1,0.9999999723070578,0
32,hard_mixed,4.0,1,0.9999999995030566,0
32,phase_wipe,1.6,1,0.999962014815189,1
32,phase_wipe,2.4,1,0.9999993411657452,1
32,phase_wipe,3.2,1,0.9999999881810012,1
32,phase_wipe,4.0,1,0.999999999787878,1
32,dropout35,1.6,1,0.99996249946213,1
32,dropout35,2.4,1,0.9999993541839682,1
32,dropout35,3.2,1,0.9999999884253363,1
32,dropout35,4.0,1,0.9999999997922887,1
32,mixed,1.6,1,0.999958590275418,0
32,mixed,2.4,1,0.9999992817681429,0
32,mixed,3.2,1,0.999999987115454,0
32,mixed,4.0,1,0.9999999997687536,0
32,hard_mixed,1.6,1,0.9999113457752815,0
32,hard_mixed,2.4,1,0.9999984768105568,0
32,hard_mixed,3.2,1,0.9999999727091673,0
32,hard_mixed,4.0,1,0.9999999995102775,0
32,phase_wipe,1.6,1,0.999961886157682,1
32,phase_wipe,2.4,1,0.9999993389457954,1
32,phase_wipe,3.2,1,0.9999999881412044,1
32,phase_wipe,4.0,1,0.9999999997871635,1
32,dropout35,1.6,1,0.9999621728014462,1
32,dropout35,2.4,1,0.9999993487015262,1
32,dropout35,3.2,1,0.9999999883274131,1
32,dropout35,4.0,1,0.9999999997905326,1
32,mixed,1.6,1,0.9999568830964645,0
32,mixed,2.4,1,0.999999252004754,0
32,mixed,3.2,1,0.9999999865811638,0
32,mixed,4.0,1,0.9999999997591631,0
32,hard_mixed,1.6,1,0.9999121288981483,0
32,hard_mixed,2.4,1,0.9999984893823498,0
32,hard_mixed,3.2,1,0.9999999729323403,0
32,hard_mixed,4.0,1,0.9999999995142769,0
32,phase_wipe,1.6,1,0.9999592009768311,1
32,phase_wipe,2.4,1,0.9999992924560137,1
32,phase_wipe,3.2,1,0.9999999873074098,1
32,phase_wipe,4.0,1,0.9999999997721998,1
32,dropout35,1.6,1,0.9999622944445277,1
32,dropout35,2.4,1,0.9999993507419919,1
32,dropout35,3.2,1,0.999999988363856,1
32,dropout35,4.0,1,0.9999999997911859,1
32,mixed,1.6,1,0.9999563030727147,0
32,mixed,2.4,1,0.9999992418793814,0
32,mixed,3.2,1,0.9999999863993688,0
32,mixed,4.0,1,0.9999999997559005,0
32,hard_mixed,1.6,1,0.9999081284938421,0
32,hard_mixed,2.4,1,0.9999984209153908,0
32,hard_mixed,3.2,1,0.9999999717062635,0
32,hard_mixed,4.0,1,0.9999999994922776,0
32,phase_wipe,1.6,1,0.9999588195249323,1
32,phase_wipe,2.4,1,0.9999992858707131,1
32,phase_wipe,3.2,1,0.999999987189347,1
32,phase_wipe,4.0,1,0.9999999997700801,1
32,dropout35,1.6,1,0.9999628168135886,1
32,dropout35,2.4,1,0.9999993595186675,1
32,dropout35,3.2,1,0.9999999885206412,1
32,dropout35,4.0,1,0.9999999997939983,1
32,mixed,1.6,1,0.9999561988041302,0
32,mixed,2.4,1,0.999999239903418,0
32,mixed,3.2,1,0.9999999863635273,0
32,mixed,4.0,1,0.9999999997552559,0
32,hard_mixed,1.6,1,0.9999082418982248,0
32,hard_mixed,2.4,1,0.9999984231342216,0
32,hard_mixed,3.2,1,0.9999999717466516,0
32,hard_mixed,4.0,1,0.9999999994930036,0
33,phase_wipe,1.6,1,0.9999607943768337,1
33,phase_wipe,2.4,1,0.9999993200602997,1
33,phase_wipe,3.2,1,0.9999999878025334,1
33,phase_wipe,4.0,1,0.9999999997810853,1
33,dropout35,1.6,1,0.9999631559986131,1
33,dropout35,2.4,1,0.9999993652286377,1
33,dropout35,3.2,1,0.9999999886226689,1
33,dropout35,4.0,1,0.9999999997958284,1
33,mixed,1.6,1,0.9999575725640151,0
33,mixed,2.4,1,0.999999264020594,0
33,mixed,3.2,1,0.9999999867968523,0
33,mixed,4.0,1,0.9999999997630348,0
33,hard_mixed,1.6,1,0.9999135677583698,0
33,hard_mixed,2.4,1,0.9999985138976778,0
33,hard_mixed,3.2,1,0.999999973371091,0
33,hard_mixed,4.0,1,0.9999999995221494,0
33,phase_wipe,1.6,1,0.999961886157682,1
33,phase_wipe,2.4,1,0.9999993389457954,1
33,phase_wipe,3.2,1,0.9999999881412044,1
33,phase_wipe,4.0,1,0.9999999997871635,1
33,dropout35,1.6,1,0.9999625574245148,1
33,dropout35,2.4,1,0.9999993551577238,1
33,dropout35,3.2,1,0.9999999884427315,1
33,dropout35,4.0,1,0.9999999997926007,1
33,mixed,1.6,1,0.999956722960397,0
33,mixed,2.4,1,0.9999992491961175,0
33,mixed,3.2,1,0.9999999865307059,0
33,mixed,4.0,1,0.9999999997582578,0
33,hard_mixed,1.6,1,0.999914531940529,0
33,hard_mixed,2.4,1,0.9999985304685498,0
33,hard_mixed,3.2,1,0.9999999736679968,0
33,hard_mixed,4.0,1,0.9999999995274768,0
33,phase_wipe,1.6,1,0.9999611021063721,1
33,phase_wipe,2.4,1,0.9999993253703078,1
33,phase_wipe,3.2,1,0.9999999878977259,1
33,phase_wipe,4.0,1,0.9999999997827936,1
33,dropout35,1.6,1,0.999962867100067,1
33,dropout35,2.4,1,0.9999993603646926,1
33,dropout35,3.2,1,0.9999999885357564,1
33,dropout35,4.0,1,0.9999999997942691,1
33,mixed,1.6,1,0.99995566580987,0
33,mixed,2.4,1,0.9999992307216901,0
33,mixed,3.2,1,0.9999999861989634,0
33,mixed,4.0,1,0.9999999997523027,0
33,hard_mixed,1.6,1,0.9999105096813483,0
33,hard_mixed,2.4,1,0.999998462231039,0
33,hard_mixed,3.2,1,0.9999999724474516,0
33,hard_mixed,4.0,1,0.9999999995055797,0
33,phase_wipe,1.6,1,0.9999612427045231,1
33,phase_wipe,2.4,1,0.9999993277968146,1
33,phase_wipe,3.2,1,0.9999999879412262,1
33,phase_wipe,4.0,1,0.9999999997835741,1
33,dropout35,1.6,1,0.9999623596082104,1
33,dropout35,2.4,1,0.9999993518356091,1
33,dropout35,3.2,1,0.999999988383388,1
33,dropout35,4.0,1,0.9999999997915356,1
33,mixed,1.6,1,0.9999576289860036,0
33,mixed,2.4,1,0.999999264927125,0
33,mixed,3.2,1,0.9999999868129448,0
33,mixed,4.0,1,0.9999999997633224,0
33,hard_mixed,1.6,1,0.9999111974607703,0
33,hard_mixed,2.4,1,0.9999984729405159,0
33,hard_mixed,3.2,1,0.9999999726367306,0
33,hard_mixed,4.0,1,0.9999999995089698,0
33,phase_wipe,1.6,1,0.9999593715943956,1
33,phase_wipe,2.4,1,0.9999992954017127,1
33,phase_wipe,3.2,1,0.9999999873602208,1
33,phase_wipe,4.0,1,0.9999999997731474,1
33,dropout35,1.6,1,0.9999629237255971,1
33,dropout35,2.4,1,0.9999993613175887,1
33,dropout35,3.2,1,0.9999999885527828,1
33,dropout35,4.0,1,0.9999999997945753,1
33,mixed,1.6,1,0.9999576958108832,0
33,mixed,2.4,1,0.9999992661662729,0
33,mixed,3.2,1,0.9999999868353627,0
33,mixed,4.0,1,0.9999999997637259,0
33,hard_mixed,1.6,1,0.9999138912676206,0
33,hard_mixed,2.4,1,0.9999985195365542,0
33,hard_mixed,3.2,1,0.9999999734723086,0
33,hard_mixed,4.0,1,0.9999999995239653,0
33,phase_wipe,1.6,1,0.9999592009768311,1
33,phase_wipe,2.4,1,0.9999992924560137,1
33,phase_wipe,3.2,1,0.9999999873074098,1
33,phase_wipe,4.0,1,0.9999999997721998,1
33,dropout35,1.6,1,0.999963004172046,1
33,dropout35,2.4,1,0.9999993626717354,1
33,dropout35,3.2,1,0.9999999885769796,1
33,dropout35,4.0,1,0.9999999997950092,1
33,mixed,1.6,1,0.9999580250492069,0
33,mixed,2.4,1,0.9999992718269419,0
33,mixed,3.2,1,0.9999999869367926,0
33,mixed,4.0,1,0.999999999765546,0
33,hard_mixed,1.6,1,0.99991133660184,0
33,hard_mixed,2.4,1,0.9999984749767168,0
33,hard_mixed,3.2,1,0.9999999726723805,0
33,hard_mixed,4.0,1,0.9999999995096076,0
33,phase_wipe,1.6,1,0.999962014815189,1
33,phase_wipe,2.4,1,0.9999993411657452,1
33,phase_wipe,3.2,1,0.9999999881810012,1
33,phase_wipe,4.0,1,0.999999999787878,1
33,dropout35,1.6,1,0.9999625383051537,1
33,dropout35,2.4,1,0.9999993548364919,1
33,dropout35,3.2,1,0.9999999884369926,1
33,dropout35,4.0,1,0.9999999997924981,1
33,mixed,1.6,1,0.9999560363461487,0
33,mixed,2.4,1,0.9999992371563923,0
33,mixed,3.2,1,0.9999999863144153,0
33,mixed,4.0,1,0.999999999754375,0
33,hard_mixed,1.6,1,0.9999124916393008,0
33,hard_mixed,2.4,1,0.9999984962106088,0
33,hard_mixed,3.2,1,0.9999999730560777,0
33,hard_mixed,4.0,1,0.9999999995165004,0
33,phase_wipe,1.6,1,0.9999282289333685,1
33,phase_wipe,2.4,1,0.9999987602336231,1
33,phase_wipe,3.2,1,0.9999999777715388,1
33,phase_wipe,4.0,1,0.9999999996010813,1
33,dropout35,1.6,1,0.9999629563298884,1
33,dropout35,2.4,1,0.9999993618663581,1
33,dropout35,3.2,1,0.9999999885625884,1
33,dropout35,4.0,1,0.9999999997947508,1
33,mixed,1.6,1,0.9999493747833178,0
33,mixed,2.4,1,0.9999991225755862,0
33,mixed,3.2,1,0.999999984261204,0
33,mixed,4.0,1,0.9999999997175303,0
33,hard_mixed,1.6,1,0.9999023298452194,0
33,hard_mixed,2.4,1,0.9999983233088423,0
33,hard_mixed,3.2,1,0.9999999699622215,0
33,hard_mixed,4.0,1,0.9999999994609925,0
34,phase_wipe,1.6,1,0.9999607943768337,1
34,phase_wipe,2.4,1,0.9999993200602997,1
34,phase_wipe,3.2,1,0.9999999878025334,1
34,phase_wipe,4.0,1,0.9999999997810853,1
34,dropout35,1.6,1,0.9999632696420109,1
34,dropout35,2.4,1,0.999999367143507,1
34,dropout35,3.2,1,0.9999999886568891,1
34,dropout35,4.0,1,0.9999999997964422,1
34,mixed,1.6,1,0.9999566655487006,0
34,mixed,2.4,1,0.999999248075927,0
34,mixed,3.2,1,0.9999999865103166,0
34,mixed,4.0,1,0.9999999997578914,0
34,hard_mixed,1.6,1,0.9999127411610383,0
34,hard_mixed,2.4,1,0.9999984992737645,0
34,hard_mixed,3.2,1,0.9999999731080907,0
34,hard_mixed,4.0,1,0.9999999995174275,0
34,phase_wipe,1.6,1,0.9999612427045231,1
34,phase_wipe,2.4,1,0.9999993277968146,1
34,phase_wipe,3.2,1,0.9999999879412262,1
34,phase_wipe,4.0,1,0.9999999997835741,1
34,dropout35,1.6,1,0.9999630037918261,1
34,dropout35,2.4,1,0.9999993626653333,1
34,dropout35,3.2,1,0.9999999885768637,1
34,dropout35,4.0,1,0.9999999997950063,1
34,mixed,1.6,1,0.9999561956913869,0
34,mixed,2.4,1,0.9999992402674559,0
34,mixed,3.2,1,0.9999999863710438,0
34,mixed,4.0,1,0.999999999755393,0
34,hard_mixed,1.6,1,0.9999106381452306,0
34,hard_mixed,2.4,1,0.99999846363341,0
34,hard_mixed,3.2,1,0.9999999724706894,0
34,hard_mixed,4.0,1,0.9999999995059917,0
34,phase_wipe,1.6,1,0.9999611021063721,1
34,phase_wipe,2.4,1,0.9999993253703078,1
34,phase_wipe,3.2,1,0.9999999878977259,1
34,phase_wipe,4.0,1,0.9999999997827936,1
34,dropout35,1.6,1,0.9999620113971375,1
34,dropout35,2.4,1,0.9999993459962611,1
34,dropout35,3.2,1,0.9999999882791019,1
34,dropout35,4.0,1,0.9999999997896653,1
34,mixed,1.6,1,0.9999564371516373,0
34,mixed,2.4,1,0.9999992442228257,0
34,mixed,3.2,1,0.9999999864414512,0
34,mixed,4.0,1,0.9999999997566551,0
34,hard_mixed,1.6,1,0.9999102496545036,0
34,hard_mixed,2.4,1,0.9999984578207605,0
34,hard_mixed,3.2,1,0.9999999723685647,0
34,hard_mixed,4.0,1,0.9999999995041646,0
34,phase_wipe,1.6,1,0.999961886157682,1
34,phase_wipe,2.4,1,0.9999993389457954,1
34,phase_wipe,3.2,1,0.9999999881412044,1
34,phase_wipe,4.0,1,0.9999999997871635,1
34,dropout35,1.6,1,0.999962281148778,1
34,dropout35,2.4,1,0.9999993505188999,1
34,dropout35,3.2,1,0.9999999883598706,1
34,dropout35,4.0,1,0.9999999997911143,1
34,mixed,1.6,1,0.9999571519145167,0
34,mixed,2.4,1,0.9999992567674678,0
34,mixed,3.2,1,0.9999999866668389,0
34,mixed,4.0,1,0.9999999997607023,0
34,hard_mixed,1.6,1,0.9999116323099837,0
34,hard_mixed,2.4,1,0.9999984814103403,0
34,hard_mixed,3.2,1,0.9999999727908223,0
34,hard_mixed,4.0,1,0.9999999995117405,0
34,phase_wipe,1.6,1,0.999962014815189,1
34,phase_wipe,2.4,1,0.9999993411657452,1
34,phase_wipe,3.2,1,0.9999999881810012,1
34,phase_wipe,4.0,1,0.999999999787878,1
34,dropout35,1.6,1,0.999962189097352,1
34,dropout35,2.4,1,0.9999993489747977,1
34,dropout35,3.2,1,0.9999999883322936,1
34,dropout35,4.0,1,0.9999999997906203,1
34,mixed,1.6,1,0.9999556057896658,0
34,mixed,2.4,1,0.9999992299016887,0
34,mixed,3.2,1,0.999999986184774,0
34,mixed,4.0,1,0.9999999997520498,0
34,hard_mixed,1.6,1,0.9999094951940081,0
34,hard_mixed,2.4,1,0.9999984437934458,0
34,hard_mixed,3.2,1,0.9999999721147492,0
34,hard_mixed,4.0,1,0.9999999994996036,0
34,phase_wipe,1.6,1,0.9999593715943956,1
34,phase_wipe,2.4,1,0.9999992954017127,1
34,phase_wipe,3.2,1,0.9999999873602208,1
34,phase_wipe,4.0,1,0.9999999997731474,1
34,dropout35,1.6,1,0.9999622618383327,1
34,dropout35,2.4,1,0.9999993501949161,1
34,dropout35,3.2,1,0.9999999883540853,1
34,dropout35,4.0,1,0.9999999997910113,1
34,mixed,1.6,1,0.9999578549948078,0
34,mixed,2.4,1,0.9999992689294923,0
34,mixed,3.2,1,0.9999999868849376,0
34,mixed,4.0,1,0.9999999997646161,0
34,hard_mixed,1.6,1,0.9999091740591163,0
34,hard_mixed,2.4,1,0.9999984394180378,0
34,hard_mixed,3.2,1,0.99999997203903,0
34,hard_mixed,4.0,1,0.9999999994982516,0
34,phase_wipe,1.6,1,0.9999282289333685,1
34,phase_wipe,2.4,1,0.9999987602336231,1
34,phase_wipe,3.2,1,0.9999999777715388,1
34,phase_wipe,4.0,1,0.9999999996010813,1
34,dropout35,1.6,1,0.9999624852006987,1
34,dropout35,2.4,1,0.9999993539444214,1
34,dropout35,3.2,1,0.9999999884210575,1
34,dropout35,4.0,1,0.9999999997922122,1
34,mixed,1.6,1,0.9999494438387283,0
34,mixed,2.4,1,0.9999991237426672,0
34,mixed,3.2,1,0.9999999842820676,0
34,mixed,4.0,1,0.9999999997179045,0
34,hard_mixed,1.6,1,0.9999012918293069,0
34,hard_mixed,2.4,1,0.9999983051888836,0
34,hard_mixed,3.2,1,0.9999999696369044,0
34,hard_mixed,4.0,1,0.9999999994551532,0
34,phase_wipe,1.6,1,0.9999592009768311,1
34,phase_wipe,2.4,1,0.9999992924560137,1
34,phase_wipe,3.2,1,0.9999999873074098,1
34,phase_wipe,4.0,1,0.9999999997721998,1
34,dropout35,1.6,1,0.9999627534142491,1
34,dropout35,2.4,1,0.9999993584522968,1
34,dropout35,3.2,1,0.9999999885015887,1
34,dropout35,4.0,1,0.9999999997936565,1
34,mixed,1.6,1,0.9999544589405018,0
34,mixed,2.4,1,0.9999992100683468,0
34,mixed,3.2,1,0.9999999858291188,0
34,mixed,4.0,1,0.9999999997456669,0
34,hard_mixed,1.6,1,0.9999096084773478,0
34,hard_mixed,2.4,1,0.9999984475440612,0
34,hard_mixed,3.2,1,0.9999999721861705,0
34,hard_mixed,4.0,1,0.9999999995008955,0
