hard_value,policy,seed,label,target_pos,target_neg,target_net,slot_pos,slot_neg,slot_net,exact_charge_signature
False,auto,20,0,0,2,-2,0,2,-2,1
False,auto,20,9,0,2,-2,0,0,0,0
False,auto,20,1,0,2,-2,0,2,-2,1
False,auto,20,4,0,2,-2,1,1,0,0
False,auto,20,6,0,2,-2,0,0,0,0
False,auto,20,7,0,2,-2,0,0,0,0
False,auto,20,5,0,2,-2,1,2,-1,0
False,auto,20,8,0,2,-2,0,8,-8,0
False,auto,21,7,0,2,-2,0,0,0,0
False,auto,21,8,0,2,-2,2,2,0,0
False,auto,21,2,0,2,-2,2,2,0,0
False,auto,21,6,0,2,-2,0,2,-2,1
False,auto,21,4,0,2,-2,0,0,0,0
False,auto,21,1,0,2,-2,1,1,0,0
False,auto,21,0,0,2,-2,0,0,0,0
False,auto,21,3,0,2,-2,1,1,0,0
False,auto,22,0,0,2,-2,2,2,0,0
False,auto,22,6,0,2,-2,1,1,0,0
False,auto,22,1,0,2,-2,3,3,0,0
False,auto,22,7,0,2,-2,2,2,0,0
False,auto,22,3,0,2,-2,0,0,0,0
False,auto,22,5,0,2,-2,0,0,0,0
False,auto,22,2,0,2,-2,1,1,0,0
False,auto,22,8,0,2,-2,0,0,0,0
False,auto,23,2,0,2,-2,2,2,0,0
False,auto,23,1,0,2,-2,1,1,0,0
False,auto,23,0,0,2,-2,0,0,0,0
False,auto,23,3,0,2,-2,0,0,0,0
False,auto,23,7,0,2,-2,0,2,-2,1
False,auto,23,11,0,2,-2,2,2,0,0
False,auto,23,6,0,2,-2,0,0,0,0
False,auto,23,8,0,2,-2,0,2,-2,1
False,auto,24,2,0,2,-2,0,0,0,0
False,auto,24,1,0,2,-2,3,5,-2,0
False,auto,24,3,0,2,-2,0,0,0,0
False,auto,24,0,0,2,-2,1,1,0,0
False,auto,24,4,0,2,-2,0,0,0,0
False,auto,24,7,0,2,-2,2,2,0,0
False,auto,24,6,0,2,-2,1,2,-1,0
False,auto,24,8,0,2,-2,1,1,0,0
False,auto,25,0,0,2,-2,2,2,0,0
False,auto,25,7,0,2,-2,0,0,0,0
False,auto,25,6,0,2,-2,2,2,0,0
False,auto,25,2,0,2,-2,0,0,0,0
False,auto,25,4,0,2,-2,0,2,-2,1
False,auto,25,1,0,2,-2,0,2,-2,1
False,auto,25,3,0,2,-2,0,0,0,0
False,auto,25,8,0,2,-2,0,0,0,0
False,auto,26,0,0,2,-2,2,2,0,0
False,auto,26,1,0,2,-2,0,2,-2,1
False,auto,26,5,0,2,-2,1,1,0,0
False,auto,26,4,0,2,-2,0,0,0,0
False,auto,26,2,0,2,-2,2,2,0,0
False,auto,26,7,0,2,-2,0,4,-4,0
False,auto,26,6,0,2,-2,0,0,0,0
False,auto,26,8,0,2,-2,0,2,-2,1
False,auto,27,0,0,2,-2,1,1,0,0
False,auto,27,8,0,2,-2,0,0,0,0
False,auto,27,3,0,2,-2,0,0,0,0
False,auto,27,1,0,2,-2,1,1,0,0
False,auto,27,7,0,2,-2,0,0,0,0
False,auto,27,6,0,2,-2,0,0,0,0
False,auto,27,2,0,2,-2,3,3,0,0
False,auto,27,4,0,2,-2,0,0,0,0
False,auto,28,0,0,2,-2,0,0,0,0
False,auto,28,7,0,2,-2,0,0,0,0
False,auto,28,9,0,2,-2,1,1,0,0
False,auto,28,1,0,2,-2,4,4,0,0
False,auto,28,4,0,2,-2,0,2,-2,1
False,auto,28,2,0,2,-2,1,1,0,0
False,auto,28,6,0,2,-2,4,4,0,0
False,auto,28,8,0,2,-2,0,0,0,0
False,auto,29,0,0,2,-2,0,0,0,0
False,auto,29,1,0,2,-2,0,0,0,0
False,auto,29,6,0,2,-2,0,0,0,0
False,auto,29,7,0,2,-2,1,1,0,0
False,auto,29,2,0,2,-2,0,0,0,0
False,auto,29,3,0,2,-2,3,3,0,0
False,auto,29,4,0,2,-2,2,2,0,0
False,auto,29,8,0,2,-2,3,3,0,0
False,auto,30,1,0,2,-2,0,2,-2,1
False,auto,30,2,0,2,-2,0,0,0,0
False,auto,30,0,0,2,-2,2,2,0,0
False,auto,30,5,0,2,-2,3,3,0,0
False,auto,30,3,0,2,-2,2,2,0,0
False,auto,30,6,0,2,-2,1,1,0,0
False,auto,30,7,0,2,-2,2,2,0,0
False,auto,30,8,0,2,-2,0,2,-2,1
False,auto,31,0,0,2,-2,0,0,0,0
False,auto,31,2,0,2,-2,0,2,-2,1
False,auto,31,8,0,2,-2,2,2,0,0
False,auto,31,1,0,2,-2,0,0,0,0
False,auto,31,4,0,2,-2,0,0,0,0
False,auto,31,6,0,2,-2,1,1,0,0
False,auto,31,7,0,2,-2,0,0,0,0
False,auto,31,3,0,2,-2,2,2,0,0
False,auto,32,1,0,2,-2,0,0,0,0
False,auto,32,0,0,2,-2,0,0,0,0
False,auto,32,3,0,2,-2,0,0,0,0
False,auto,32,7,0,2,-2,0,0,0,0
False,auto,32,8,0,2,-2,0,2,-2,1
False,auto,32,6,0,2,-2,0,2,-2,1
False,auto,32,4,0,2,-2,2,2,0,0
False,auto,32,2,0,2,-2,0,0,0,0
False,auto,33,6,0,2,-2,1,1,0,0
False,auto,33,1,0,2,-2,1,3,-2,0
False,auto,33,0,0,2,-2,0,0,0,0
False,auto,33,3,0,2,-2,0,0,0,0
False,auto,33,2,0,2,-2,1,1,0,0
False,auto,33,8,0,2,-2,0,0,0,0
False,auto,33,5,0,2,-2,1,1,0,0
False,auto,33,7,0,2,-2,0,0,0,0
False,auto,34,3,0,2,-2,0,0,0,0
False,auto,34,1,0,2,-2,2,4,-2,0
False,auto,34,2,0,2,-2,0,0,0,0
False,auto,34,6,0,2,-2,0,0,0,0
False,auto,34,0,0,2,-2,0,0,0,0
False,auto,34,4,0,2,-2,1,1,0,0
False,auto,34,8,0,2,-2,0,0,0,0
False,auto,34,7,0,2,-2,2,2,0,0
False,auto,35,0,0,2,-2,0,2,-2,1
False,auto,35,7,0,2,-2,0,2,-2,1
False,auto,35,3,0,2,-2,3,3,0,0
False,auto,35,4,0,2,-2,1,1,0,0
False,auto,35,1,0,2,-2,0,0,0,0
False,auto,35,2,0,2,-2,0,0,0,0
False,auto,35,8,0,2,-2,2,2,0,0
False,auto,35,6,0,2,-2,0,2,-2,1
False,auto,36,1,0,2,-2,1,1,0,0
False,auto,36,0,0,2,-2,0,0,0,0
False,auto,36,2,0,2,-2,0,0,0,0
False,auto,36,6,0,2,-2,2,3,-1,0
False,auto,36,4,0,2,-2,0,0,0,0
False,auto,36,5,0,2,-2,0,0,0,0
False,auto,36,8,0,2,-2,0,0,0,0
False,auto,36,7,0,2,-2,0,0,0,0
False,auto,37,2,0,2,-2,0,2,-2,1
False,auto,37,0,0,2,-2,0,0,0,0
False,auto,37,8,0,2,-2,0,0,0,0
False,auto,37,6,0,2,-2,0,2,-2,1
False,auto,37,3,0,2,-2,0,0,0,0
False,auto,37,4,0,2,-2,1,1,0,0
False,auto,37,7,0,2,-2,1,1,0,0
False,auto,37,1,0,2,-2,0,0,0,0
False,auto,38,0,0,2,-2,2,2,0,0
False,auto,38,1,0,2,-2,0,0,0,0
False,auto,38,5,0,2,-2,0,0,0,0
False,auto,38,6,0,2,-2,1,1,0,0
False,auto,38,4,0,2,-2,1,1,0,0
False,auto,38,7,0,2,-2,1,1,0,0
False,auto,38,2,0,2,-2,1,1,0,0
False,auto,38,8,0,2,-2,1,1,0,0
False,auto,39,1,0,2,-2,0,2,-2,1
False,auto,39,0,0,2,-2,0,0,0,0
False,auto,39,7,0,2,-2,0,2,-2,1
False,auto,39,8,0,2,-2,1,1,0,0
False,auto,39,2,0,2,-2,0,0,0,0
False,auto,39,6,0,2,-2,0,0,0,0
False,auto,39,4,0,2,-2,1,1,0,0
False,auto,39,3,0,2,-2,0,0,0,0
False,gate_0.28,20,0,0,2,-2,0,2,-2,1
False,gate_0.28,20,2,0,2,-2,0,0,0,0
False,gate_0.28,20,1,0,2,-2,0,2,-2,1
False,gate_0.28,20,4,0,2,-2,1,1,0,0
False,gate_0.28,20,6,0,2,-2,0,0,0,0
False,gate_0.28,20,7,0,2,-2,0,0,0,0
False,gate_0.28,20,5,0,2,-2,0,2,-2,1
False,gate_0.28,20,8,0,2,-2,0,8,-8,0
False,gate_0.28,21,7,0,2,-2,0,0,0,0
False,gate_0.28,21,8,0,2,-2,2,2,0,0
False,gate_0.28,21,2,0,2,-2,2,2,0,0
False,gate_0.28,21,6,0,2,-2,0,2,-2,1
False,gate_0.28,21,4,0,2,-2,1,1,0,0
False,gate_0.28,21,1,0,2,-2,1,1,0,0
False,gate_0.28,21,0,0,2,-2,0,0,0,0
False,gate_0.28,21,5,0,2,-2,0,2,-2,1
False,gate_0.28,22,0,0,2,-2,2,2,0,0
False,gate_0.28,22,6,0,2,-2,1,1,0,0
False,gate_0.28,22,1,0,2,-2,1,1,0,0
False,gate_0.28,22,7,0,2,-2,2,2,0,0
False,gate_0.28,22,4,0,2,-2,0,2,-2,1
False,gate_0.28,22,3,0,2,-2,2,2,0,0
False,gate_0.28,22,2,0,2,-2,0,2,-2,1
False,gate_0.28,22,8,0,2,-2,0,0,0,0
False,gate_0.28,23,2,0,2,-2,2,2,0,0
False,gate_0.28,23,1,0,2,-2,1,1,0,0
False,gate_0.28,23,0,0,2,-2,0,0,0,0
False,gate_0.28,23,3,0,2,-2,1,1,0,0
False,gate_0.28,23,7,0,2,-2,0,2,-2,1
False,gate_0.28,23,4,0,2,-2,1,1,0,0
False,gate_0.28,23,6,0,2,-2,0,0,0,0
False,gate_0.28,23,8,0,2,-2,0,2,-2,1
False,gate_0.28,24,2,0,2,-2,0,0,0,0
False,gate_0.28,24,1,0,2,-2,3,5,-2,0
False,gate_0.28,24,3,0,2,-2,1,1,0,0
False,gate_0.28,24,0,0,2,-2,1,1,0,0
False,gate_0.28,24,5,0,2,-2,1,1,0,0
False,gate_0.28,24,7,0,2,-2,2,2,0,0
False,gate_0.28,24,6,0,2,-2,1,2,-1,0
False,gate_0.28,24,8,0,2,-2,1,1,0,0
False,gate_0.28,25,0,0,2,-2,2,2,0,0
False,gate_0.28,25,7,0,2,-2,0,0,0,0
False,gate_0.28,25,6,0,2,-2,2,2,0,0
False,gate_0.28,25,2,0,2,-2,0,0,0,0
False,gate_0.28,25,4,0,2,-2,0,0,0,0
False,gate_0.28,25,1,0,2,-2,0,2,-2,1
False,gate_0.28,25,3,0,2,-2,0,0,0,0
False,gate_0.28,25,8,0,2,-2,0,0,0,0
False,gate_0.28,26,0,0,2,-2,2,2,0,0
False,gate_0.28,26,1,0,2,-2,0,2,-2,1
False,gate_0.28,26,2,0,2,-2,0,0,0,0
False,gate_0.28,26,3,0,2,-2,0,0,0,0
False,gate_0.28,26,4,0,2,-2,2,2,0,0
False,gate_0.28,26,7,0,2,-2,0,4,-4,0
False,gate_0.28,26,6,0,2,-2,0,0,0,0
False,gate_0.28,26,8,0,2,-2,0,2,-2,1
False,gate_0.28,27,0,0,2,-2,1,1,0,0
False,gate_0.28,27,8,0,2,-2,0,0,0,0
False,gate_0.28,27,3,0,2,-2,1,1,0,0
False,gate_0.28,27,1,0,2,-2,1,1,0,0
False,gate_0.28,27,7,0,2,-2,0,0,0,0
False,gate_0.28,27,6,0,2,-2,0,0,0,0
False,gate_0.28,27,2,0,2,-2,3,3,0,0
False,gate_0.28,27,5,0,2,-2,1,1,0,0
False,gate_0.28,28,0,0,2,-2,0,0,0,0
False,gate_0.28,28,7,0,2,-2,0,0,0,0
False,gate_0.28,28,4,0,2,-2,0,0,0,0
False,gate_0.28,28,1,0,2,-2,4,4,0,0
False,gate_0.28,28,3,0,2,-2,1,1,0,0
False,gate_0.28,28,2,0,2,-2,1,1,0,0
False,gate_0.28,28,6,0,2,-2,4,4,0,0
False,gate_0.28,28,8,0,2,-2,0,0,0,0
False,gate_0.28,29,0,0,2,-2,0,0,0,0
False,gate_0.28,29,1,0,2,-2,0,0,0,0
False,gate_0.28,29,6,0,2,-2,0,0,0,0
False,gate_0.28,29,7,0,2,-2,1,1,0,0
False,gate_0.28,29,3,0,2,-2,1,1,0,0
False,gate_0.28,29,2,0,2,-2,1,1,0,0
False,gate_0.28,29,4,0,2,-2,2,2,0,0
False,gate_0.28,29,8,0,2,-2,3,3,0,0
False,gate_0.28,30,1,0,2,-2,0,2,-2,1
False,gate_0.28,30,2,0,2,-2,2,2,0,0
False,gate_0.28,30,0,0,2,-2,2,2,0,0
False,gate_0.28,30,4,0,2,-2,1,1,0,0
False,gate_0.28,30,3,0,2,-2,2,2,0,0
False,gate_0.28,30,6,0,2,-2,1,1,0,0
False,gate_0.28,30,7,0,2,-2,2,2,0,0
False,gate_0.28,30,8,0,2,-2,0,2,-2,1
False,gate_0.28,31,0,0,2,-2,1,1,0,0
False,gate_0.28,31,2,0,2,-2,0,2,-2,1
False,gate_0.28,31,8,0,2,-2,2,2,0,0
False,gate_0.28,31,1,0,2,-2,1,1,0,0
False,gate_0.28,31,4,0,2,-2,2,2,0,0
False,gate_0.28,31,6,0,2,-2,1,1,0,0
False,gate_0.28,31,7,0,2,-2,0,0,0,0
False,gate_0.28,31,3,0,2,-2,1,1,0,0
False,gate_0.28,32,1,0,2,-2,0,0,0,0
False,gate_0.28,32,0,0,2,-2,0,0,0,0
False,gate_0.28,32,4,0,2,-2,0,0,0,0
False,gate_0.28,32,7,0,2,-2,0,0,0,0
False,gate_0.28,32,8,0,2,-2,0,2,-2,1
False,gate_0.28,32,6,0,2,-2,0,2,-2,1
False,gate_0.28,32,5,0,2,-2,0,2,-2,1
False,gate_0.28,32,2,0,2,-2,1,1,0,0
False,gate_0.28,33,6,0,2,-2,1,1,0,0
False,gate_0.28,33,1,0,2,-2,1,3,-2,0
False,gate_0.28,33,0,0,2,-2,0,0,0,0
False,gate_0.28,33,3,0,2,-2,2,2,0,0
False,gate_0.28,33,2,0,2,-2,1,1,0,0
False,gate_0.28,33,8,0,2,-2,0,0,0,0
False,gate_0.28,33,5,0,2,-2,1,2,-1,0
False,gate_0.28,33,7,0,2,-2,0,0,0,0
False,gate_0.28,34,3,0,2,-2,0,0,0,0
False,gate_0.28,34,1,0,2,-2,2,4,-2,0
False,gate_0.28,34,2,0,2,-2,0,2,-2,1
False,gate_0.28,34,6,0,2,-2,0,0,0,0
False,gate_0.28,34,0,0,2,-2,0,0,0,0
False,gate_0.28,34,4,0,2,-2,1,1,0,0
False,gate_0.28,34,8,0,2,-2,0,0,0,0
False,gate_0.28,34,7,0,2,-2,2,2,0,0
False,gate_0.28,35,0,0,2,-2,0,2,-2,1
False,gate_0.28,35,7,0,2,-2,0,2,-2,1
False,gate_0.28,35,3,0,2,-2,0,0,0,0
False,gate_0.28,35,4,0,2,-2,1,1,0,0
False,gate_0.28,35,1,0,2,-2,0,0,0,0
False,gate_0.28,35,2,0,2,-2,0,0,0,0
False,gate_0.28,35,8,0,2,-2,2,2,0,0
False,gate_0.28,35,6,0,2,-2,0,2,-2,1
False,gate_0.28,36,1,0,2,-2,1,1,0,0
False,gate_0.28,36,0,0,2,-2,0,0,0,0
False,gate_0.28,36,2,0,2,-2,0,0,0,0
False,gate_0.28,36,6,0,2,-2,2,3,-1,0
False,gate_0.28,36,5,0,2,-2,2,2,0,0
False,gate_0.28,36,3,0,2,-2,0,0,0,0
False,gate_0.28,36,8,0,2,-2,0,0,0,0
False,gate_0.28,36,7,0,2,-2,0,0,0,0
False,gate_0.28,37,2,0,2,-2,0,2,-2,1
False,gate_0.28,37,0,0,2,-2,0,0,0,0
False,gate_0.28,37,8,0,2,-2,0,0,0,0
False,gate_0.28,37,6,0,2,-2,0,2,-2,1
False,gate_0.28,37,3,0,2,-2,0,0,0,0
False,gate_0.28,37,5,0,2,-2,0,0,0,0
False,gate_0.28,37,7,0,2,-2,1,1,0,0
False,gate_0.28,37,1,0,2,-2,0,0,0,0
False,gate_0.28,38,0,0,2,-2,2,2,0,0
False,gate_0.28,38,1,0,2,-2,0,0,0,0
False,gate_0.28,38,3,0,2,-2,2,2,0,0
False,gate_0.28,38,6,0,2,-2,1,1,0,0
False,gate_0.28,38,4,0,2,-2,2,2,0,0
False,gate_0.28,38,7,0,2,-2,1,1,0,0
False,gate_0.28,38,2,0,2,-2,3,3,0,0
False,gate_0.28,38,8,0,2,-2,1,1,0,0
False,gate_0.28,39,1,0,2,-2,0,2,-2,1
False,gate_0.28,39,0,0,2,-2,0,0,0,0
False,gate_0.28,39,7,0,2,-2,0,2,-2,1
False,gate_0.28,39,8,0,2,-2,1,1,0,0
False,gate_0.28,39,2,0,2,-2,0,0,0,0
False,gate_0.28,39,6,0,2,-2,0,0,0,0
False,gate_0.28,39,5,0,2,-2,0,0,0,0
False,gate_0.28,39,3,0,2,-2,0,0,0,0
True,auto,20,0,0,2,-2,0,2,-2,1
True,auto,20,4,0,2,-2,0,0,0,0
True,auto,20,1,0,2,-2,0,2,-2,1
True,auto,20,5,0,2,-2,1,2,-1,0
True,auto,20,6,0,2,-2,0,0,0,0
True,auto,20,7,0,2,-2,0,0,0,0
True,auto,20,2,0,2,-2,0,0,0,0
True,auto,20,8,0,2,-2,0,8,-8,0
True,auto,21,4,0,2,-2,0,0,0,0
True,auto,21,2,0,2,-2,2,2,0,0
True,auto,21,6,0,2,-2,0,2,-2,1
True,auto,21,7,0,2,-2,0,0,0,0
True,auto,21,1,0,2,-2,1,1,0,0
True,auto,21,0,0,2,-2,0,0,0,0
True,auto,21,8,0,2,-2,2,2,0,0
True,auto,21,3,0,2,-2,1,1,0,0
True,auto,22,0,0,2,-2,2,2,0,0
True,auto,22,6,0,2,-2,1,1,0,0
True,auto,22,1,0,2,-2,1,1,0,0
True,auto,22,7,0,2,-2,2,2,0,0
True,auto,22,5,0,2,-2,0,2,-2,1
True,auto,22,3,0,2,-2,1,1,0,0
True,auto,22,8,0,2,-2,0,0,0,0
True,auto,22,2,0,2,-2,0,2,-2,1
True,auto,23,2,0,2,-2,2,2,0,0
True,auto,23,7,0,2,-2,0,2,-2,1
True,auto,23,5,0,2,-2,1,1,0,0
True,auto,23,0,0,2,-2,0,0,0,0
True,auto,23,3,0,2,-2,1,1,0,0
True,auto,23,1,0,2,-2,0,2,-2,1
True,auto,23,6,0,2,-2,0,0,0,0
True,auto,23,8,0,2,-2,0,2,-2,1
True,auto,24,2,0,2,-2,0,0,0,0
True,auto,24,1,0,2,-2,0,0,0,0
True,auto,24,3,0,2,-2,1,1,0,0
True,auto,24,0,0,2,-2,1,1,0,0
True,auto,24,4,0,2,-2,0,0,0,0
True,auto,24,7,0,2,-2,2,2,0,0
True,auto,24,8,0,2,-2,1,1,0,0
True,auto,24,6,0,2,-2,1,2,-1,0
True,auto,25,0,0,2,-2,2,2,0,0
True,auto,25,7,0,2,-2,0,0,0,0
True,auto,25,6,0,2,-2,2,2,0,0
True,auto,25,2,0,2,-2,0,0,0,0
True,auto,25,12,0,2,-2,1,1,0,0
True,auto,25,1,0,2,-2,0,3,-3,0
True,auto,25,4,0,2,-2,1,1,0,0
True,auto,25,8,0,2,-2,0,0,0,0
True,auto,26,0,0,2,-2,2,2,0,0
True,auto,26,1,0,2,-2,0,2,-2,1
True,auto,26,2,0,2,-2,0,0,0,0
True,auto,26,8,0,2,-2,0,2,-2,1
True,auto,26,5,0,2,-2,2,2,0,0
True,auto,26,4,0,2,-2,1,1,0,0
True,auto,26,6,0,2,-2,0,0,0,0
True,auto,26,7,0,2,-2,0,4,-4,0
True,auto,27,0,0,2,-2,1,1,0,0
True,auto,27,3,0,2,-2,1,1,0,0
True,auto,27,11,0,2,-2,1,3,-2,0
True,auto,27,1,0,2,-2,1,1,0,0
True,auto,27,7,0,2,-2,0,0,0,0
True,auto,27,6,0,2,-2,0,0,0,0
True,auto,27,2,0,2,-2,1,1,0,0
True,auto,27,8,0,2,-2,0,0,0,0
True,auto,28,0,0,2,-2,0,0,0,0
True,auto,28,2,0,2,-2,3,3,0,0
True,auto,28,9,0,2,-2,2,2,0,0
True,auto,28,1,0,2,-2,4,4,0,0
True,auto,28,7,0,2,-2,0,0,0,0
True,auto,28,4,0,2,-2,0,2,-2,1
True,auto,28,6,0,2,-2,4,4,0,0
True,auto,28,8,0,2,-2,0,0,0,0
True,auto,29,0,0,2,-2,0,0,0,0
True,auto,29,1,0,2,-2,0,0,0,0
True,auto,29,6,0,2,-2,0,0,0,0
True,auto,29,7,0,2,-2,1,1,0,0
True,auto,29,2,0,2,-2,3,3,0,0
True,auto,29,3,0,2,-2,2,2,0,0
True,auto,29,5,0,2,-2,1,1,0,0
True,auto,29,8,0,2,-2,3,3,0,0
True,auto,30,1,0,2,-2,0,2,-2,1
True,auto,30,2,0,2,-2,0,0,0,0
True,auto,30,0,0,2,-2,2,2,0,0
True,auto,30,3,0,2,-2,1,1,0,0
True,auto,30,5,0,2,-2,3,3,0,0
True,auto,30,6,0,2,-2,1,1,0,0
True,auto,30,7,0,2,-2,2,2,0,0
True,auto,30,8,0,2,-2,0,2,-2,1
True,auto,31,0,0,2,-2,1,1,0,0
True,auto,31,2,0,2,-2,0,2,-2,1
True,auto,31,8,0,2,-2,2,2,0,0
True,auto,31,1,0,2,-2,1,1,0,0
True,auto,31,3,0,2,-2,1,1,0,0
True,auto,31,6,0,2,-2,1,1,0,0
True,auto,31,7,0,2,-2,0,0,0,0
True,auto,31,9,0,2,-2,0,2,-2,1
True,auto,32,1,0,2,-2,0,0,0,0
True,auto,32,0,0,2,-2,0,0,0,0
True,auto,32,2,0,2,-2,0,0,0,0
True,auto,32,3,0,2,-2,0,2,-2,1
True,auto,32,7,0,2,-2,0,0,0,0
True,auto,32,8,0,2,-2,0,2,-2,1
True,auto,32,6,0,2,-2,0,2,-2,1
True,auto,32,4,0,2,-2,0,2,-2,1
True,auto,33,6,0,2,-2,1,1,0,0
True,auto,33,1,0,2,-2,1,3,-2,0
True,auto,33,0,0,2,-2,0,0,0,0
True,auto,33,3,0,2,-2,2,2,0,0
True,auto,33,5,0,2,-2,0,1,-1,0
True,auto,33,8,0,2,-2,0,0,0,0
True,auto,33,2,0,2,-2,0,0,0,0
True,auto,33,7,0,2,-2,0,0,0,0
True,auto,34,2,0,2,-2,0,0,0,0
True,auto,34,1,0,2,-2,2,4,-2,0
True,auto,34,4,0,2,-2,1,1,0,0
True,auto,34,6,0,2,-2,0,0,0,0
True,auto,34,0,0,2,-2,0,0,0,0
True,auto,34,3,0,2,-2,0,0,0,0
True,auto,34,8,0,2,-2,0,0,0,0
True,auto,34,7,0,2,-2,2,2,0,0
True,auto,35,0,0,2,-2,0,2,-2,1
True,auto,35,7,0,2,-2,0,2,-2,1
True,auto,35,3,0,2,-2,0,0,0,0
True,auto,35,10,0,2,-2,2,3,-1,0
True,auto,35,1,0,2,-2,0,0,0,0
True,auto,35,8,0,2,-2,2,2,0,0
True,auto,35,2,0,2,-2,2,2,0,0
True,auto,35,6,0,2,-2,0,2,-2,1
True,auto,36,11,0,2,-2,1,1,0,0
True,auto,36,1,0,2,-2,1,1,0,0
True,auto,36,0,0,2,-2,0,0,0,0
True,auto,36,2,0,2,-2,0,0,0,0
True,auto,36,6,0,2,-2,2,3,-1,0
True,auto,36,5,0,2,-2,1,1,0,0
True,auto,36,7,0,2,-2,0,0,0,0
True,auto,36,8,0,2,-2,0,0,0,0
True,auto,37,2,0,2,-2,0,2,-2,1
True,auto,37,0,0,2,-2,0,0,0,0
True,auto,37,6,0,2,-2,0,2,-2,1
True,auto,37,3,0,2,-2,2,3,-1,0
True,auto,37,4,0,2,-2,1,1,0,0
True,auto,37,8,0,2,-2,0,0,0,0
True,auto,37,7,0,2,-2,1,1,0,0
True,auto,37,1,0,2,-2,0,0,0,0
True,auto,38,0,0,2,-2,2,2,0,0
True,auto,38,1,0,2,-2,0,0,0,0
True,auto,38,5,0,2,-2,2,3,-1,0
True,auto,38,4,0,2,-2,1,1,0,0
True,auto,38,2,0,2,-2,0,0,0,0
True,auto,38,7,0,2,-2,1,1,0,0
True,auto,38,8,0,2,-2,1,1,0,0
True,auto,38,6,0,2,-2,1,1,0,0
True,auto,39,1,0,2,-2,0,2,-2,1
True,auto,39,0,0,2,-2,0,0,0,0
True,auto,39,7,0,2,-2,0,2,-2,1
True,auto,39,4,0,2,-2,1,1,0,0
True,auto,39,8,0,2,-2,1,1,0,0
True,auto,39,3,0,2,-2,1,1,0,0
True,auto,39,2,0,2,-2,0,0,0,0
True,auto,39,6,0,2,-2,0,0,0,0
True,gate_0.28,20,0,0,2,-2,0,2,-2,1
True,gate_0.28,20,2,0,2,-2,1,1,0,0
True,gate_0.28,20,1,0,2,-2,0,2,-2,1
True,gate_0.28,20,4,0,2,-2,1,1,0,0
True,gate_0.28,20,6,0,2,-2,0,0,0,0
True,gate_0.28,20,7,0,2,-2,0,0,0,0
True,gate_0.28,20,5,0,2,-2,0,2,-2,1
True,gate_0.28,20,8,0,2,-2,0,8,-8,0
True,gate_0.28,21,5,0,2,-2,0,2,-2,1
True,gate_0.28,21,2,0,2,-2,2,2,0,0
True,gate_0.28,21,6,0,2,-2,0,2,-2,1
True,gate_0.28,21,7,0,2,-2,0,0,0,0
True,gate_0.28,21,1,0,2,-2,1,1,0,0
True,gate_0.28,21,0,0,2,-2,0,0,0,0
True,gate_0.28,21,4,0,2,-2,0,0,0,0
True,gate_0.28,21,8,0,2,-2,2,2,0,0
True,gate_0.28,22,0,0,2,-2,2,2,0,0
True,gate_0.28,22,6,0,2,-2,1,1,0,0
True,gate_0.28,22,1,0,2,-2,1,1,0,0
True,gate_0.28,22,7,0,2,-2,2,2,0,0
True,gate_0.28,22,4,0,2,-2,0,2,-2,1
True,gate_0.28,22,3,0,2,-2,0,0,0,0
True,gate_0.28,22,8,0,2,-2,0,0,0,0
True,gate_0.28,22,2,0,2,-2,0,2,-2,1
True,gate_0.28,23,2,0,2,-2,2,2,0,0
True,gate_0.28,23,7,0,2,-2,0,2,-2,1
True,gate_0.28,23,1,0,2,-2,1,1,0,0
True,gate_0.28,23,0,0,2,-2,0,0,0,0
True,gate_0.28,23,3,0,2,-2,1,1,0,0
True,gate_0.28,23,4,0,2,-2,0,2,-2,1
True,gate_0.28,23,6,0,2,-2,0,0,0,0
True,gate_0.28,23,8,0,2,-2,0,2,-2,1
True,gate_0.28,24,2,0,2,-2,0,0,0,0
True,gate_0.28,24,1,0,2,-2,1,1,0,0
True,gate_0.28,24,3,0,2,-2,1,1,0,0
True,gate_0.28,24,0,0,2,-2,1,1,0,0
True,gate_0.28,24,5,0,2,-2,1,1,0,0
True,gate_0.28,24,7,0,2,-2,2,2,0,0
True,gate_0.28,24,8,0,2,-2,1,1,0,0
True,gate_0.28,24,6,0,2,-2,1,2,-1,0
True,gate_0.28,25,0,0,2,-2,2,2,0,0
True,gate_0.28,25,7,0,2,-2,0,0,0,0
True,gate_0.28,25,6,0,2,-2,2,2,0,0
True,gate_0.28,25,2,0,2,-2,0,0,0,0
True,gate_0.28,25,12,0,2,-2,1,1,0,0
True,gate_0.28,25,1,0,2,-2,0,2,-2,1
True,gate_0.28,25,3,0,2,-2,0,0,0,0
True,gate_0.28,25,8,0,2,-2,0,0,0,0
True,gate_0.28,26,0,0,2,-2,2,2,0,0
True,gate_0.28,26,1,0,2,-2,0,2,-2,1
True,gate_0.28,26,5,0,2,-2,0,0,0,0
True,gate_0.28,26,8,0,2,-2,0,2,-2,1
True,gate_0.28,26,3,0,2,-2,0,0,0,0
True,gate_0.28,26,4,0,2,-2,2,2,0,0
True,gate_0.28,26,6,0,2,-2,0,0,0,0
True,gate_0.28,26,7,0,2,-2,0,4,-4,0
True,gate_0.28,27,0,0,2,-2,1,1,0,0
True,gate_0.28,27,5,0,2,-2,1,1,0,0
True,gate_0.28,27,3,0,2,-2,1,1,0,0
True,gate_0.28,27,1,0,2,-2,1,1,0,0
True,gate_0.28,27,7,0,2,-2,0,0,0,0
True,gate_0.28,27,6,0,2,-2,0,0,0,0
True,gate_0.28,27,2,0,2,-2,3,3,0,0
True,gate_0.28,27,8,0,2,-2,0,0,0,0
True,gate_0.28,28,0,0,2,-2,0,0,0,0
True,gate_0.28,28,3,0,2,-2,2,2,0,0
True,gate_0.28,28,5,0,2,-2,0,0,0,0
True,gate_0.28,28,1,0,2,-2,4,4,0,0
True,gate_0.28,28,7,0,2,-2,0,0,0,0
True,gate_0.28,28,2,0,2,-2,1,1,0,0
True,gate_0.28,28,6,0,2,-2,4,4,0,0
True,gate_0.28,28,8,0,2,-2,0,0,0,0
True,gate_0.28,29,0,0,2,-2,0,0,0,0
True,gate_0.28,29,1,0,2,-2,0,0,0,0
True,gate_0.28,29,6,0,2,-2,0,0,0,0
True,gate_0.28,29,7,0,2,-2,1,1,0,0
True,gate_0.28,29,3,0,2,-2,1,1,0,0
True,gate_0.28,29,2,0,2,-2,1,1,0,0
True,gate_0.28,29,4,0,2,-2,2,2,0,0
True,gate_0.28,29,8,0,2,-2,3,3,0,0
True,gate_0.28,30,1,0,2,-2,0,2,-2,1
True,gate_0.28,30,2,0,2,-2,2,2,0,0
True,gate_0.28,30,0,0,2,-2,2,2,0,0
True,gate_0.28,30,4,0,2,-2,0,0,0,0
True,gate_0.28,30,3,0,2,-2,2,2,0,0
True,gate_0.28,30,6,0,2,-2,1,1,0,0
True,gate_0.28,30,7,0,2,-2,2,2,0,0
True,gate_0.28,30,8,0,2,-2,0,2,-2,1
True,gate_0.28,31,0,0,2,-2,1,1,0,0
True,gate_0.28,31,2,0,2,-2,0,2,-2,1
True,gate_0.28,31,8,0,2,-2,2,2,0,0
True,gate_0.28,31,1,0,2,-2,1,1,0,0
True,gate_0.28,31,3,0,2,-2,2,2,0,0
True,gate_0.28,31,6,0,2,-2,1,1,0,0
True,gate_0.28,31,7,0,2,-2,0,0,0,0
True,gate_0.28,31,4,0,2,-2,2,2,0,0
True,gate_0.28,32,1,0,2,-2,0,0,0,0
True,gate_0.28,32,0,0,2,-2,0,0,0,0
True,gate_0.28,32,4,0,2,-2,0,0,0,0
True,gate_0.28,32,2,0,2,-2,0,0,0,0
True,gate_0.28,32,7,0,2,-2,0,0,0,0
True,gate_0.28,32,8,0,2,-2,0,2,-2,1
True,gate_0.28,32,6,0,2,-2,0,2,-2,1
True,gate_0.28,32,3,0,2,-2,1,1,0,0
True,gate_0.28,33,6,0,2,-2,1,1,0,0
True,gate_0.28,33,1,0,2,-2,1,3,-2,0
True,gate_0.28,33,0,0,2,-2,0,0,0,0
True,gate_0.28,33,3,0,2,-2,2,2,0,0
True,gate_0.28,33,2,0,2,-2,1,1,0,0
True,gate_0.28,33,8,0,2,-2,0,0,0,0
True,gate_0.28,33,5,0,2,-2,1,1,0,0
True,gate_0.28,33,7,0,2,-2,0,0,0,0
True,gate_0.28,34,3,0,2,-2,2,2,0,0
True,gate_0.28,34,1,0,2,-2,2,4,-2,0
True,gate_0.28,34,2,0,2,-2,0,2,-2,1
True,gate_0.28,34,6,0,2,-2,0,0,0,0
True,gate_0.28,34,0,0,2,-2,0,0,0,0
True,gate_0.28,34,5,0,2,-2,3,3,0,0
True,gate_0.28,34,8,0,2,-2,0,0,0,0
True,gate_0.28,34,7,0,2,-2,2,2,0,0
True,gate_0.28,35,0,0,2,-2,0,2,-2,1
True,gate_0.28,35,7,0,2,-2,0,2,-2,1
True,gate_0.28,35,4,0,2,-2,0,0,0,0
True,gate_0.28,35,3,0,2,-2,0,0,0,0
True,gate_0.28,35,1,0,2,-2,0,0,0,0
True,gate_0.28,35,8,0,2,-2,2,2,0,0
True,gate_0.28,35,2,0,2,-2,0,0,0,0
True,gate_0.28,35,6,0,2,-2,0,2,-2,1
True,gate_0.28,36,3,0,2,-2,1,1,0,0
True,gate_0.28,36,1,0,2,-2,1,1,0,0
True,gate_0.28,36,0,0,2,-2,0,0,0,0
True,gate_0.28,36,2,0,2,-2,0,0,0,0
True,gate_0.28,36,6,0,2,-2,2,3,-1,0
True,gate_0.28,36,4,0,2,-2,0,0,0,0
True,gate_0.28,36,7,0,2,-2,0,0,0,0
True,gate_0.28,36,8,0,2,-2,0,0,0,0
True,gate_0.28,37,2,0,2,-2,0,2,-2,1
True,gate_0.28,37,0,0,2,-2,0,0,0,0
True,gate_0.28,37,6,0,2,-2,0,2,-2,1
True,gate_0.28,37,3,0,2,-2,0,0,0,0
True,gate_0.28,37,4,0,2,-2,1,2,-1,0
True,gate_0.28,37,8,0,2,-2,0,0,0,0
True,gate_0.28,37,7,0,2,-2,1,1,0,0
True,gate_0.28,37,1,0,2,-2,0,0,0,0
True,gate_0.28,38,0,0,2,-2,2,2,0,0
True,gate_0.28,38,1,0,2,-2,0,0,0,0
True,gate_0.28,38,3,0,2,-2,2,2,0,0
True,gate_0.28,38,5,0,2,-2,1,1,0,0
True,gate_0.28,38,2,0,2,-2,3,3,0,0
True,gate_0.28,38,7,0,2,-2,1,1,0,0
True,gate_0.28,38,8,0,2,-2,1,1,0,0
True,gate_0.28,38,6,0,2,-2,1,1,0,0
True,gate_0.28,39,1,0,2,-2,0,2,-2,1
True,gate_0.28,39,0,0,2,-2,0,0,0,0
True,gate_0.28,39,7,0,2,-2,0,2,-2,1
True,gate_0.28,39,3,0,2,-2,0,0,0,0
True,gate_0.28,39,5,0,2,-2,0,0,0,0
True,gate_0.28,39,2,0,2,-2,0,0,0,0
True,gate_0.28,39,8,0,2,-2,1,1,0,0
True,gate_0.28,39,6,0,2,-2,0,0,0,0
