hard_value,policy,seed,label,role,template_target_overlap
False,auto,20,0,high,0.9999999999999994
False,auto,20,9,junk,0.8899531705801776
False,auto,20,1,high,1.0000000000000002
False,auto,20,4,high,0.9041590389031545
False,auto,20,6,critical,0.9147693357163462
False,auto,20,7,critical,0.9680964344802273
False,auto,20,5,high,0.9075690898749361
False,auto,20,8,critical,0.7964887711739855
False,auto,21,7,critical,0.9680964344802273
False,auto,21,8,critical,0.902840629766549
False,auto,21,2,high,0.811915564507796
False,auto,21,6,critical,1.0000000000000004
False,auto,21,4,high,0.8634729139903217
False,auto,21,1,high,0.9072711784019114
False,auto,21,0,high,0.9014768357273722
False,auto,21,3,high,0.9625619192187802
False,auto,22,0,high,0.9069929738397264
False,auto,22,6,critical,0.905856248254355
False,auto,22,1,high,0.8243272826483967
False,auto,22,7,critical,0.9092296950287012
False,auto,22,3,high,0.897310886126883
False,auto,22,5,high,0.9657725198708373
False,auto,22,2,high,0.9112860885819731
False,auto,22,8,critical,0.8613688550900142
False,auto,23,2,high,0.9112395902354764
False,auto,23,1,high,0.9094037009448348
False,auto,23,0,high,0.9672890358634045
False,auto,23,3,high,0.899686024854086
False,auto,23,7,critical,0.959135250958649
False,auto,23,11,junk,0.8654832577507209
False,auto,23,6,critical,0.9679773641829024
False,auto,23,8,critical,0.9603049550688841
False,auto,24,2,high,0.9009157014283148
False,auto,24,1,high,0.8200854252534624
False,auto,24,3,high,0.8231162178668676
False,auto,24,0,high,0.9633409520417585
False,auto,24,4,high,0.9652642903955901
False,auto,24,7,critical,0.9127853878020131
False,auto,24,6,critical,0.9074322371975913
False,auto,24,8,critical,0.9573120687455569
False,auto,25,0,high,0.906374583554969
False,auto,25,7,critical,0.9008921331348032
False,auto,25,6,critical,0.9026860857775759
False,auto,25,2,high,0.902426502698106
False,auto,25,4,high,1.0000000000000004
False,auto,25,1,high,0.9593658232689826
False,auto,25,3,high,0.965615595864255
False,auto,25,8,critical,0.8331745890148732
False,auto,26,0,high,0.9066001129335642
False,auto,26,1,high,1.0000000000000002
False,auto,26,5,high,0.9000939116671743
False,auto,26,4,high,0.8169330539150502
False,auto,26,2,high,0.8111856826463735
False,auto,26,7,critical,0.895761705095485
False,auto,26,6,critical,0.8437793764945531
False,auto,26,8,critical,1.0000000000000004
False,auto,27,0,high,0.8432743726460639
False,auto,27,8,critical,0.834321683656987
False,auto,27,3,high,0.965615595864255
False,auto,27,1,high,0.9038944024194416
False,auto,27,7,critical,0.9133263597350464
False,auto,27,6,critical,0.9118077488856154
False,auto,27,2,high,0.8129155322981427
False,auto,27,4,high,0.8634729139903217
False,auto,28,0,high,0.8715807347053793
False,auto,28,7,critical,0.9032144776937323
False,auto,28,9,junk,0.9508805430455323
False,auto,28,1,high,0.7317000975317322
False,auto,28,4,high,0.9612794272552934
False,auto,28,2,high,0.911288989251076
False,auto,28,6,critical,0.9065072328405308
False,auto,28,8,critical,0.7473866972323467
False,auto,29,0,high,0.8715807347053793
False,auto,29,1,high,0.9106985614425097
False,auto,29,6,critical,0.8392948148995821
False,auto,29,7,critical,0.9670802317788282
False,auto,29,2,high,0.9674188374255919
False,auto,29,3,high,0.910276501863065
False,auto,29,4,high,0.9109141548768357
False,auto,29,8,critical,0.874717383473149
False,auto,30,1,high,0.9607650354587585
False,auto,30,2,high,0.8236422020664533
False,auto,30,0,high,0.9066001129335642
False,auto,30,5,high,0.914448021587449
False,auto,30,3,high,0.8358879491194025
False,auto,30,6,critical,0.9644507607436715
False,auto,30,7,critical,0.8400616012085853
False,auto,30,8,critical,1.0000000000000004
False,auto,31,0,high,0.9125939087177141
False,auto,31,2,high,0.9614264239669803
False,auto,31,8,critical,0.8981929876834116
False,auto,31,1,high,0.8294473337472795
False,auto,31,4,high,0.8316692261374882
False,auto,31,6,critical,0.8334396731806013
False,auto,31,7,critical,0.9680964344802273
False,auto,31,3,high,0.8335462395006572
False,auto,32,1,high,0.9005634673271221
False,auto,32,0,high,0.9672890358634045
False,auto,32,3,high,0.8195861127190752
False,auto,32,7,critical,0.8308663101685836
False,auto,32,8,critical,0.9599176326132791
False,auto,32,6,critical,0.9591014939058428
False,auto,32,4,high,0.8593511948041048
False,auto,32,2,high,0.913559499054633
False,auto,33,6,critical,0.9067190808211576
False,auto,33,1,high,0.8208734230997443
False,auto,33,0,high,0.8715807347053793
False,auto,33,3,high,0.8448244382858868
False,auto,33,2,high,0.9637420562363994
False,auto,33,8,critical,0.8331745890148732
False,auto,33,5,high,0.8297895285262786
False,auto,33,7,critical,0.9680964344802273
False,auto,34,3,high,0.8953893010913364
False,auto,34,1,high,0.812008272538682
False,auto,34,2,high,0.9032417927849831
False,auto,34,6,critical,0.9122863005490183
False,auto,34,0,high,0.9046950177318317
False,auto,34,4,high,0.9049386758426434
False,auto,34,8,critical,0.8315948253493883
False,auto,34,7,critical,0.9069871899334965
False,auto,35,0,high,0.960570932013965
False,auto,35,7,critical,1.0000000000000009
False,auto,35,3,high,0.8123940741875003
False,auto,35,4,high,0.90673965062182
False,auto,35,1,high,0.8319212798018767
False,auto,35,2,high,0.915816033477534
False,auto,35,8,critical,0.8996888203405337
False,auto,35,6,critical,0.9607928659585531
False,auto,36,1,high,0.8420035991488624
False,auto,36,0,high,0.8715807347053793
False,auto,36,2,high,0.9046623489300964
False,auto,36,6,critical,0.8156833154276443
False,auto,36,4,high,0.8634729139903217
False,auto,36,5,high,0.9084875323921948
False,auto,36,8,critical,0.8654789165764982
False,auto,36,7,critical,0.9000311732037745
False,auto,37,2,high,0.9999999999999988
False,auto,37,0,high,0.9000748350052041
False,auto,37,8,critical,0.8655298176051662
False,auto,37,6,critical,0.9608073345447744
False,auto,37,3,high,0.965615595864255
False,auto,37,4,high,0.9106269452445237
False,auto,37,7,critical,0.9647552765763503
False,auto,37,1,high,0.8704956580022899
False,auto,38,0,high,0.9114545879685121
False,auto,38,1,high,0.9124159442719726
False,auto,38,5,high,0.8225318459470404
False,auto,38,6,critical,0.9096748749302742
False,auto,38,4,high,0.9077220017918729
False,auto,38,7,critical,0.9639716764205343
False,auto,38,2,high,0.9649890706039678
False,auto,38,8,critical,0.9580250424007942
False,auto,39,1,high,0.9607650354587585
False,auto,39,0,high,0.9111961503958639
False,auto,39,7,critical,1.0000000000000009
False,auto,39,8,critical,0.8964286974203396
False,auto,39,2,high,0.8251721334681397
False,auto,39,6,critical,0.9679773641829024
False,auto,39,4,high,0.9079337773168269
False,auto,39,3,high,0.9080540331223098
False,gate_0.28,20,0,high,0.9999999999999994
False,gate_0.28,20,2,high,0.8910128904968656
False,gate_0.28,20,1,high,1.0000000000000002
False,gate_0.28,20,4,high,0.9041590389031545
False,gate_0.28,20,6,critical,0.9147693357163462
False,gate_0.28,20,7,critical,0.9680964344802273
False,gate_0.28,20,5,high,0.9603383334751912
False,gate_0.28,20,8,critical,0.7964887711739855
False,gate_0.28,21,7,critical,0.9680964344802273
False,gate_0.28,21,8,critical,0.902840629766549
False,gate_0.28,21,2,high,0.811915564507796
False,gate_0.28,21,6,critical,1.0000000000000004
False,gate_0.28,21,4,high,0.9637143359639057
False,gate_0.28,21,1,high,0.9072711784019114
False,gate_0.28,21,0,high,0.9014768357273722
False,gate_0.28,21,5,high,0.9803083503017437
False,gate_0.28,22,0,high,0.9069929738397264
False,gate_0.28,22,6,critical,0.905856248254355
False,gate_0.28,22,1,high,0.9647973575297712
False,gate_0.28,22,7,critical,0.9092296950287012
False,gate_0.28,22,4,high,1.0000000000000004
False,gate_0.28,22,3,high,0.9080994506560475
False,gate_0.28,22,2,high,0.9612974132015559
False,gate_0.28,22,8,critical,0.8613688550900142
False,gate_0.28,23,2,high,0.9112395902354764
False,gate_0.28,23,1,high,0.9057676331162807
False,gate_0.28,23,0,high,0.9672890358634045
False,gate_0.28,23,3,high,0.9625619192187802
False,gate_0.28,23,7,critical,0.959135250958649
False,gate_0.28,23,4,high,0.9455379194680251
False,gate_0.28,23,6,critical,0.9679773641829024
False,gate_0.28,23,8,critical,0.9603049550688841
False,gate_0.28,24,2,high,0.9009157014283148
False,gate_0.28,24,1,high,0.8200854252534624
False,gate_0.28,24,3,high,0.9643546540611074
False,gate_0.28,24,0,high,0.9633409520417585
False,gate_0.28,24,5,high,0.9504531864839855
False,gate_0.28,24,7,critical,0.9127853878020131
False,gate_0.28,24,6,critical,0.9074322371975913
False,gate_0.28,24,8,critical,0.9573120687455569
False,gate_0.28,25,0,high,0.906374583554969
False,gate_0.28,25,7,critical,0.9008921331348032
False,gate_0.28,25,6,critical,0.9026860857775759
False,gate_0.28,25,2,high,0.902426502698106
False,gate_0.28,25,4,high,0.9217760252518444
False,gate_0.28,25,1,high,0.9593658232689826
False,gate_0.28,25,3,high,0.965615595864255
False,gate_0.28,25,8,critical,0.8331745890148732
False,gate_0.28,26,0,high,0.9066001129335642
False,gate_0.28,26,1,high,1.0000000000000002
False,gate_0.28,26,2,high,0.9109828189403036
False,gate_0.28,26,3,high,0.8954028039516324
False,gate_0.28,26,4,high,0.909948932219277
False,gate_0.28,26,7,critical,0.895761705095485
False,gate_0.28,26,6,critical,0.8437793764945531
False,gate_0.28,26,8,critical,1.0000000000000004
False,gate_0.28,27,0,high,0.8432743726460639
False,gate_0.28,27,8,critical,0.834321683656987
False,gate_0.28,27,3,high,0.9064477722357676
False,gate_0.28,27,1,high,0.9038944024194416
False,gate_0.28,27,7,critical,0.9133263597350464
False,gate_0.28,27,6,critical,0.9118077488856154
False,gate_0.28,27,2,high,0.8129155322981427
False,gate_0.28,27,5,high,0.9622454731782087
False,gate_0.28,28,0,high,0.8715807347053793
False,gate_0.28,28,7,critical,0.9032144776937323
False,gate_0.28,28,4,high,0.9603578713857954
False,gate_0.28,28,1,high,0.7317000975317322
False,gate_0.28,28,3,high,0.9357325963276053
False,gate_0.28,28,2,high,0.9656385988555616
False,gate_0.28,28,6,critical,0.9065072328405308
False,gate_0.28,28,8,critical,0.7473866972323467
False,gate_0.28,29,0,high,0.8715807347053793
False,gate_0.28,29,1,high,0.9106985614425097
False,gate_0.28,29,6,critical,0.8392948148995821
False,gate_0.28,29,7,critical,0.9670802317788282
False,gate_0.28,29,3,high,0.9721647279509124
False,gate_0.28,29,2,high,0.8264927733001879
False,gate_0.28,29,4,high,0.9109141548768357
False,gate_0.28,29,8,critical,0.874717383473149
False,gate_0.28,30,1,high,0.9607650354587585
False,gate_0.28,30,2,high,0.9065417068318236
False,gate_0.28,30,0,high,0.9066001129335642
False,gate_0.28,30,4,high,0.9862899051273235
False,gate_0.28,30,3,high,0.8358879491194025
False,gate_0.28,30,6,critical,0.9644507607436715
False,gate_0.28,30,7,critical,0.8400616012085853
False,gate_0.28,30,8,critical,1.0000000000000004
False,gate_0.28,31,0,high,0.905498972062982
False,gate_0.28,31,2,high,0.9614264239669803
False,gate_0.28,31,8,critical,0.8981929876834116
False,gate_0.28,31,1,high,0.9079768900164861
False,gate_0.28,31,4,high,0.9518677338799841
False,gate_0.28,31,6,critical,0.8334396731806013
False,gate_0.28,31,7,critical,0.9680964344802273
False,gate_0.28,31,3,high,0.9243049042153577
False,gate_0.28,32,1,high,0.9005634673271221
False,gate_0.28,32,0,high,0.9672890358634045
False,gate_0.28,32,4,high,0.9259916416038105
False,gate_0.28,32,7,critical,0.8308663101685836
False,gate_0.28,32,8,critical,0.9599176326132791
False,gate_0.28,32,6,critical,0.9591014939058428
False,gate_0.28,32,5,high,0.9609797252843632
False,gate_0.28,32,2,high,0.9637420562363994
False,gate_0.28,33,6,critical,0.9067190808211576
False,gate_0.28,33,1,high,0.8208734230997443
False,gate_0.28,33,0,high,0.8715807347053793
False,gate_0.28,33,3,high,0.9085926035062714
False,gate_0.28,33,2,high,0.9637420562363994
False,gate_0.28,33,8,critical,0.8331745890148732
False,gate_0.28,33,5,high,0.9590358695680699
False,gate_0.28,33,7,critical,0.9680964344802273
False,gate_0.28,34,3,high,0.9271469574635905
False,gate_0.28,34,1,high,0.812008272538682
False,gate_0.28,34,2,high,0.9999999999999988
False,gate_0.28,34,6,critical,0.9122863005490183
False,gate_0.28,34,0,high,0.9046950177318317
False,gate_0.28,34,4,high,0.9692083866804213
False,gate_0.28,34,8,critical,0.8315948253493883
False,gate_0.28,34,7,critical,0.9069871899334965
False,gate_0.28,35,0,high,0.960570932013965
False,gate_0.28,35,7,critical,1.0000000000000009
False,gate_0.28,35,3,high,0.9056926883311807
False,gate_0.28,35,4,high,0.9736046918376429
False,gate_0.28,35,1,high,0.8319212798018767
False,gate_0.28,35,2,high,0.915816033477534
False,gate_0.28,35,8,critical,0.8996888203405337
False,gate_0.28,35,6,critical,0.9607928659585531
False,gate_0.28,36,1,high,0.8420035991488624
False,gate_0.28,36,0,high,0.8715807347053793
False,gate_0.28,36,2,high,0.9046623489300964
False,gate_0.28,36,6,critical,0.8156833154276443
False,gate_0.28,36,5,high,0.9632280086813249
False,gate_0.28,36,3,high,0.9102506021802769
False,gate_0.28,36,8,critical,0.8654789165764982
False,gate_0.28,36,7,critical,0.9000311732037745
False,gate_0.28,37,2,high,0.9999999999999988
False,gate_0.28,37,0,high,0.9000748350052041
False,gate_0.28,37,8,critical,0.8655298176051662
False,gate_0.28,37,6,critical,0.9608073345447744
False,gate_0.28,37,3,high,0.965615595864255
False,gate_0.28,37,5,high,0.8164279951749619
False,gate_0.28,37,7,critical,0.9647552765763503
False,gate_0.28,37,1,high,0.8704956580022899
False,gate_0.28,38,0,high,0.9114545879685121
False,gate_0.28,38,1,high,0.9124159442719726
False,gate_0.28,38,3,high,0.8115311595451736
False,gate_0.28,38,6,critical,0.9096748749302742
False,gate_0.28,38,4,high,0.9616932367975546
False,gate_0.28,38,7,critical,0.9639716764205343
False,gate_0.28,38,2,high,0.9109071509742878
False,gate_0.28,38,8,critical,0.9580250424007942
False,gate_0.28,39,1,high,0.9607650354587585
False,gate_0.28,39,0,high,0.9111961503958639
False,gate_0.28,39,7,critical,1.0000000000000009
False,gate_0.28,39,8,critical,0.8964286974203396
False,gate_0.28,39,2,high,0.9147595092153709
False,gate_0.28,39,6,critical,0.9679773641829024
False,gate_0.28,39,5,high,0.8764786540212839
False,gate_0.28,39,3,high,0.9080540331223098
True,auto,20,0,high,0.9999999999999994
True,auto,20,4,high,0.9652642903955901
True,auto,20,1,high,1.0000000000000002
True,auto,20,5,high,0.9075690898749361
True,auto,20,6,critical,0.9147693357163462
True,auto,20,7,critical,0.9680964344802273
True,auto,20,2,high,0.9047470379384885
True,auto,20,8,critical,0.7964887711739855
True,auto,21,4,high,0.8634729139903217
True,auto,21,2,high,0.811915564507796
True,auto,21,6,critical,1.0000000000000004
True,auto,21,7,critical,0.9680964344802273
True,auto,21,1,high,0.9072711784019114
True,auto,21,0,high,0.9014768357273722
True,auto,21,8,critical,0.902840629766549
True,auto,21,3,high,0.965497515145967
True,auto,22,0,high,0.9069929738397264
True,auto,22,6,critical,0.905856248254355
True,auto,22,1,high,0.9647973575297712
True,auto,22,7,critical,0.9092296950287012
True,auto,22,5,high,0.9614754333566125
True,auto,22,3,high,0.8258092997258402
True,auto,22,8,critical,0.8613688550900142
True,auto,22,2,high,0.9612974132015559
True,auto,23,2,high,0.9112395902354764
True,auto,23,7,critical,0.959135250958649
True,auto,23,5,high,0.9642177038544205
True,auto,23,0,high,0.9672890358634045
True,auto,23,3,high,0.9625619192187802
True,auto,23,1,high,0.9620797824220126
True,auto,23,6,critical,0.9679773641829024
True,auto,23,8,critical,0.9603049550688841
True,auto,24,2,high,0.9674188374255919
True,auto,24,1,high,0.9670041099936022
True,auto,24,3,high,0.9639838868387716
True,auto,24,0,high,0.9633409520417585
True,auto,24,4,high,0.9652642903955901
True,auto,24,7,critical,0.9127853878020131
True,auto,24,8,critical,0.9573120687455569
True,auto,24,6,critical,0.9074322371975913
True,auto,25,0,high,0.906374583554969
True,auto,25,7,critical,0.9008921331348032
True,auto,25,6,critical,0.9026860857775759
True,auto,25,2,high,0.902426502698106
True,auto,25,12,junk,0.956980134852625
True,auto,25,1,high,0.8859276165889608
True,auto,25,4,high,0.9048957432889161
True,auto,25,8,critical,0.8331745890148732
True,auto,26,0,high,0.9066001129335642
True,auto,26,1,high,1.0000000000000002
True,auto,26,2,high,0.9109828189403036
True,auto,26,8,critical,1.0000000000000004
True,auto,26,5,high,0.8114624582989042
True,auto,26,4,high,0.909119075216391
True,auto,26,6,critical,0.8437793764945531
True,auto,26,7,critical,0.895761705095485
True,auto,27,0,high,0.8432743726460639
True,auto,27,3,high,0.9109681207024831
True,auto,27,11,junk,0.9453061517896441
True,auto,27,1,high,0.9038944024194416
True,auto,27,7,critical,0.9133263597350464
True,auto,27,6,critical,0.9118077488856154
True,auto,27,2,high,0.9023092975115657
True,auto,27,8,critical,0.834321683656987
True,auto,28,0,high,0.8715807347053793
True,auto,28,2,high,0.9135012202688944
True,auto,28,9,junk,0.9448819338418201
True,auto,28,1,high,0.7317000975317322
True,auto,28,7,critical,0.9032144776937323
True,auto,28,4,high,0.9612794272552934
True,auto,28,6,critical,0.9065072328405308
True,auto,28,8,critical,0.7473866972323467
True,auto,29,0,high,0.8715807347053793
True,auto,29,1,high,0.9106985614425097
True,auto,29,6,critical,0.8392948148995821
True,auto,29,7,critical,0.9670802317788282
True,auto,29,2,high,0.9106547658931217
True,auto,29,3,high,0.909213254885813
True,auto,29,5,high,0.9082351582586847
True,auto,29,8,critical,0.874717383473149
True,auto,30,1,high,0.9607650354587585
True,auto,30,2,high,0.9109828189403036
True,auto,30,0,high,0.9066001129335642
True,auto,30,3,high,0.909924848193499
True,auto,30,5,high,0.914448021587449
True,auto,30,6,critical,0.9644507607436715
True,auto,30,7,critical,0.8400616012085853
True,auto,30,8,critical,1.0000000000000004
True,auto,31,0,high,0.905498972062982
True,auto,31,2,high,0.9614264239669803
True,auto,31,8,critical,0.8981929876834116
True,auto,31,1,high,0.9079768900164861
True,auto,31,3,high,0.9653703069292077
True,auto,31,6,critical,0.8334396731806013
True,auto,31,7,critical,0.9680964344802273
True,auto,31,9,junk,0.9611371520402141
True,auto,32,1,high,0.9005634673271221
True,auto,32,0,high,0.9672890358634045
True,auto,32,2,high,0.9009157014283148
True,auto,32,3,high,0.9624698285902819
True,auto,32,7,critical,0.8308663101685836
True,auto,32,8,critical,0.9599176326132791
True,auto,32,6,critical,0.9591014939058428
True,auto,32,4,high,0.9605584446999232
True,auto,33,6,critical,0.9067190808211576
True,auto,33,1,high,0.8208734230997443
True,auto,33,0,high,0.8715807347053793
True,auto,33,3,high,0.9085926035062714
True,auto,33,5,high,0.9072067637956927
True,auto,33,8,critical,0.8331745890148732
True,auto,33,2,high,0.8720761445736109
True,auto,33,7,critical,0.9680964344802273
True,auto,34,2,high,0.8720761445736109
True,auto,34,1,high,0.812008272538682
True,auto,34,4,high,0.9049386758426434
True,auto,34,6,critical,0.9122863005490183
True,auto,34,0,high,0.9046950177318317
True,auto,34,3,high,0.8953893010913364
True,auto,34,8,critical,0.8315948253493883
True,auto,34,7,critical,0.9069871899334965
True,auto,35,0,high,0.960570932013965
True,auto,35,7,critical,1.0000000000000009
True,auto,35,3,high,0.9056926883311807
True,auto,35,10,junk,0.8951055004198841
True,auto,35,1,high,0.8319212798018767
True,auto,35,8,critical,0.8996888203405337
True,auto,35,2,high,0.9169878675152612
True,auto,35,6,critical,0.9607928659585531
True,auto,36,11,junk,0.8803118102678178
True,auto,36,1,high,0.8420035991488624
True,auto,36,0,high,0.8715807347053793
True,auto,36,2,high,0.9046623489300964
True,auto,36,6,critical,0.8156833154276443
True,auto,36,5,high,0.9056082649011648
True,auto,36,7,critical,0.9000311732037745
True,auto,36,8,critical,0.8654789165764982
True,auto,37,2,high,0.9999999999999988
True,auto,37,0,high,0.8982941894827193
True,auto,37,6,critical,0.9608073345447744
True,auto,37,3,high,0.9061844156756735
True,auto,37,4,high,0.9106269452445237
True,auto,37,8,critical,0.8655298176051662
True,auto,37,7,critical,0.9647552765763503
True,auto,37,1,high,0.8704956580022899
True,auto,38,0,high,0.9114545879685121
True,auto,38,1,high,0.9124159442719726
True,auto,38,5,high,0.814370496062941
True,auto,38,4,high,0.9077220017918729
True,auto,38,2,high,0.9674188374255919
True,auto,38,7,critical,0.9639716764205343
True,auto,38,8,critical,0.9580250424007942
True,auto,38,6,critical,0.9096748749302742
True,auto,39,1,high,0.9607650354587585
True,auto,39,0,high,0.9111961503958639
True,auto,39,7,critical,1.0000000000000009
True,auto,39,4,high,0.9079337773168269
True,auto,39,8,critical,0.8964286974203396
True,auto,39,3,high,0.8311208925153247
True,auto,39,2,high,0.9130076957933192
True,auto,39,6,critical,0.9679773641829024
True,gate_0.28,20,0,high,0.9999999999999994
True,gate_0.28,20,2,high,0.9778406439932645
True,gate_0.28,20,1,high,1.0000000000000002
True,gate_0.28,20,4,high,0.9041590389031545
True,gate_0.28,20,6,critical,0.9147693357163462
True,gate_0.28,20,7,critical,0.9680964344802273
True,gate_0.28,20,5,high,0.9603383334751912
True,gate_0.28,20,8,critical,0.7964887711739855
True,gate_0.28,21,5,high,0.9605849986832445
True,gate_0.28,21,2,high,0.811915564507796
True,gate_0.28,21,6,critical,1.0000000000000004
True,gate_0.28,21,7,critical,0.9680964344802273
True,gate_0.28,21,1,high,0.9072711784019114
True,gate_0.28,21,0,high,0.9014768357273722
True,gate_0.28,21,4,high,0.8634729139903217
True,gate_0.28,21,8,critical,0.902840629766549
True,gate_0.28,22,0,high,0.9069929738397264
True,gate_0.28,22,6,critical,0.905856248254355
True,gate_0.28,22,1,high,0.9647973575297712
True,gate_0.28,22,7,critical,0.9092296950287012
True,gate_0.28,22,4,high,1.0000000000000004
True,gate_0.28,22,3,high,0.9308365554098867
True,gate_0.28,22,8,critical,0.8613688550900142
True,gate_0.28,22,2,high,0.9612974132015559
True,gate_0.28,23,2,high,0.9112395902354764
True,gate_0.28,23,7,critical,0.959135250958649
True,gate_0.28,23,1,high,0.9057676331162807
True,gate_0.28,23,0,high,0.9672890358634045
True,gate_0.28,23,3,high,0.9625619192187802
True,gate_0.28,23,4,high,0.9600201188032931
True,gate_0.28,23,6,critical,0.9679773641829024
True,gate_0.28,23,8,critical,0.9603049550688841
True,gate_0.28,24,2,high,0.9009157014283148
True,gate_0.28,24,1,high,0.970060614102488
True,gate_0.28,24,3,high,0.9643546540611074
True,gate_0.28,24,0,high,0.9633409520417585
True,gate_0.28,24,5,high,0.9646570281090626
True,gate_0.28,24,7,critical,0.9127853878020131
True,gate_0.28,24,8,critical,0.9573120687455569
True,gate_0.28,24,6,critical,0.9074322371975913
True,gate_0.28,25,0,high,0.906374583554969
True,gate_0.28,25,7,critical,0.9008921331348032
True,gate_0.28,25,6,critical,0.9026860857775759
True,gate_0.28,25,2,high,0.902426502698106
True,gate_0.28,25,12,junk,0.956980134852625
True,gate_0.28,25,1,high,0.9593658232689826
True,gate_0.28,25,3,high,0.965615595864255
True,gate_0.28,25,8,critical,0.8331745890148732
True,gate_0.28,26,0,high,0.9066001129335642
True,gate_0.28,26,1,high,1.0000000000000002
True,gate_0.28,26,5,high,0.9431886402193256
True,gate_0.28,26,8,critical,1.0000000000000004
True,gate_0.28,26,3,high,0.8954028039516324
True,gate_0.28,26,4,high,0.909948932219277
True,gate_0.28,26,6,critical,0.8437793764945531
True,gate_0.28,26,7,critical,0.895761705095485
True,gate_0.28,27,0,high,0.8432743726460639
True,gate_0.28,27,5,high,0.9068274736631508
True,gate_0.28,27,3,high,0.9064477722357676
True,gate_0.28,27,1,high,0.9038944024194416
True,gate_0.28,27,7,critical,0.9133263597350464
True,gate_0.28,27,6,critical,0.9118077488856154
True,gate_0.28,27,2,high,0.8129155322981427
True,gate_0.28,27,8,critical,0.834321683656987
True,gate_0.28,28,0,high,0.8715807347053793
True,gate_0.28,28,3,high,0.904461462335703
True,gate_0.28,28,5,high,0.8212860102654183
True,gate_0.28,28,1,high,0.7317000975317322
True,gate_0.28,28,7,critical,0.9032144776937323
True,gate_0.28,28,2,high,0.9656385988555616
True,gate_0.28,28,6,critical,0.9065072328405308
True,gate_0.28,28,8,critical,0.7473866972323467
True,gate_0.28,29,0,high,0.8715807347053793
True,gate_0.28,29,1,high,0.9106985614425097
True,gate_0.28,29,6,critical,0.8392948148995821
True,gate_0.28,29,7,critical,0.9670802317788282
True,gate_0.28,29,3,high,0.9644040369979165
True,gate_0.28,29,2,high,0.8264927733001879
True,gate_0.28,29,4,high,0.8068316984537472
True,gate_0.28,29,8,critical,0.874717383473149
True,gate_0.28,30,1,high,0.9607650354587585
True,gate_0.28,30,2,high,0.9065417068318236
True,gate_0.28,30,0,high,0.9066001129335642
True,gate_0.28,30,4,high,0.9055202872918346
True,gate_0.28,30,3,high,0.8358879491194025
True,gate_0.28,30,6,critical,0.9644507607436715
True,gate_0.28,30,7,critical,0.8400616012085853
True,gate_0.28,30,8,critical,1.0000000000000004
True,gate_0.28,31,0,high,0.905498972062982
True,gate_0.28,31,2,high,0.9614264239669803
True,gate_0.28,31,8,critical,0.8981929876834116
True,gate_0.28,31,1,high,0.9079768900164861
True,gate_0.28,31,3,high,0.9103047752813832
True,gate_0.28,31,6,critical,0.8334396731806013
True,gate_0.28,31,7,critical,0.9680964344802273
True,gate_0.28,31,4,high,0.9589470257878809
True,gate_0.28,32,1,high,0.9005634673271221
True,gate_0.28,32,0,high,0.9672890358634045
True,gate_0.28,32,4,high,0.9457566200887662
True,gate_0.28,32,2,high,0.913559499054633
True,gate_0.28,32,7,critical,0.8308663101685836
True,gate_0.28,32,8,critical,0.9599176326132791
True,gate_0.28,32,6,critical,0.9591014939058428
True,gate_0.28,32,3,high,0.9419790193524673
True,gate_0.28,33,6,critical,0.9067190808211576
True,gate_0.28,33,1,high,0.8208734230997443
True,gate_0.28,33,0,high,0.8715807347053793
True,gate_0.28,33,3,high,0.9085926035062714
True,gate_0.28,33,2,high,0.9637420562363994
True,gate_0.28,33,8,critical,0.8331745890148732
True,gate_0.28,33,5,high,0.9816409638202972
True,gate_0.28,33,7,critical,0.9680964344802273
True,gate_0.28,34,3,high,0.9425062683657464
True,gate_0.28,34,1,high,0.812008272538682
True,gate_0.28,34,2,high,0.9999999999999988
True,gate_0.28,34,6,critical,0.9122863005490183
True,gate_0.28,34,0,high,0.9046950177318317
True,gate_0.28,34,5,high,0.9456009511060705
True,gate_0.28,34,8,critical,0.8315948253493883
True,gate_0.28,34,7,critical,0.9069871899334965
True,gate_0.28,35,0,high,0.960570932013965
True,gate_0.28,35,7,critical,1.0000000000000009
True,gate_0.28,35,4,high,0.9652642903955901
True,gate_0.28,35,3,high,0.965615595864255
True,gate_0.28,35,1,high,0.8319212798018767
True,gate_0.28,35,8,critical,0.8996888203405337
True,gate_0.28,35,2,high,0.915816033477534
True,gate_0.28,35,6,critical,0.9607928659585531
True,gate_0.28,36,3,high,0.892338715580027
True,gate_0.28,36,1,high,0.8420035991488624
True,gate_0.28,36,0,high,0.8715807347053793
True,gate_0.28,36,2,high,0.9046623489300964
True,gate_0.28,36,6,critical,0.8156833154276443
True,gate_0.28,36,4,high,0.8929851473535305
True,gate_0.28,36,7,critical,0.9000311732037745
True,gate_0.28,36,8,critical,0.8654789165764982
True,gate_0.28,37,2,high,0.9999999999999988
True,gate_0.28,37,0,high,0.8982941894827193
True,gate_0.28,37,6,critical,0.9608073345447744
True,gate_0.28,37,3,high,0.965615595864255
True,gate_0.28,37,4,high,0.957494312324975
True,gate_0.28,37,8,critical,0.8655298176051662
True,gate_0.28,37,7,critical,0.9647552765763503
True,gate_0.28,37,1,high,0.8704956580022899
True,gate_0.28,38,0,high,0.9114545879685121
True,gate_0.28,38,1,high,0.9124159442719726
True,gate_0.28,38,3,high,0.8115311595451736
True,gate_0.28,38,5,high,0.9666659176185624
True,gate_0.28,38,2,high,0.9109071509742878
True,gate_0.28,38,7,critical,0.9639716764205343
True,gate_0.28,38,8,critical,0.9580250424007942
True,gate_0.28,38,6,critical,0.9096748749302742
True,gate_0.28,39,1,high,0.9607650354587585
True,gate_0.28,39,0,high,0.9111961503958639
True,gate_0.28,39,7,critical,1.0000000000000009
True,gate_0.28,39,3,high,0.9080540331223098
True,gate_0.28,39,5,high,0.9229214551709118
True,gate_0.28,39,2,high,0.9147595092153709
True,gate_0.28,39,8,critical,0.8964286974203396
True,gate_0.28,39,6,critical,0.9679773641829024
