seed,margin,hard_value,utility_capture,address_precision,wrong_address_rate,writes,replacements,blocked,template_holds,template_overlap_mean,template_overlap_min,exact_topology_rate
20,auto,False,0.8876019539797995,1.0,0.0,15,7,0,18,1.0,0.9999999999999988,1.0
21,auto,False,0.8460842309729852,1.0,0.0,16,8,0,29,1.0,0.9999999999999988,1.0
22,auto,False,0.8484322129483441,1.0,0.0,19,11,0,55,1.0,0.9999999999999988,1.0
23,auto,False,0.8958741830065388,1.0,0.0,22,14,0,26,1.0,0.9999999999999988,1.0
24,auto,False,0.8756393719699346,1.0,0.0,26,18,0,29,1.0000000000000002,0.9999999999999988,1.0
25,auto,False,0.7892115990365035,1.0,0.0,11,3,0,37,1.0000000000000002,0.9999999999999988,1.0
26,auto,False,0.8237539721469876,1.0,0.0,14,6,0,46,1.0,0.9999999999999988,1.0
27,auto,False,0.8075929195917154,1.0,0.0,17,9,0,61,1.0000000000000002,0.9999999999999988,1.0
28,auto,False,0.8378711484593864,1.0,0.0,19,11,0,49,1.0000000000000002,0.9999999999999988,1.0
29,auto,False,0.8200825367414851,1.0,0.0,18,10,0,51,1.0000000000000002,0.9999999999999988,1.0
30,auto,False,0.8794318456235893,1.0,0.0,18,10,0,30,1.0000000000000002,0.9999999999999994,1.0
31,auto,False,0.8315644353021008,1.0,0.0,16,8,0,53,1.0000000000000002,0.9999999999999988,1.0
32,auto,False,0.850601946721313,1.0,0.0,19,11,0,44,1.0000000000000004,0.9999999999999994,1.0
33,auto,False,0.87525708289612,1.0,0.0,16,8,0,36,1.0,0.9999999999999988,1.0
34,auto,False,0.8626051762701059,1.0,0.0,18,10,0,39,1.0,0.9999999999999988,1.0
35,auto,False,0.8629955253749491,1.0,0.0,19,11,0,39,1.0000000000000004,0.9999999999999994,1.0
36,auto,False,0.7764768612117067,1.0,0.0,18,10,0,51,1.0,0.9999999999999988,1.0
37,auto,False,0.8632534164988219,1.0,0.0,14,6,0,51,1.0,0.9999999999999988,1.0
38,auto,False,0.8396863957597194,1.0,0.0,19,11,0,58,1.0000000000000002,0.9999999999999988,1.0
39,auto,False,0.8604839915418973,1.0,0.0,26,18,0,41,1.0,0.9999999999999988,1.0
40,auto,False,0.8426834420919226,1.0,0.0,14,6,0,40,1.0,0.9999999999999988,1.0
41,auto,False,0.8347931399900544,1.0,0.0,13,5,0,40,1.0000000000000002,0.9999999999999988,1.0
42,auto,False,0.8583897438129883,1.0,0.0,23,15,0,33,1.0,0.9999999999999988,1.0
43,auto,False,0.86697588543895,1.0,0.0,18,10,0,40,1.0,0.9999999999999988,1.0
44,auto,False,0.8764792899408308,1.0,0.0,17,9,0,38,1.0,0.9999999999999988,1.0
45,auto,False,0.8498703901365839,1.0,0.0,17,9,0,57,1.0000000000000004,0.9999999999999994,1.0
46,auto,False,0.8679950452759282,1.0,0.0,19,11,0,49,1.0,0.9999999999999988,1.0
47,auto,False,0.8286712513544018,1.0,0.0,12,4,0,47,1.0000000000000002,0.9999999999999988,1.0
48,auto,False,0.8416697435006435,1.0,0.0,20,12,0,50,1.0,0.9999999999999988,1.0
49,auto,False,0.802770820641262,1.0,0.0,14,6,0,52,1.0,0.9999999999999988,1.0
20,0.28,False,0.8721292632788865,1.0,0.0,11,3,28,13,1.0,0.9999999999999988,1.0
21,0.28,False,0.8449805756666106,1.0,0.0,11,3,10,28,1.0,0.9999999999999988,1.0
22,0.28,False,0.8690503045341783,1.0,0.0,9,1,20,35,1.0,0.9999999999999988,1.0
23,0.28,False,0.8856617647058851,1.0,0.0,10,2,43,17,1.0,0.9999999999999988,1.0
24,0.28,False,0.8895610016456899,1.0,0.0,8,0,33,18,1.0000000000000002,0.9999999999999988,1.0
25,0.28,False,0.7892115990365035,1.0,0.0,9,1,7,34,1.0000000000000002,0.9999999999999988,1.0
26,0.28,False,0.8184222312269425,1.0,0.0,11,3,18,40,1.0,0.9999999999999988,1.0
27,0.28,False,0.7935957620913924,1.0,0.0,12,4,41,44,1.0000000000000002,0.9999999999999988,1.0
28,0.28,False,0.8397759103641486,1.0,0.0,13,5,24,36,1.0000000000000002,0.9999999999999988,1.0
29,0.28,False,0.8195772097528132,1.0,0.0,11,3,13,49,1.0000000000000002,0.9999999999999988,1.0
30,0.28,False,0.8935039845447987,1.0,0.0,10,2,29,4,1.0,0.9999999999999988,1.0
31,0.28,False,0.8446944000700286,1.0,0.0,10,2,18,35,1.0000000000000002,0.9999999999999988,1.0
32,0.28,False,0.8543587773224063,1.0,0.0,9,1,34,24,1.0,0.9999999999999988,1.0
33,0.28,False,0.8803777544596038,1.0,0.0,9,1,19,24,1.0,0.9999999999999988,1.0
34,0.28,False,0.8776227500266297,1.0,0.0,10,2,19,21,1.0,0.9999999999999988,1.0
35,0.28,False,0.8681447170193178,1.0,0.0,12,4,16,31,1.0000000000000002,0.9999999999999988,1.0
36,0.28,False,0.7809202195019024,1.0,0.0,10,2,14,47,1.0,0.9999999999999988,1.0
37,0.28,False,0.86955580100925,1.0,0.0,8,0,28,29,1.0,0.9999999999999988,1.0
38,0.28,False,0.8538427561837476,1.0,0.0,9,1,27,42,1.0000000000000002,0.9999999999999988,1.0
39,0.28,False,0.864499455349326,1.0,0.0,12,4,29,34,1.0,0.9999999999999988,1.0
40,0.28,False,0.8473780573682007,1.0,0.0,9,1,21,25,1.0,0.9999999999999988,1.0
41,0.28,False,0.8401998313112335,1.0,0.0,9,1,3,39,1.0000000000000002,0.9999999999999988,1.0
42,0.28,False,0.8744531267004794,1.0,0.0,9,1,31,13,1.0,0.9999999999999988,1.0
43,0.28,False,0.882061558552678,1.0,0.0,8,0,20,22,1.0,0.9999999999999988,1.0
44,0.28,False,0.8859890109890135,1.0,0.0,9,1,19,24,1.0,0.9999999999999988,1.0
45,0.28,False,0.8626135447753102,1.0,0.0,9,1,23,37,1.0,0.9999999999999988,1.0
46,0.28,False,0.8793567401332667,1.0,0.0,9,1,37,19,1.0,0.9999999999999988,1.0
47,0.28,False,0.8341994118037307,1.0,0.0,9,1,9,37,1.0000000000000002,0.9999999999999988,1.0
48,0.28,False,0.8502921182373029,1.0,0.0,10,2,27,34,1.0,0.9999999999999988,1.0
49,0.28,False,0.8173695254856855,1.0,0.0,9,1,8,40,1.0,0.9999999999999988,1.0
20,auto,True,0.8772131473663292,1.0,0.0,19,11,0,40,1.0,0.9999999999999988,1.0
21,auto,True,0.8295514744834916,1.0,0.0,21,13,0,46,1.0,0.9999999999999988,1.0
22,auto,True,0.8494698849537586,1.0,0.0,23,15,0,73,1.0,0.9999999999999988,1.0
23,auto,True,0.898284313725493,1.0,0.0,21,13,0,41,1.0,0.9999999999999988,1.0
24,auto,True,0.866476893652984,1.0,0.0,30,22,0,52,1.0000000000000002,0.9999999999999988,1.0
25,auto,True,0.7730915323327793,1.0,0.0,24,16,0,44,1.0,0.9999999999999988,1.0
26,auto,True,0.811490968030883,1.0,0.0,24,16,0,61,1.0,0.9999999999999988,1.0
27,auto,True,0.7830225246565329,1.0,0.0,32,24,0,70,1.0000000000000002,0.9999999999999988,1.0
28,auto,True,0.8295798319327755,1.0,0.0,26,18,0,64,1.0000000000000002,0.9999999999999994,1.0
29,auto,True,0.8198719838295387,1.0,0.0,20,12,0,52,1.0000000000000002,0.9999999999999988,1.0
30,auto,True,0.8808588175890784,1.0,0.0,19,11,0,44,1.0,0.9999999999999988,1.0
31,auto,True,0.8327898986804405,1.0,0.0,20,12,0,64,1.0,0.9999999999999988,1.0
32,auto,True,0.8438994193989083,1.0,0.0,25,17,0,48,1.0000000000000004,0.9999999999999994,1.0
33,auto,True,0.8598321091290684,1.0,0.0,30,22,0,46,1.0,0.9999999999999988,1.0
34,auto,True,0.8722334646927283,1.0,0.0,16,8,0,39,1.0,0.9999999999999988,1.0
35,auto,True,0.8488521125177096,1.0,0.0,30,22,0,59,1.0000000000000002,0.9999999999999988,1.0
36,auto,True,0.7744106996067655,1.0,0.0,24,16,0,65,1.0,0.9999999999999988,1.0
37,auto,True,0.8605245489788427,1.0,0.0,26,18,0,59,1.0,0.9999999999999988,1.0
38,auto,True,0.8369037102473519,1.0,0.0,20,12,0,65,1.0000000000000002,0.9999999999999988,1.0
39,auto,True,0.8480317819688608,1.0,0.0,30,22,0,62,1.0,0.9999999999999988,1.0
40,auto,True,0.8225435425566895,1.0,0.0,25,17,0,50,1.0,0.9999999999999988,1.0
41,auto,True,0.8138368044291643,1.0,0.0,22,14,0,74,1.0000000000000002,0.9999999999999988,1.0
42,auto,True,0.8704916962322903,1.0,0.0,19,11,0,42,1.0000000000000002,0.9999999999999988,1.0
43,auto,True,0.8733253777047281,1.0,0.0,19,11,0,40,1.0,0.9999999999999988,1.0
44,auto,True,0.8713229078613717,1.0,0.0,22,14,0,57,1.0,0.9999999999999988,1.0
45,auto,True,0.8425076785675419,1.0,0.0,27,19,0,69,1.0,0.9999999999999988,1.0
46,auto,True,0.8646634204681374,1.0,0.0,26,18,0,51,1.0000000000000004,0.9999999999999994,1.0
47,auto,True,0.8278973088914954,1.0,0.0,17,9,0,55,1.0000000000000002,0.9999999999999988,1.0
48,auto,True,0.8324175227504748,1.0,0.0,32,24,0,57,1.0,0.9999999999999988,1.0
49,auto,True,0.8009431620749587,1.0,0.0,19,11,0,56,1.0,0.9999999999999988,1.0
20,0.28,True,0.8722618863420373,1.0,0.0,11,3,39,24,1.0,0.9999999999999988,1.0
21,0.28,True,0.8405659544411117,1.0,0.0,13,5,24,32,1.0,0.9999999999999988,1.0
22,0.28,True,0.858899165350781,1.0,0.0,12,4,35,48,1.0,0.9999999999999988,1.0
23,0.28,True,0.9003267973856237,1.0,0.0,11,3,25,33,1.0000000000000002,0.9999999999999988,1.0
24,0.28,True,0.8628741715963192,1.0,0.0,10,2,65,29,1.0000000000000002,0.9999999999999988,1.0
25,0.28,True,0.7894200481749138,1.0,0.0,10,2,28,37,1.0,0.9999999999999988,1.0
26,0.28,True,0.8213866791784875,1.0,0.0,12,4,26,50,1.0000000000000004,0.9999999999999994,1.0
27,0.28,True,0.7946078642491081,1.0,0.0,10,2,57,48,1.0000000000000002,0.9999999999999988,1.0
28,0.28,True,0.8354957983193306,1.0,0.0,15,7,36,48,1.0,0.9999999999999988,1.0
29,0.28,True,0.824946309007456,1.0,0.0,13,5,10,51,1.0000000000000002,0.9999999999999988,1.0
30,0.28,True,0.8902109723167466,1.0,0.0,11,3,33,20,1.0,0.9999999999999988,1.0
31,0.28,True,0.8446944000700286,1.0,0.0,10,2,29,44,1.0000000000000002,0.9999999999999988,1.0
32,0.28,True,0.8578808060109309,1.0,0.0,13,5,42,29,1.0,0.9999999999999988,1.0
33,0.28,True,0.8814270724029406,1.0,0.0,9,1,44,28,1.0,0.9999999999999988,1.0
34,0.28,True,0.880072425178403,1.0,0.0,12,4,10,30,1.0,0.9999999999999988,1.0
35,0.28,True,0.870460728981632,1.0,0.0,12,4,41,36,1.0000000000000002,0.9999999999999988,1.0
36,0.28,True,0.7786541067739026,1.0,0.0,12,4,31,55,1.0,0.9999999999999988,1.0
37,0.28,True,0.8686028631451304,1.0,0.0,13,5,36,45,1.0,0.9999999999999988,1.0
38,0.28,True,0.84695229681979,1.0,0.0,9,1,40,44,1.0000000000000002,0.9999999999999988,1.0
39,0.28,True,0.8613169866934385,1.0,0.0,14,6,39,44,1.0,0.9999999999999988,1.0
40,0.28,True,0.8427538613210668,1.0,0.0,12,4,29,27,1.0000000000000002,0.9999999999999988,1.0
41,0.28,True,0.8401998313112335,1.0,0.0,9,1,20,54,1.0000000000000002,0.9999999999999988,1.0
42,0.28,True,0.8690116013320881,1.0,0.0,12,4,26,31,1.0,0.9999999999999988,1.0
43,0.28,True,0.882061558552678,1.0,0.0,8,0,34,25,1.0,0.9999999999999988,1.0
44,0.28,True,0.8859890109890135,1.0,0.0,9,1,37,37,1.0,0.9999999999999988,1.0
45,0.28,True,0.8509595486527144,1.0,0.0,12,4,52,43,1.0,0.9999999999999988,1.0
46,0.28,True,0.8772851529130377,1.0,0.0,10,2,49,22,1.0000000000000002,0.9999999999999988,1.0
47,0.28,True,0.8341994118037307,1.0,0.0,10,2,11,49,1.0000000000000002,0.9999999999999988,1.0
48,0.28,True,0.8502921182373029,1.0,0.0,10,2,57,37,1.0,0.9999999999999988,1.0
49,0.28,True,0.8032672217333445,1.0,0.0,12,4,26,41,1.0000000000000002,0.9999999999999988,1.0
